client_num,target
0,0
10,6
11,1
14,4
16,1
20,1
21,4
23,4
24,1
28,4
29,1
30,1
35,1
37,4
42,1
44,1
45,4
49,1
51,1
53,1
54,4
55,1
59,1
60,1
64,5
66,1
67,0
80,4
81,4
84,1
90,1
92,1
94,0
97,4
99,1
100,1
103,1
106,6
111,1
116,1
120,1
122,1
124,1
126,0
128,1
129,1
134,4
136,4
137,1
142,4
143,6
144,0
145,1
146,1
147,4
149,1
152,1
157,1
167,1
173,1
176,4
178,4
179,1
182,1
183,1
184,4
185,6
189,4
190,1
191,1
193,4
198,1
202,4
204,1
210,1
212,4
214,1
215,1
217,1
222,4
223,4
225,4
232,0
234,0
239,1
240,1
241,4
243,1
244,1
251,4
252,6
255,1
258,1
260,4
266,1
267,1
268,1
270,4
272,5
275,0
280,1
282,4
287,1
288,1
289,1
294,1
296,1
297,4
299,1
300,1
301,1
306,1
308,1
310,0
312,0
316,4
317,3
319,1
320,0
321,1
322,3
324,1
328,1
329,1
333,1
338,1
341,4
346,4
350,1
352,4
353,0
354,1
355,1
357,4
361,1
365,4
366,0
367,4
369,4
370,4
371,0
377,6
379,1
380,1
381,6
383,1
386,4
395,4
399,0
401,1
403,1
404,1
406,1
409,1
411,1
413,4
415,1
417,4
423,1
425,6
426,1
427,1
429,0
432,1
434,1
438,1
439,4
441,1
442,1
446,1
447,1
448,1
454,1
455,1
456,1
460,1
462,1
463,1
467,6
468,0
469,1
470,1
477,1
482,4
483,1
485,1
487,4
489,1
491,1
493,0
498,4
500,1
501,0
504,1
506,1
507,4
508,4
509,1
512,1
513,1
514,1
515,1
516,1
520,1
521,1
527,1
529,1
533,1
534,1
535,0
538,1
540,1
544,0
545,1
551,1
553,1
567,4
569,1
570,1
571,4
579,1
587,0
588,1
590,1
592,1
593,1
595,1
596,2
598,1
599,4
600,1
603,4
610,1
611,1
616,1
625,4
630,1
635,1
636,1
637,4
638,1
642,1
644,1
645,1
648,5
651,1
652,1
655,1
656,1
662,1
664,0
668,4
671,6
672,1
673,1
675,1
678,0
679,6
681,1
682,1
683,6
684,1
685,4
687,1
689,1
690,4
692,0
695,4
696,1
697,5
700,4
710,4
713,0
714,1
715,4
716,6
717,1
719,1
723,4
725,4
726,0
727,4
730,1
731,1
734,0
735,5
736,1
737,0
738,1
739,0
743,1
744,4
746,4
748,4
750,1
751,1
755,1
756,1
757,6
759,1
760,1
762,1
763,4
765,1
768,1
773,1
776,2
781,1
782,1
784,1
785,1
786,1
791,0
795,1
803,1
807,4
809,4
814,0
816,0
818,1
821,4
822,4
827,0
828,4
831,1
832,6
834,1
838,1
840,1
841,6
842,1
847,1
849,1
851,6
853,5
854,1
856,1
861,3
864,3
868,1
879,4
881,1
882,1
883,1
898,5
899,1
903,4
905,4
906,0
907,4
910,1
915,4
919,1
925,1
928,1
931,4
932,5
934,4
935,1
936,1
941,4
943,0
946,1
948,4
949,1
951,4
954,4
956,1
965,1
966,1
969,4
972,1
973,1
974,1
980,1
981,1
984,3
985,1
987,1
989,1
990,4
998,4
1000,1
1002,1
1008,4
1012,1
1013,1
1020,4
1021,4
1028,4
1029,5
1030,1
1032,1
1047,1
1048,4
1060,1
1061,4
1062,1
1063,1
1070,6
1074,2
1077,0
1078,1
1080,1
1083,3
1086,4
1087,1
1097,4
1101,4
1102,0
1106,4
1107,1
1108,4
1112,1
1113,1
1118,1
1119,1
1120,4
1121,1
1122,1
1123,1
1124,1
1128,4
1133,1
1134,4
1135,1
1137,1
1143,4
1145,1
1147,1
1150,2
1155,0
1156,1
1159,1
1160,1
1161,1
1163,4
1165,1
1166,4
1167,1
1170,4
1174,4
1176,1
1181,1
1182,1
1187,4
1188,1
1194,1
1198,1
1200,5
1202,1
1203,4
1206,1
1208,1
1211,4
1213,1
1214,1
1215,1
1218,1
1222,1
1224,1
1225,4
1230,1
1233,1
1234,4
1242,1
1243,4
1244,4
1249,1
1260,0
1266,1
1268,1
1273,1
1274,1
1276,6
1277,1
1279,1
1280,1
1285,1
1286,1
1287,4
1288,1
1289,1
1298,4
1300,1
1301,1
1302,4
1304,1
1308,1
1312,6
1313,1
1314,1
1315,1
1316,1
1318,1
1320,1
1322,4
1330,1
1331,5
1333,1
1334,1
1338,1
1340,4
1344,1
1350,1
1358,4
1359,1
1363,3
1367,1
1368,4
1369,4
1371,0
1373,1
1374,1
1377,2
1385,1
1394,4
1401,0
1404,1
1407,4
1412,0
1416,4
1417,4
1418,1
1420,4
1421,1
1423,4
1425,4
1428,4
1429,5
1430,1
1433,1
1434,3
1445,1
1450,0
1455,1
1457,3
1461,1
1465,1
1468,0
1469,1
1472,1
1482,1
1483,1
1484,1
1488,0
1489,3
1490,1
1492,1
1499,4
1500,4
1503,4
1506,1
1508,1
1511,3
1523,4
1525,1
1526,4
1528,1
1529,1
1531,1
1534,1
1535,1
1537,1
1538,1
1539,1
1540,1
1543,1
1546,1
1556,1
1559,0
1560,1
1563,1
1565,0
1574,3
1575,0
1577,4
1579,4
1587,1
1590,6
1592,1
1593,1
1598,4
1599,1
1606,1
1607,1
1608,4
1609,1
1611,1
1612,4
1614,4
1619,4
1620,1
1625,4
1630,4
1632,1
1641,4
1643,4
1644,1
1646,1
1647,4
1648,1
1650,1
1655,1
1658,5
1660,1
1662,4
1664,1
1667,4
1668,6
1670,4
1672,1
1676,4
1677,1
1678,6
1692,4
1694,1
1696,4
1699,4
1701,1
1702,1
1710,1
1713,4
1715,1
1727,4
1728,4
1731,1
1734,1
1737,1
1738,4
1739,1
1745,1
1748,4
1749,1
1755,4
1759,4
1764,0
1771,1
1774,1
1775,4
1777,4
1779,1
1780,4
1789,4
1792,4
1794,4
1800,6
1801,0
1813,4
1816,4
1817,4
1822,4
1823,4
1824,1
1828,4
1829,4
1831,1
1832,1
1833,1
1835,0
1843,1
1845,1
1847,1
1848,0
1850,1
1854,1
1860,1
1861,4
1863,1
1865,1
1867,4
1868,3
1869,0
1881,0
1882,4
1885,4
1890,1
1892,4
1895,4
1900,1
1902,1
1903,1
1904,1
1906,4
1912,4
1913,1
1917,1
1918,1
1919,4
1924,1
1933,0
1934,5
1936,1
1937,1
1938,0
1939,4
1940,0
1941,1
1944,1
1948,0
1951,1
1955,0
1956,1
1958,1
1959,1
1960,1
1961,1
1962,1
1963,4
1965,1
1967,2
1970,4
1971,1
1973,5
1980,1
1981,1
1983,0
1988,6
1990,4
1991,1
1993,1
1994,1
1998,1
1999,4
2000,1
2002,1
2004,0
2005,4
2008,1
2014,1
2017,4
2021,4
2022,1
2023,0
2024,1
2026,1
2027,1
2039,1
2040,0
2041,4
2042,4
2043,1
2046,4
2048,1
2051,0
2058,4
2064,4
2067,0
2069,1
2072,1
2073,4
2074,1
2086,1
2087,1
2088,1
2089,5
2090,5
2091,4
2093,1
2095,4
2097,4
2098,1
2101,1
2103,1
2105,1
2111,1
2112,1
2113,1
2121,1
2122,1
2123,1
2124,1
2125,4
2126,4
2131,1
2137,1
2138,1
2139,1
2140,1
2143,4
2146,1
2153,1
2155,3
2156,4
2157,1
2161,1
2168,4
2169,4
2176,1
2178,1
2182,4
2184,1
2188,0
2189,1
2194,1
2196,1
2198,1
2199,4
2203,1
2204,1
2206,1
2209,4
2210,1
2211,0
2212,1
2213,1
2214,1
2218,0
2219,1
2223,1
2225,1
2226,1
2227,1
2229,5
2232,1
2235,4
2238,0
2239,4
2240,4
2241,4
2244,1
2247,0
2250,1
2251,1
2253,1
2254,4
2256,4
2262,4
2263,1
2264,1
2265,4
2267,1
2268,4
2270,4
2272,4
2273,1
2275,1
2276,1
2278,1
2284,1
2285,4
2286,3
2293,1
2294,1
2296,1
2297,1
2298,1
2300,4
2306,1
2307,1
2309,0
2314,1
2321,1
2328,5
2330,1
2335,4
2336,1
2338,0
2343,1
2349,1
2352,4
2356,1
2361,3
2362,1
2363,1
2366,6
2370,1
2371,1
2374,1
2377,4
2379,1
2383,4
2387,4
2392,1
2397,0
2398,1
2399,0
2401,4
2402,1
2409,4
2413,1
2415,1
2417,1
2422,1
2425,1
2427,1
2428,1
2439,4
2441,4
2442,1
2446,1
2447,0
2448,4
2449,1
2450,4
2454,1
2458,1
2463,1
2467,4
2469,1
2470,4
2471,4
2472,4
2473,4
2477,1
2480,0
2482,1
2488,1
2491,3
2493,5
2495,1
2497,0
2507,0
2509,4
2512,0
2514,1
2515,1
2519,1
2520,1
2521,4
2529,1
2530,2
2532,6
2533,1
2538,1
2539,1
2540,1
2541,5
2542,1
2545,1
2549,1
2550,1
2551,6
2554,1
2557,1
2560,1
2563,1
2566,1
2567,4
2569,1
2574,1
2576,4
2580,0
2581,1
2583,1
2584,4
2589,1
2590,0
2594,4
2596,0
2597,1
2599,4
2602,1
2604,1
2605,5
2608,4
2609,1
2610,0
2611,4
2612,1
2617,0
2618,3
2620,1
2621,4
2622,1
2624,1
2630,1
2634,0
2636,1
2638,1
2645,0
2653,1
2655,1
2659,1
2661,4
2665,1
2666,1
2668,1
2669,1
2670,1
2672,1
2680,1
2681,1
2686,4
2690,4
2693,1
2698,0
2701,0
2702,1
2703,1
2704,4
2707,4
2711,4
2713,1
2716,1
2723,4
2726,4
2729,3
2730,4
2732,0
2737,4
2738,1
2744,1
2747,1
2748,0
2751,0
2752,1
2758,4
2762,1
2765,4
2776,0
2780,1
2785,1
2788,1
2792,1
2793,1
2794,0
2795,1
2796,1
2798,1
2801,0
2803,1
2805,1
2806,1
2815,4
2818,1
2819,1
2820,1
2821,6
2823,1
2824,1
2826,1
2829,1
2830,1
2832,1
2836,1
2838,0
2839,1
2843,4
2844,0
2845,6
2847,1
2849,1
2853,4
2858,4
2860,1
2861,0
2864,4
2866,1
2868,6
2871,1
2872,0
2873,1
2878,1
2885,1
2888,3
2890,0
2896,1
2900,1
2904,1
2906,1
2912,4
2916,4
2917,1
2918,1
2919,4
2922,1
2923,1
2926,1
2932,1
2945,1
2952,1
2954,1
2955,1
2956,4
2958,1
2960,1
2962,4
2965,6
2967,0
2968,1
2970,5
2973,1
2976,1
2977,4
2978,0
2989,4
2990,4
2991,1
2993,1
2994,1
2997,0
2998,1
2999,1
3002,1
3003,4
3009,1
3012,1
3013,1
3014,1
3022,1
3023,4
3024,1
3025,1
3026,0
3027,4
3031,4
3035,4
3036,3
3037,1
3039,1
3041,4
3044,1
3047,1
3052,1
3054,4
3055,0
3057,1
3066,1
3070,1
3071,1
3072,1
3074,3
3076,1
3077,4
3079,1
3080,1
3084,1
3085,1
3086,4
3088,1
3089,1
3090,1
3091,6
3093,0
3100,1
3104,0
3105,1
3106,1
3108,1
3109,4
3113,0
3115,4
3120,3
3121,1
3125,1
3127,1
3136,1
3137,1
3139,1
3143,4
3144,1
3146,1
3152,3
3154,1
3159,5
3166,2
3168,4
3172,1
3173,4
3175,4
3176,3
3181,0
3182,1
3184,1
3185,1
3186,1
3190,1
3191,1
3193,4
3197,1
3198,1
3200,1
3201,4
3203,0
3204,4
3207,1
3209,0
3210,3
3211,1
3212,1
3215,4
3218,1
3219,1
3223,1
3227,1
3231,1
3233,1
3238,1
3240,4
3241,3
3243,1
3244,1
3246,1
3251,1
3252,3
3253,1
3258,1
3259,1
3261,1
3262,0
3268,1
3271,1
3276,1
3277,4
3278,0
3280,4
3281,4
3283,4
3286,1
3292,1
3295,6
3298,5
3302,1
3304,1
3305,1
3306,1
3308,1
3314,1
3315,0
3316,1
3317,4
3318,1
3319,5
3321,1
3326,4
3328,4
3331,1
3342,1
3345,1
3348,1
3351,1
3354,1
3356,1
3369,1
3370,1
3371,1
3374,1
3375,1
3376,4
3383,1
3384,1
3386,1
3389,0
3393,1
3396,4
3398,1
3401,1
3409,4
3411,1
3413,1
3414,0
3416,1
3418,1
3419,1
3420,1
3424,1
3427,1
3435,0
3438,0
3439,4
3441,1
3443,0
3444,4
3445,5
3446,1
3448,1
3451,1
3452,1
3453,1
3455,4
3457,1
3458,1
3460,1
3462,4
3463,3
3466,1
3483,1
3485,1
3486,1
3492,1
3493,1
3495,4
3496,1
3500,1
3504,1
3507,1
3508,4
3514,1
3515,1
3516,1
3517,1
3519,4
3523,1
3525,1
3527,1
3529,1
3534,1
3538,1
3540,4
3544,1
3547,1
3552,1
3553,1
3554,0
3555,1
3562,1
3567,5
3571,1
3573,1
3578,1
3581,4
3583,4
3584,1
3585,4
3586,1
3596,4
3597,1
3604,4
3605,1
3607,1
3608,0
3609,3
3612,0
3613,1
3619,1
3624,1
3626,1
3628,1
3630,1
3631,1
3634,1
3638,1
3642,6
3651,6
3654,1
3657,1
3658,0
3662,1
3663,1
3665,4
3666,4
3667,5
3671,1
3677,1
3678,1
3679,1
3682,4
3685,1
3686,0
3690,1
3694,1
3698,0
3700,1
3702,4
3706,1
3707,1
3710,4
3722,1
3723,1
3724,5
3725,4
3726,6
3729,1
3731,0
3739,1
3742,4
3745,0
3746,4
3749,1
3750,1
3751,1
3756,4
3759,4
3775,1
3783,1
3785,1
3786,1
3788,4
3792,1
3800,1
3801,1
3802,1
3803,4
3805,4
3809,4
3820,1
3822,1
3825,1
3831,3
3834,3
3835,4
3840,4
3842,1
3844,1
3854,1
3860,0
3862,4
3865,1
3866,1
3867,1
3868,0
3869,1
3870,1
3872,6
3875,1
3878,1
3881,1
3882,1
3884,1
3886,1
3888,1
3889,4
3891,6
3892,1
3893,1
3900,1
3901,4
3902,1
3903,1
3904,1
3907,1
3912,1
3915,0
3916,0
3918,1
3921,1
3935,1
3943,1
3944,4
3945,0
3946,1
3947,1
3955,1
3960,1
3961,0
3963,0
3968,4
3972,1
3976,4
3978,1
3979,4
3982,1
3986,1
3990,1
3995,6
3998,1
4002,4
4003,1
4004,4
4006,6
4007,0
4009,1
4011,4
4015,4
4018,0
4019,0
4021,4
4024,4
4025,1
4026,4
4032,1
4033,4
4038,1
4043,1
4045,5
4049,1
4051,4
4057,1
4063,3
4065,1
4068,3
4075,1
4077,4
4083,4
4086,1
4091,4
4099,3
4103,0
4106,1
4107,1
4110,0
4115,1
4118,4
4121,4
4122,1
4123,1
4124,1
4125,1
4126,1
4129,4
4134,1
4136,0
4139,1
4141,1
4143,1
4144,1
4145,1
4146,1
4149,4
4153,0
4154,1
4156,6
4157,1
4159,0
4170,1
4174,4
4175,1
4180,1
4187,1
4188,1
4193,0
4196,4
4198,0
4200,3
4201,6
4207,4
4208,1
4211,1
4217,1
4220,1
4221,1
4222,1
4223,4
4225,1
4230,4
4231,4
4232,1
4233,5
4240,0
4241,1
4243,1
4246,0
4247,1
4258,1
4261,1
4262,3
4264,1
4267,6
4269,4
4271,1
4272,4
4277,1
4278,1
4281,4
4282,1
4285,6
4286,1
4287,1
4292,1
4293,1
4295,4
4297,4
4306,3
4314,1
4317,1
4318,1
4319,1
4320,1
4323,1
4324,1
4329,1
4332,1
4333,5
4339,1
4340,4
4341,6
4343,1
4344,1
4345,1
4347,0
4351,1
4354,4
4357,0
4360,1
4361,1
4364,3
4369,1
4375,0
4378,1
4380,4
4388,4
4389,1
4395,1
4399,1
4404,4
4405,1
4408,1
4412,1
4422,1
4423,1
4432,0
4435,0
4438,1
4439,4
4441,5
4442,0
4444,1
4445,4
4446,1
4447,0
4453,1
4456,1
4458,4
4460,1
4463,1
4467,1
4471,4
4473,1
4475,1
4476,0
4477,0
4479,4
4482,1
4485,4
4487,1
4488,1
4490,1
4492,1
4494,4
4497,4
4500,0
4501,1
4502,1
4508,1
4511,3
4513,0
4522,1
4523,1
4530,4
4532,1
4533,1
4538,4
4539,3
4545,1
4546,1
4551,1
4554,1
4558,5
4560,1
4561,4
4562,1
4564,1
4566,4
4567,1
4569,4
4573,1
4577,4
4578,1
4582,1
4587,1
4589,1
4592,5
4593,1
4594,1
4595,4
4596,1
4597,4
4603,1
4604,1
4605,1
4606,1
4610,4
4611,4
4612,4
4615,1
4623,1
4624,1
4625,1
4626,4
4627,1
4630,1
4634,1
4636,1
4637,1
4638,1
4642,1
4644,1
4646,0
4647,0
4649,1
4650,1
4663,0
4665,1
4667,0
4670,1
4672,4
4676,1
4677,4
4679,0
4682,4
4684,3
4687,4
4688,0
4693,4
4694,4
4700,4
4701,1
4705,0
4707,1
4709,1
4711,6
4713,1
4721,1
4722,1
4723,1
4724,1
4727,4
4729,0
4730,1
4732,1
4735,1
4738,6
4745,1
4747,1
4750,1
4751,1
4754,0
4759,4
4762,1
4770,6
4772,4
4773,0
4781,1
4785,1
4789,0
4790,0
4792,1
4796,4
4799,1
4800,1
4801,5
4806,4
4808,1
4813,4
4815,1
4819,1
4821,1
4823,1
4824,6
4827,1
4828,1
4829,1
4831,1
4836,1
4837,1
4840,1
4847,0
4849,1
4850,1
4852,1
4853,4
4854,1
4856,0
4858,1
4861,1
4863,0
4880,1
4881,1
4883,1
4884,1
4887,1
4889,1
4891,1
4893,4
4898,4
4900,1
4902,4
4903,1
4904,1
4908,4
4911,4
4914,1
4916,1
4917,1
4919,1
4924,1
4926,6
4928,4
4929,3
4931,1
4934,4
4935,1
4941,4
4946,1
4950,6
4960,1
4964,0
4965,1
4966,4
4973,1
4988,1
4989,4
4991,4
4996,4
4998,1
5001,1
5003,1
5004,1
5015,4
5019,1
5026,1
5033,6
5036,1
5039,1
5040,1
5050,4
5051,1
5052,1
5053,1
5054,4
5055,1
5056,1
5058,1
5064,1
5068,4
5069,3
5071,1
5073,1
5085,4
5086,1
5092,1
5094,0
5097,1
5098,4
5101,1
5102,1
5108,1
5110,1
5111,6
5117,1
5122,1
5123,4
5124,4
5125,1
5129,1
5130,1
5137,4
5141,1
5142,1
5144,1
5146,1
5147,1
5152,0
5154,5
5156,1
5157,1
5159,1
5161,1
5165,1
5166,0
5168,1
5172,1
5175,1
5176,1
5177,1
5178,4
5180,1
5181,0
5182,1
5184,1
5191,1
5194,1
5195,1
5199,6
5200,1
5213,1
5218,1
5219,1
5222,1
5223,4
5225,3
5228,4
5233,1
5234,0
5238,0
5239,4
5245,1
5249,1
5254,1
5258,6
5259,0
5261,4
5262,4
5267,1
5273,3
5275,0
5277,4
5282,1
5283,1
5284,4
5287,1
5288,4
5291,4
5293,1
5294,1
5299,6
5301,1
5303,1
5306,1
5307,1
5309,1
5310,1
5317,1
5318,1
5320,4
5323,4
5326,0
5329,0
5332,1
5336,1
5337,4
5341,5
5344,6
5347,4
5349,0
5350,1
5359,1
5360,0
5361,1
5362,1
5363,1
5364,1
5365,1
5369,1
5374,4
5375,1
5378,1
5379,1
5382,4
5390,1
5393,1
5395,1
5398,1
5399,1
5401,0
5404,1
5409,4
5410,3
5413,0
5416,4
5417,4
5419,0
5423,4
5429,1
5432,0
5436,1
5439,0
5440,1
5443,1
5444,1
5449,1
5455,0
5459,0
5460,1
5464,4
5472,1
5473,1
5475,1
5478,1
5482,1
5486,1
5487,1
5488,1
5489,6
5490,4
5496,4
5498,4
5500,4
5501,1
5503,1
5504,4
5506,1
5510,4
5511,0
5514,1
5515,1
5517,1
5521,4
5522,1
5523,4
5527,1
5528,1
5537,1
5542,6
5543,1
5553,0
5554,1
5561,0
5563,1
5565,1
5570,1
5571,1
5575,1
5579,1
5580,1
5584,1
5587,4
5588,4
5591,1
5596,1
5598,1
5600,1
5601,1
5605,6
5615,1
5618,1
5619,1
5620,1
5622,1
5626,0
5627,1
5629,1
5631,0
5640,1
5642,1
5643,1
5646,5
5647,1
5651,1
5652,4
5658,1
5659,4
5661,1
5662,4
5666,3
5668,1
5673,0
5675,0
5676,4
5679,1
5683,1
5697,1
5698,1
5701,1
5703,1
5707,1
5713,1
5715,1
5716,4
5718,1
5719,1
5722,1
5723,1
5725,1
5726,4
5731,1
5742,1
5744,1
5747,1
5749,1
5751,3
5754,1
5756,1
5762,1
5763,1
5770,0
5773,5
5778,1
5780,6
5788,1
5790,1
5793,4
5794,1
5795,0
5796,1
5797,1
5798,1
5806,1
5809,1
5810,1
5811,1
5815,1
5816,1
5818,1
5827,1
5830,1
5831,0
5832,2
5835,1
5837,1
5838,4
5840,6
5843,1
5847,1
5849,1
5851,4
5852,4
5855,5
5859,4
5860,1
5862,1
5864,1
5865,5
5868,1
5884,1
5885,1
5889,1
5891,1
5894,4
5895,5
5901,4
5904,1
5906,1
5910,1
5915,1
5918,6
5920,0
5922,1
5924,6
5926,1
5928,4
5929,1
5933,1
5935,4
5937,6
5939,4
5940,1
5941,1
5942,1
5943,4
5947,4
5954,1
5956,4
5957,4
5959,1
5960,1
5961,3
5968,4
5969,1
5970,1
5976,1
5980,1
5982,1
5983,1
5991,1
5994,0
5995,1
5996,1
5998,1
5999,1
6001,1
6008,1
6011,1
6013,1
6016,4
6020,0
6022,4
6027,1
6028,4
6038,4
6040,1
6042,1
6043,4
6048,1
6052,4
6060,4
6061,0
6062,1
6069,0
6071,1
6076,4
6084,1
6086,4
6087,4
6088,4
6089,1
6095,1
6097,1
6100,4
6102,4
6104,1
6106,0
6108,0
6111,1
6112,1
6121,1
6122,4
6123,4
6125,4
6126,1
6128,1
6129,3
6136,1
6138,1
6140,0
6148,0
6155,0
6157,1
6161,1
6163,1
6164,4
6174,1
6176,1
6177,1
6178,4
6179,4
6180,0
6181,6
6183,1
6184,1
6192,1
6193,0
6194,1
6195,1
6198,0
6199,1
6202,4
6204,2
6207,4
6210,1
6214,1
6215,1
6221,4
6222,4
6225,1
6229,1
6230,1
6231,3
6233,1
6235,1
6239,0
6240,1
6243,4
6245,1
6246,4
6250,1
6251,1
6252,1
6255,4
6261,4
6262,1
6267,1
6268,1
6271,4
6279,1
6284,1
6288,6
6292,0
6298,6
6300,0
6301,0
6308,4
6311,1
6312,1
6314,1
6315,4
6319,1
6323,1
6324,1
6326,1
6329,4
6332,0
6334,1
6335,4
6342,1
6343,1
6347,1
6350,1
6351,1
6356,1
6359,1
6362,4
6364,1
6365,1
6366,1
6367,1
6369,1
6370,0
6371,1
6372,1
6373,1
6374,0
6375,4
6376,1
6379,0
6380,1
6381,1
6383,6
6385,1
6388,1
6390,1
6400,0
6401,4
6402,4
6405,4
6406,0
6407,1
6410,1
6413,4
6418,4
6423,1
6425,1
6427,1
6429,0
6430,1
6431,0
6438,1
6441,1
6442,1
6443,1
6444,4
6448,1
6450,1
6451,4
6454,1
6456,1
6457,1
6459,4
6470,4
6477,1
6478,1
6483,1
6488,4
6489,4
6495,4
6498,6
6506,4
6507,1
6508,1
6510,4
6520,4
6521,1
6523,1
6525,1
6528,4
6533,1
6537,4
6548,4
6549,1
6552,1
6562,1
6572,4
6573,1
6578,4
6584,1
6586,1
6588,4
6595,0
6597,1
6599,0
6601,1
6603,4
6606,1
6610,0
6612,1
6614,4
6619,1
6624,1
6625,1
6631,1
6632,4
6638,4
6642,4
6644,1
6646,0
6649,1
6651,0
6653,1
6658,4
6660,4
6664,1
6665,1
6668,1
6670,4
6671,1
6672,1
6675,4
6676,1
6678,1
6684,4
6687,1
6688,1
6689,4
6690,1
6691,4
6692,1
6696,5
6706,0
6707,1
6708,4
6712,1
6713,0
6720,1
6721,1
6723,1
6725,0
6728,1
6729,4
6732,6
6735,1
6738,1
6740,1
6743,1
6746,1
6749,1
6751,1
6753,5
6754,1
6759,1
6763,1
6764,1
6765,1
6767,6
6769,1
6771,1
6775,1
6779,1
6782,1
6789,1
6793,1
6796,1
6800,1
6801,1
6803,1
6809,1
6812,1
6816,1
6823,1
6824,1
6826,1
6827,1
6830,4
6831,1
6833,1
6835,4
6836,0
6838,6
6839,1
6840,1
6843,4
6845,1
6848,1
6851,1
6852,1
6854,1
6856,1
6857,0
6858,1
6861,4
6863,1
6867,1
6869,1
6872,1
6878,0
6883,1
6884,4
6885,5
6887,1
6888,1
6892,4
6894,4
6895,1
6904,4
6907,1
6908,1
6909,6
6910,1
6911,0
6917,1
6918,1
6919,1
6920,1
6922,1
6928,5
6929,0
6930,4
6937,1
6939,5
6940,1
6943,4
6945,1
6946,1
6948,1
6950,4
6951,0
6953,1
6959,0
6961,0
6965,1
6967,1
6972,0
6973,1
6975,1
6979,1
6985,4
6987,1
6991,4
6993,4
6995,0
6997,1
6998,0
6999,4
7000,1
7001,4
7003,0
7009,0
7010,1
7012,0
7017,1
7018,1
7028,4
7034,1
7035,4
7036,1
7037,1
7038,1
7044,1
7047,1
7050,1
7051,1
7058,1
7060,1
7061,1
7063,6
7071,0
7073,1
7077,1
7079,0
7082,1
7083,4
7085,1
7089,0
7090,4
7091,1
7093,4
7095,4
7102,1
7103,4
7111,1
7112,4
7116,1
7117,3
7118,1
7119,1
7123,1
7127,0
7128,3
7130,0
7131,1
7134,1
7135,1
7137,4
7142,0
7143,1
7144,0
7145,3
7149,4
7150,1
7152,4
7153,4
7154,1
7155,0
7156,1
7161,1
7163,6
7170,6
7172,1
7173,1
7176,2
7183,0
7185,1
7186,4
7189,1
7190,0
7191,0
7193,0
7194,0
7195,1
7196,4
7199,5
7205,1
7209,1
7217,4
7221,1
7222,1
7229,1
7230,1
7231,4
7235,1
7236,1
7237,1
7238,1
7243,1
7247,1
7248,3
7252,6
7253,1
7261,4
7263,4
7264,1
7265,4
7271,4
7272,4
7273,1
7277,1
7278,1
7280,1
7281,4
7283,1
7285,0
7286,0
7287,4
7288,1
7290,1
7293,1
7295,1
7297,1
7298,1
7304,0
7308,1
7309,4
7313,1
7320,1
7321,1
7325,1
7329,1
7335,4
7336,1
7338,4
7339,4
7340,1
7350,1
7351,1
7352,4
7354,1
7355,1
7356,4
7358,1
7362,1
7363,1
7364,1
7368,3
7369,4
7372,4
7377,4
7380,1
7385,1
7386,4
7388,1
7389,4
7391,1
7395,1
7396,1
7398,4
7400,0
7401,4
7402,5
7407,1
7410,4
7411,4
7413,1
7418,1
7425,4
7426,4
7432,1
7435,0
7436,1
7440,1
7441,1
7445,4
7446,1
7448,1
7449,1
7450,0
7452,1
7453,1
7461,1
7464,0
7466,0
7469,1
7473,4
7474,1
7475,1
7481,1
7482,1
7488,4
7492,4
7494,1
7496,1
7498,1
7499,1
7500,1
7501,1
7508,1
7509,1
7511,4
7513,1
7514,1
7515,1
7517,1
7518,1
7530,1
7531,1
7532,4
7534,1
7536,1
7537,1
7538,1
7539,1
7540,1
7546,1
7547,4
7548,1
7549,1
7550,4
7552,4
7558,4
7562,4
7568,1
7576,1
7577,5
7579,4
7582,1
7586,1
7588,4
7589,1
7590,1
7591,1
7600,1
7602,4
7609,0
7610,2
7611,1
7612,4
7613,4
7620,0
7621,4
7627,1
7631,1
7632,4
7633,1
7635,1
7636,1
7638,1
7639,1
7641,1
7643,0
7645,1
7646,1
7650,4
7652,0
7655,4
7659,1
7662,0
7669,1
7670,1
7671,1
7673,1
7675,1
7676,0
7679,0
7682,1
7685,1
7688,0
7689,1
7690,1
7697,1
7699,1
7701,1
7702,1
7707,4
7712,1
7724,1
7726,1
7729,1
7733,1
7736,4
7745,5
7750,0
7751,1
7759,1
7762,1
7765,1
7772,4
7773,4
7778,1
7780,1
7781,4
7785,0
7786,5
7788,5
7790,4
7793,1
7794,1
7796,4
7798,1
7800,4
7801,1
7804,6
7807,6
7812,1
7813,1
7817,1
7822,4
7826,1
7854,1
7855,1
7859,1
7860,0
7861,1
7864,4
7865,4
7868,1
7869,1
7871,4
7877,1
7878,1
7880,5
7886,1
7888,1
7894,1
7897,1
7898,1
7899,4
7901,4
7904,4
7912,1
7913,4
7918,1
7925,1
7926,1
7939,1
7941,1
7942,4
7943,1
7944,1
7947,0
7948,6
7949,1
7950,1
7954,1
7955,1
7959,4
7966,1
7971,0
7976,1
7977,1
7978,4
7979,1
7987,0
7995,1
7996,1
8000,1
8012,1
8016,1
8017,0
8020,1
8021,5
8022,1
8031,4
8032,1
8038,1
8043,1
8045,1
8046,1
8052,4
8053,4
8054,4
8060,4
8064,1
8077,1
8078,1
8082,5
8084,4
8085,0
8086,1
8087,0
8093,1
8098,1
8101,1
8104,1
8107,1
8108,4
8109,1
8115,1
8116,0
8120,1
8124,1
8128,1
8130,6
8134,4
8135,1
8139,1
8141,1
8142,4
8144,1
8145,1
8146,4
8151,1
8152,1
8153,0
8155,1
8157,4
8159,1
8162,6
8164,1
8169,1
8170,1
8172,1
8176,1
8179,4
8184,1
8187,0
8189,1
8194,1
8197,4
8199,1
8200,1
8203,1
8205,1
8217,1
8220,1
8221,1
8222,6
8223,1
8227,0
8229,1
8231,1
8234,0
8235,1
8240,4
8243,1
8244,1
8246,1
8247,1
8251,1
8256,1
8258,4
8265,1
8274,1
8278,4
8280,3
8281,1
8284,1
8291,1
8294,1
8301,3
8303,1
8305,1
8306,4
8307,1
8309,1
8314,1
8318,1
8320,0
8324,1
8326,1
8328,1
8329,1
8333,0
8337,4
8340,0
8342,0
8347,1
8349,1
8351,3
8352,1
8354,1
8355,1
8357,1
8358,0
8364,4
8365,1
8367,0
8368,1
8370,1
8373,1
8379,1
8381,0
8386,4
8387,1
8390,1
8392,0
8393,1
8395,1
8398,1
8400,1
8402,1
8404,0
8405,0
8410,4
8411,1
8413,1
8414,4
8418,1
8419,1
8422,1
8423,4
8427,1
8433,4
8437,1
8440,1
8443,1
8445,1
8446,4
8447,1
8449,0
8457,4
8458,1
8461,1
8471,0
8474,4
8475,1
8477,0
8478,1
8486,1
8490,1
8493,6
8494,1
8496,0
8499,1
8503,1
8506,5
8508,1
8512,1
8513,1
8514,1
8515,1
8518,1
8519,1
8520,4
8527,0
8535,4
8536,1
8538,1
8540,4
8542,1
8544,1
8545,0
8546,1
8547,4
8551,1
8556,1
8557,4
8563,1
8567,1
8572,1
8573,1
8575,4
8581,1
8582,4
8583,1
8585,1
8587,1
8588,0
8590,1
8592,1
8594,1
8599,1
8600,1
8605,1
8606,3
8607,1
8609,4
8610,1
8612,4
8619,1
8621,1
8623,4
8625,1
8628,1
8629,1
8635,1
8637,1
8638,4
8639,4
8640,0
8643,1
8644,4
8652,1
8653,1
8654,1
8660,1
8662,5
8666,4
8667,1
8674,4
8678,1
8679,4
8682,1
8685,4
8690,4
8695,1
8696,1
8699,1
8700,1
8701,1
8704,1
8706,1
8708,0
8709,1
8710,1
8711,1
8713,1
8718,4
8723,1
8724,3
8725,0
8730,1
8732,1
8733,4
8734,1
8735,4
8739,1
8740,0
8743,1
8744,1
8745,1
8749,5
8753,1
8756,1
8757,1
8758,1
8762,4
8763,1
8767,6
8771,4
8773,1
8774,1
8781,1
8785,1
8795,4
8796,1
8800,0
8801,1
8802,4
8805,4
8807,1
8810,1
8812,1
8821,4
8822,1
8823,4
8825,4
8826,1
8827,3
8828,1
8831,1
8840,0
8845,4
8855,6
8857,1
8859,1
8860,1
8862,1
8863,1
8864,1
8868,1
8875,1
8883,4
8886,1
8887,1
8890,1
8893,1
8895,1
8898,0
8900,0
8903,1
8905,0
8908,1
8919,1
8921,1
8922,1
8923,4
8924,0
8926,1
8927,1
8929,4
8930,1
8934,1
8937,4
8940,1
8941,4
8944,3
8945,0
8952,1
8955,1
8956,1
8957,3
8958,1
8964,1
8967,1
8972,1
8976,4
8984,6
8989,0
8990,1
8996,1
8997,1
9000,1
9005,1
9007,1
9008,1
9011,2
9013,1
9023,2
9024,1
9026,1
9027,1
9028,1
9029,0
9031,1
9033,4
9035,4
9037,1
9038,1
9039,1
9041,4
9043,4
9044,0
9047,1
9049,1
9052,0
9053,0
9057,1
9059,5
9060,1
9070,1
9073,1
9074,0
9075,1
9083,4
9084,4
9086,4
9087,4
9088,1
9095,4
9100,1
9102,4
9103,0
9109,4
9114,4
9117,1
9124,4
9126,5
9129,1
9132,0
9133,4
9134,1
9136,1
9139,1
9142,1
9147,1
9148,4
9150,4
9151,1
9152,1
9154,1
9156,4
9157,1
9160,0
9162,0
9167,1
9170,4
9176,1
9184,4
9189,4
9190,1
9194,4
9204,4
9205,4
9207,4
9210,4
9212,4
9215,1
9217,1
9218,1
9222,1
9227,0
9234,0
9236,1
9239,4
9246,1
9247,5
9258,4
9259,0
9262,4
9267,2
9268,1
9271,1
9283,1
9284,4
9285,1
9286,1
9287,3
9288,0
9290,1
9295,1
9297,1
9298,1
9302,1
9303,4
9305,1
9307,1
9308,4
9310,1
9316,1
9317,0
9321,1
9327,1
9328,1
9331,1
9332,4
9338,0
9342,1
9345,1
9348,0
9352,1
9354,1
9359,1
9360,1
9365,1
9377,1
9379,4
9381,1
9385,1
9391,0
9392,4
9399,1
9400,1
9405,1
9408,1
9410,4
9411,6
9412,1
9413,1
9415,1
9416,1
9421,4
9423,4
9424,1
9426,1
9428,2
9430,4
9433,0
9440,4
9441,4
9445,1
9446,1
9454,1
9460,0
9464,1
9465,1
9468,1
9469,1
9470,4
9472,1
9473,1
9477,4
9478,1
9479,0
9481,4
9482,6
9483,1
9486,1
9488,0
9489,0
9491,1
9493,1
9494,1
9495,5
9496,1
9498,1
9501,1
9506,0
9507,4
9511,3
9515,1
9516,1
9530,1
9531,1
9532,1
9534,4
9542,5
9543,6
9546,4
9547,0
9549,1
9550,1
9552,1
9554,1
9558,1
9561,1
9566,1
9568,5
9570,0
9571,1
9573,0
9574,1
9575,1
9578,1
9582,4
9586,1
9588,0
9593,4
9595,1
9597,1
9598,1
9599,1
9601,1
9602,1
9606,1
9607,0
9615,0
9621,4
9623,1
9626,4
9633,1
9636,0
9638,1
9644,1
9645,1
9646,1
9652,1
9656,1
9659,1
9661,1
9662,1
9664,1
9666,1
9671,1
9675,4
9676,1
9682,1
9684,1
9685,1
9687,1
9689,1
9692,0
9696,1
9697,1
9698,2
9699,1
9701,0
9702,4
9707,1
9710,1
9716,4
9719,1
9723,0
9724,3
9725,1
9726,1
9728,1
9729,1
9741,0
9742,0
9752,1
9757,1
9764,1
9765,3
9769,1
9772,6
9783,4
9786,0
9787,1
9788,4
9789,1
9790,0
9795,1
9808,0
9809,4
9810,0
9816,1
9818,4
9819,4
9822,1
9824,0
9825,0
9832,1
9834,1
9837,1
9839,1
9840,4
9844,1
9847,4
9850,1
9854,1
9855,1
9856,1
9859,4
9865,0
9867,1
9872,5
9874,1
9875,1
9877,1
9880,1
9891,1
9892,1
9893,1
9902,1
9903,1
9906,1
9908,1
9909,4
9912,0
9913,5
9914,4
9916,0
9917,4
9920,1
9922,1
9923,4
9926,1
9929,1
9930,1
9935,6
9938,1
9939,1
9946,4
9947,1
9950,1
9951,1
9953,1
9955,0
9956,4
9958,4
9963,1
9968,1
9972,0
9973,1
9976,0
9978,1
9980,4
9981,1
9991,1
9992,1
9994,4
9995,4
9996,6
9999,1
10000,1
10006,1
10007,1
10011,1
10012,1
10014,1
10023,4
10025,0
10027,0
10028,0
10029,1
10030,1
10031,1
10032,1
10034,1
10037,1
10042,1
10049,0
10050,1
10054,1
10056,1
10058,1
10061,0
10065,4
10073,0
10076,1
10081,1
10084,1
10085,1
10087,1
10094,1
10095,1
10096,1
10097,1
10098,1
10102,1
10106,1
10111,1
10114,1
10115,5
10120,1
10125,4
10130,1
10131,1
10133,1
10135,1
10137,1
10139,0
10140,1
10142,1
10143,4
10146,1
10147,1
10156,4
10157,1
10159,0
10160,1
10161,0
10162,1
10163,1
10164,6
10168,1
10170,4
10171,1
10173,1
10176,1
10180,1
10181,1
10183,4
10186,0
10190,1
10194,1
10195,1
10204,1
10209,1
10211,1
10214,4
10220,1
10221,1
10222,0
10223,0
10224,1
10230,1
10237,0
10240,4
10241,4
10242,1
10252,1
10254,6
10256,1
10257,1
10259,4
10263,4
10266,1
10267,1
10270,1
10271,0
10272,1
10274,1
10278,4
10280,1
10284,4
10286,3
10288,1
10289,4
10290,1
10291,1
10293,4
10294,4
10297,4
10298,0
10299,1
10300,1
10302,4
10304,1
10308,1
10309,4
10314,1
10315,1
10318,1
10322,1
10325,1
10327,1
10333,4
10334,1
10337,1
10341,1
10344,4
10345,1
10348,0
10354,4
10362,0
10364,0
10365,1
10366,1
10367,1
10373,0
10375,4
10377,0
10378,0
10388,4
10392,1
10394,4
10397,1
10399,4
10400,1
10401,1
10402,0
10408,4
10409,1
10410,1
10411,1
10413,1
10417,5
10419,1
10420,1
10421,1
10422,4
10426,3
10427,1
10435,1
10439,1
10448,3
10450,1
10451,2
10452,4
10454,4
10455,1
10457,1
10460,1
10462,4
10466,1
10468,1
10471,4
10482,4
10491,1
10492,5
10493,1
10497,4
10499,1
10504,1
10507,1
10509,1
10517,1
10518,4
10520,1
10522,1
10526,1
10531,1
10535,1
10540,1
10541,1
10548,1
10553,1
10557,4
10562,1
10568,1
10570,0
10572,4
10573,4
10577,1
10579,1
10582,1
10584,1
10586,4
10588,1
10589,1
10592,1
10593,1
10604,1
10609,1
10610,1
10612,4
10614,2
10615,1
10616,4
10618,1
10619,1
10620,1
10621,1
10622,1
10628,1
10630,4
10633,4
10643,1
10646,4
10651,1
10652,1
10653,1
10655,0
10667,0
10670,1
10671,1
10674,0
10677,1
10679,4
10692,1
10693,1
10694,4
10696,1
10709,1
10721,4
10722,1
10723,1
10734,1
10738,1
10740,1
10743,1
10744,1
10745,1
10754,1
10760,1
10762,4
10764,1
10772,1
10773,4
10774,1
10784,1
10786,1
10789,1
10798,1
10803,4
10804,1
10806,4
10809,1
10811,1
10813,1
10818,4
10825,3
10826,1
10828,1
10834,4
10836,1
10837,4
10839,1
10842,4
10843,1
10853,3
10856,1
10857,1
10858,1
10862,1
10866,1
10867,1
10872,1
10873,1
10875,1
10878,6
10879,1
10885,1
10888,4
10892,0
10893,1
10898,4
10899,1
10900,1
10901,1
10902,6
10904,1
10905,3
10906,1
10911,1
10912,1
10913,1
10916,3
10917,4
10918,4
10922,1
10923,1
10924,1
10925,0
10926,4
10935,0
10936,1
10944,4
10946,1
10947,1
10956,4
10959,1
10963,1
10968,4
10969,4
10974,5
10980,1
10983,0
10984,1
10985,1
10987,1
10990,4
10995,1
10996,1
10997,0
10998,1
11003,1
11004,1
11008,4
11010,4
11014,1
11019,1
11021,1
11024,1
11040,3
11041,5
11047,1
11052,1
11059,1
11060,1
11063,1
11064,1
11065,1
11069,1
11070,1
11078,1
11079,1
11080,0
11081,1
11083,4
11085,4
11086,1
11089,3
11090,4
11092,1
11110,1
11114,1
11115,0
11116,1
11117,0
11120,5
11124,1
11125,0
11126,4
11130,3
11139,4
11140,4
11141,1
11142,4
11143,1
11144,1
11146,1
11148,1
11149,1
11151,4
11155,4
11156,4
11160,1
11161,1
11166,4
11171,4
11175,1
11178,4
11181,0
11182,1
11183,0
11186,1
11187,4
11196,4
11199,0
11201,1
11203,4
11207,1
11210,0
11211,1
11214,4
11217,4
11221,1
11227,1
11228,1
11231,4
11232,1
11237,0
11238,0
11241,1
11248,1
11249,0
11252,6
11254,0
11259,4
11263,4
11274,1
11275,4
11280,1
11282,1
11284,1
11285,1
11286,1
11289,4
11292,1
11294,1
11295,1
11298,1
11300,1
11305,0
11306,1
11308,1
11313,1
11314,4
11316,4
11318,0
11319,1
11322,1
11324,1
11325,1
11326,4
11329,0
11330,0
11331,6
11333,0
11335,1
11336,1
11351,1
11352,1
11354,1
11357,0
11359,6
11361,1
11362,5
11364,1
11365,1
11368,1
11372,1
11374,1
11375,3
11376,1
11379,1
11384,1
11386,1
11388,1
11391,1
11396,1
11397,4
11398,1
11400,1
11403,6
11404,1
11406,0
11407,1
11408,1
11409,1
11411,1
11416,0
11417,1
11422,1
11424,1
11425,0
11429,1
11430,1
11432,1
11433,0
11438,1
11442,0
11445,5
11450,1
11454,4
11459,4
11460,1
11461,1
11462,1
11463,1
11467,1
11468,1
11475,1
11476,4
11482,1
11486,0
11487,0
11489,1
11493,4
11501,4
11502,1
11503,0
11504,1
11505,4
11512,1
11516,1
11517,0
11522,4
11524,1
11527,1
11529,1
11531,1
11533,1
11535,1
11537,4
11540,4
11547,1
11552,1
11556,1
11558,0
11559,1
11560,1
11563,4
11564,1
11567,4
11569,1
11571,5
11575,0
11576,1
11582,4
11586,4
11593,4
11594,6
11596,1
11597,4
11607,1
11615,1
11621,1
11623,1
11624,0
11627,3
11630,1
11637,1
11641,1
11644,1
11645,3
11646,3
11653,1
11656,1
11660,4
11662,1
11665,6
11667,1
11676,4
11677,1
11678,6
11679,0
11680,1
11681,1
11684,1
11686,1
11693,4
11697,4
11701,4
11704,1
11712,4
11713,4
11716,4
11717,1
11718,1
11720,1
11721,0
11722,4
11729,1
11731,1
11735,1
11738,1
11744,1
11748,1
11751,4
11754,1
11755,1
11757,1
11758,4
11760,1
11762,0
11763,1
11775,0
11780,1
11781,1
11783,1
11790,5
11793,1
11794,1
11797,0
11798,1
11804,1
11805,1
11810,1
11811,3
11813,1
11816,1
11817,1
11821,4
11827,1
11830,1
11832,1
11834,1
11835,4
11837,1
11840,4
11841,4
11843,1
11844,1
11845,1
11848,4
11853,6
11854,5
11855,3
11857,1
11858,1
11859,4
11864,4
11865,1
11868,1
11869,1
11878,1
11879,1
11882,0
11884,1
11887,1
11903,1
11905,4
11913,0
11914,1
11915,1
11916,6
11922,0
11924,1
11927,1
11931,1
11932,4
11935,1
11936,0
11942,1
11950,1
11956,1
11957,1
11958,0
11959,1
11961,1
11966,1
11968,4
11982,1
11983,1
11984,1
11985,1
11986,1
11987,1
11989,1
11991,1
11992,6
12001,5
12003,0
12007,4
12008,1
12009,4
12011,1
12013,4
12026,1
12028,1
12031,1
12036,4
12038,1
12041,4
12042,1
12047,4
12051,1
12053,4
12059,0
12060,1
12067,4
12068,4
12069,6
12076,1
12077,0
12079,0
12083,6
12084,1
12085,0
12088,1
12090,1
12092,4
12093,1
12094,4
12095,6
12096,1
12097,1
12099,4
12105,1
12108,1
12118,1
12119,0
12124,3
12126,1
12127,1
12128,1
12130,1
12131,0
12133,5
12134,1
12144,1
12150,1
12153,0
12154,4
12155,4
12156,1
12158,4
12160,1
12163,6
12165,4
12166,4
12167,4
12168,1
12170,1
12172,1
12173,1
12175,1
12176,1
12177,1
12183,0
12184,1
12187,1
12190,1
12197,1
12198,0
12199,4
12205,4
12210,1
12215,1
12221,1
12222,5
12224,1
12229,1
12231,4
12233,4
12236,4
12239,4
12241,1
12242,6
12246,1
12248,1
12250,0
12254,1
12256,1
12257,1
12259,1
12262,1
12263,1
12267,4
12270,6
12276,1
12277,1
12278,1
12280,2
12285,1
12287,1
12293,4
12297,4
12301,4
12304,3
12306,4
12310,1
12316,1
12317,1
12318,0
12321,1
12324,1
12326,4
12328,1
12329,4
12330,1
12332,1
12334,1
12336,6
12339,5
12344,1
12347,1
12348,1
12351,1
12360,1
12361,0
12362,1
12363,1
12367,1
12370,1
12372,1
12373,4
12374,1
12375,4
12379,1
12382,1
12388,0
12389,4
12392,1
12395,0
12398,4
12399,4
12400,1
12404,1
12407,1
12408,1
12409,1
12414,1
12415,0
12424,1
12426,1
12427,0
12430,1
12431,1
12433,4
12437,1
12438,3
12442,4
12443,1
12445,1
12446,1
12447,1
12449,1
12458,1
12462,6
12463,1
12465,1
12466,0
12468,1
12469,5
12472,0
12477,1
12478,1
12483,0
12488,1
12493,1
12496,2
12497,1
12502,1
12504,1
12506,1
12507,1
12510,1
12515,1
12518,0
12520,0
12525,0
12531,1
12532,4
12536,0
12537,4
12538,1
12542,1
12544,6
12548,1
12549,1
12550,1
12552,6
12553,1
12554,1
12555,5
12558,1
12559,1
12560,4
12564,1
12565,1
12566,0
12570,4
12572,1
12573,1
12575,1
12576,1
12578,3
12580,1
12581,1
12585,1
12591,1
12597,1
12599,0
12600,1
12601,1
12603,1
12606,4
12607,0
12609,4
12610,1
12615,1
12616,1
12618,4
12619,1
12631,1
12632,1
12642,6
12644,4
12647,4
12653,4
12655,1
12657,4
12659,1
12661,1
12669,1
12671,1
12674,6
12675,1
12679,5
12684,1
12686,1
12688,0
12689,4
12690,1
12691,0
12692,4
12693,1
12694,0
12697,4
12700,0
12704,1
12706,1
12710,4
12711,1
12712,4
12713,1
12715,4
12717,4
12718,4
12721,1
12730,1
12733,1
12737,1
12742,1
12745,1
12749,1
12753,1
12756,1
12757,0
12765,1
12767,0
12770,3
12774,1
12775,1
12776,1
12777,4
12781,0
12786,1
12798,1
12806,1
12812,4
12817,1
12818,4
12824,1
12825,1
12832,1
12837,5
12839,1
12846,1
12847,1
12849,4
12851,1
12853,1
12858,1
12861,1
12862,1
12863,5
12865,1
12867,1
12869,4
12871,2
12872,0
12875,1
12879,2
12880,1
12884,0
12888,1
12889,1
12890,0
12894,1
12895,1
12896,1
12899,6
12901,1
12902,1
12905,1
12907,1
12913,1
12914,3
12918,1
12920,4
12922,1
12925,1
12926,1
12929,1
12930,1
12931,1
12932,1
12933,1
12940,4
12944,1
12948,1
12954,1
12956,1
12958,1
12963,1
12964,1
12965,0
12966,1
12968,1
12969,4
12972,1
12974,1
12977,1
12978,0
12983,1
12985,1
12986,1
12989,1
12990,1
12992,4
12993,1
12994,1
12995,1
13003,1
13004,1
13006,0
13007,4
13008,1
13016,1
13018,4
13021,1
13023,4
13026,4
13027,1
13030,1
13031,0
13034,0
13035,4
13036,4
13040,1
13041,4
13045,1
13046,1
13047,1
13052,1
13054,1
13055,0
13057,0
13058,1
13062,1
13065,1
13066,0
13070,4
13073,4
13082,1
13083,1
13086,1
13090,1
13093,1
13096,1
13099,1
13101,4
13102,0
13103,1
13113,1
13114,1
13115,1
13117,1
13118,1
13121,1
13122,1
13126,4
13127,5
13134,1
13136,1
13138,4
13145,4
13146,1
13149,4
13150,1
13152,1
13153,0
13156,1
13158,4
13162,1
13163,1
13168,0
13173,1
13175,1
13177,4
13180,1
13182,1
13185,1
13190,6
13192,1
13193,1
13195,1
13196,1
13203,4
13204,0
13206,1
13211,0
13212,1
13213,1
13215,1
13217,1
13232,1
13242,1
13250,1
13253,1
13259,1
13262,4
13263,6
13264,4
13265,0
13266,1
13268,1
13269,4
13274,0
13276,0
13277,0
13280,1
13283,4
13284,1
13285,0
13287,3
13289,4
13290,4
13291,1
13292,4
13295,1
13297,1
13298,4
13299,1
13302,1
13309,1
13316,0
13318,4
13322,1
13332,1
13335,0
13336,0
13341,1
13345,1
13347,1
13351,4
13352,1
13353,1
13356,1
13361,1
13362,2
13363,1
13364,0
13370,1
13372,1
13379,4
13381,1
13383,1
13385,6
13386,4
13387,0
13389,0
13393,1
13396,1
13401,4
13404,4
13409,4
13411,1
13417,1
13420,2
13422,1
13423,1
13429,1
13430,5
13435,2
13444,5
13447,4
13448,1
13451,5
13452,5
13454,1
13455,4
13457,0
13460,4
13461,1
13462,5
13464,1
13465,4
13466,4
13468,1
13470,1
13472,0
13479,0
13481,5
13482,1
13487,1
13493,1
13496,1
13497,1
13502,1
13503,4
13504,1
13506,1
13507,1
13515,4
13516,4
13520,0
13521,0
13529,1
13533,4
13536,1
13537,1
13542,4
13543,1
13544,1
13546,0
13547,6
13548,1
13551,0
13556,1
13559,1
13562,1
13567,1
13572,1
13574,1
13577,1
13579,4
13580,1
13586,1
13588,0
13591,1
13600,1
13601,1
13603,1
13605,1
13606,4
13607,1
13608,1
13609,1
13610,6
13613,1
13614,1
13617,1
13618,1
13619,1
13621,4
13627,1
13632,1
13635,1
13636,1
13637,4
13639,1
13640,1
13642,1
13645,1
13648,1
13650,1
13652,4
13660,1
13661,1
13667,1
13673,1
13674,1
13678,1
13679,0
13682,0
13688,1
13690,4
13692,1
13693,4
13701,1
13704,4
13705,1
13706,1
13709,6
13716,1
13718,1
13719,1
13725,1
13729,1
13730,1
13731,1
13732,1
13735,5
13737,1
13743,1
13744,1
13745,1
13750,1
13751,4
13756,1
13757,1
13758,1
13761,4
13762,1
13765,6
13766,3
13769,0
13772,1
13778,6
13782,1
13783,1
13787,1
13793,1
13796,0
13799,6
13809,4
13810,1
13811,0
13815,4
13816,1
13817,4
13819,4
13821,1
13824,1
13828,1
13830,4
13835,0
13838,1
13839,1
13841,4
13843,1
13844,1
13846,1
13848,4
13851,4
13858,1
13868,1
13871,0
13872,4
13875,1
13876,1
13881,1
13882,4
13885,1
13888,1
13899,4
13901,4
13904,0
13905,1
13906,1
13915,4
13917,1
13918,1
13927,0
13930,6
13931,1
13932,3
13933,1
13936,1
13937,1
13938,3
13945,0
13949,1
13953,6
13960,4
13963,1
13969,4
13973,1
13974,1
13977,0
13978,5
13980,0
13984,1
13985,1
13987,1
13988,1
13991,1
13994,1
13996,6
13997,1
14000,1
14002,4
14006,1
14010,0
14012,4
14014,1
14015,6
14016,4
14018,1
14021,1
14023,1
14026,1
14028,1
14029,1
14031,4
14032,4
14033,1
14034,1
14035,1
14041,1
14054,1
14055,6
14056,1
14057,1
14069,1
14075,1
14083,1
14084,1
14085,1
14090,1
14095,1
14100,1
14101,1
14103,1
14104,1
14105,4
14106,4
14109,6
14110,0
14117,1
14121,1
14122,4
14123,1
14125,1
14127,1
14129,1
14135,4
14136,1
14138,0
14139,1
14140,1
14141,0
14142,1
14145,4
14146,1
14149,0
14153,4
14154,1
14155,1
14159,0
14161,4
14163,1
14164,1
14167,1
14172,1
14176,0
14178,1
14179,1
14184,1
14185,4
14186,1
14190,1
14191,1
14196,0
14197,4
14199,1
14202,1
14204,0
14205,4
14207,6
14209,1
14213,0
14214,1
14216,4
14217,6
14222,4
14224,1
14226,1
14231,1
14232,1
14243,1
14246,0
14251,0
14253,6
14254,0
14255,1
14257,0
14261,3
14264,5
14269,1
14270,4
14275,1
14277,4
14282,4
14283,1
14288,1
14291,1
14292,1
14295,0
14296,1
14297,1
14298,1
14300,1
14304,6
14305,1
14306,0
14307,1
14311,1
14312,4
14314,1
14316,1
14325,6
14326,1
14327,1
14331,4
14332,1
14334,1
14341,1
14342,1
14348,4
14350,1
14352,1
14359,1
14364,1
14365,1
14369,1
14370,1
14378,4
14381,2
14384,1
14386,0
14388,0
14394,3
14398,4
14402,1
14403,1
14406,1
14407,1
14409,1
14410,4
14414,1
14418,4
14422,1
14425,1
14427,0
14428,5
14430,0
14434,3
14435,1
14440,6
14443,1
14451,1
14455,0
14459,4
14460,1
14461,5
14464,4
14466,1
14470,1
14481,4
14482,1
14489,4
14490,1
14498,1
14500,1
14501,1
14502,1
14506,1
14509,1
14513,4
14516,4
14518,1
14524,1
14526,1
14532,1
14535,1
14536,1
14539,1
14540,1
14542,4
14546,1
14548,1
14549,1
14554,4
14557,1
14559,1
14560,4
14563,1
14565,1
14567,1
14571,1
14572,1
14574,4
14578,5
14583,1
14585,1
14592,4
14596,1
14599,1
14600,1
14608,1
14612,1
14614,1
14617,1
14619,4
14627,4
14628,1
14630,0
14635,1
14636,4
14640,1
14641,4
14643,1
14646,1
14649,0
14651,0
14654,1
14655,1
14656,1
14659,1
14661,1
14662,1
14663,1
14665,1
14666,1
14668,1
14674,4
14676,1
14677,1
14678,1
14680,1
14684,1
14700,1
14701,1
14702,4
14703,1
14712,1
14715,4
14717,1
14719,1
14720,1
14721,1
14722,0
14726,1
14728,6
14731,1
14734,6
14738,1
14739,1
14742,0
14748,0
14750,4
14752,1
14753,1
14755,1
14759,6
14769,4
14772,1
14774,1
14777,1
14778,4
14780,4
14784,1
14785,0
14786,1
14788,1
14790,1
14792,1
14794,1
14803,0
14805,4
14820,5
14821,4
14827,1
14828,4
14832,1
14833,1
14834,1
14835,1
14836,1
14837,0
14839,4
14841,1
14842,1
14853,4
14855,1
14859,1
14862,4
14864,4
14865,1
14871,1
14873,1
14877,4
14881,0
14882,1
14887,1
14890,0
14895,1
14897,1
14902,4
14903,4
14911,0
14917,1
14918,0
14919,1
14922,1
14928,1
14929,0
14934,1
14936,1
14940,4
14941,4
14942,1
14953,1
14956,1
14962,4
14964,0
14970,0
14972,1
14973,4
14977,1
14980,5
14983,1
14986,6
14989,1
14990,4
14995,1
14996,1
14999,1
15000,4
15001,1
15005,1
15008,1
15009,0
15011,4
15012,1
15017,4
15018,5
15019,1
15020,1
15024,3
15026,5
15027,1
15029,1
15030,0
15033,1
15034,1
15035,1
15040,1
15041,1
15044,2
15047,4
15050,1
15053,4
15054,1
15062,1
15064,1
15069,4
15070,1
15074,1
15075,1
15076,1
15078,1
15080,1
15084,1
15086,1
15090,0
15098,1
15099,1
15101,4
15102,0
15103,5
15104,1
15105,4
15108,6
15110,4
15112,4
15113,0
15114,1
15116,0
15121,1
15122,1
15125,1
15129,1
15133,1
15137,3
15138,4
15139,0
15140,1
15147,1
15149,1
15154,1
15156,4
15157,0
15160,1
15174,1
15175,0
15176,0
15177,1
15179,0
15182,4
15183,0
15186,1
15190,1
15191,1
15195,1
15198,4
15202,4
15206,0
15207,1
15208,1
15214,4
15221,1
15227,0
15230,1
15232,1
15243,1
15244,4
15248,1
15251,2
15254,0
15257,4
15259,1
15262,1
15263,1
15265,0
15266,1
15269,1
15270,6
15275,1
15277,4
15278,4
15279,0
15282,1
15285,1
15288,1
15289,4
15293,1
15294,1
15298,1
15304,1
15310,1
15311,1
15317,1
15322,3
15325,1
15328,1
15329,4
15330,1
15331,6
15333,1
15335,1
15337,1
15339,4
15343,1
15346,1
15347,1
15349,1
15350,3
15351,1
15355,3
15356,1
15358,4
15360,1
15362,1
15367,1
15369,4
15372,1
15377,1
15378,4
15380,4
15385,3
15387,1
15389,5
15390,1
15392,1
15394,1
15395,1
15398,0
15400,0
15405,1
15425,6
15431,1
15432,1
15437,4
15439,1
15444,4
15445,4
15448,4
15449,1
15453,1
15454,1
15456,1
15457,1
15458,0
15459,5
15460,1
15462,1
15466,4
15467,1
15472,0
15474,1
15476,1
15482,1
15487,4
15491,0
15493,1
15494,1
15499,1
15500,0
15501,4
15503,4
15504,1
15507,1
15508,1
15518,1
15524,1
15527,1
15531,1
15534,1
15536,4
15540,1
15542,1
15544,4
15546,4
15547,1
15548,4
15552,4
15554,1
15557,1
15558,1
15559,3
15561,1
15564,1
15566,1
15567,1
15570,1
15574,1
15575,1
15577,4
15578,0
15580,4
15583,4
15584,1
15585,4
15588,4
15589,1
15591,4
15594,1
15595,4
15597,1
15598,1
15599,1
15604,0
15605,1
15607,4
15622,1
15623,1
15624,1
15626,4
15628,1
15632,0
15639,1
15643,1
15648,1
15651,1
15654,1
15664,4
15667,1
15671,1
15673,1
15674,1
15681,1
15683,0
15685,0
15691,1
15692,0
15693,0
15696,1
15703,1
15710,1
15711,1
15715,1
15717,1
15719,0
15726,1
15728,1
15729,4
15733,6
15735,0
15738,1
15741,0
15746,0
15747,1
15748,1
15749,1
15754,1
15758,1
15766,4
15772,1
15774,0
15778,1
15782,1
15790,1
15792,4
15793,1
15799,1
15803,1
15808,1
15814,1
15818,1
15820,1
15824,1
15826,1
15827,1
15830,0
15831,1
15834,1
15838,1
15844,1
15849,1
15852,1
15854,6
15855,1
15857,0
15862,0
15864,1
15871,1
15872,1
15873,0
15879,1
15882,4
15884,1
15885,1
15887,1
15893,1
15894,1
15896,4
15897,1
15898,1
15906,1
15909,1
15911,1
15914,1
15917,1
15921,0
15924,1
15926,4
15927,5
15930,4
15931,1
15933,4
15935,1
15936,1
15939,4
15941,0
15943,1
15945,1
15947,4
15949,1
15953,0
15954,1
15958,1
15959,1
15961,0
15963,1
15965,1
15967,3
15968,1
15976,1
15979,1
15983,4
15987,4
15997,3
16000,0
16002,1
16004,4
16006,0
16009,4
16012,1
16013,1
16020,2
16024,0
16026,4
16031,1
16032,4
16034,1
16035,1
16037,1
16040,4
16041,4
16043,6
16044,5
16047,4
16048,1
16049,1
16052,4
16055,1
16057,1
16058,1
16059,0
16060,0
16062,3
16063,0
16065,1
16066,1
16068,1
16070,1
16074,1
16076,4
16077,1
16086,0
16090,1
16096,4
16097,1
16100,0
16101,1
16104,2
16107,4
16108,1
16111,1
16116,0
16119,1
16120,1
16121,1
16123,4
16125,4
16128,1
16131,0
16132,4
16135,1
16138,4
16139,1
16141,1
16142,1
16143,1
16145,1
16146,1
16147,1
16152,1
16156,1
16160,4
16167,1
16170,1
16172,1
16175,1
16176,0
16179,1
16180,4
16183,1
16185,4
16186,1
16188,1
16191,4
16192,4
16193,1
16194,4
16199,1
16201,1
16202,1
16203,0
16204,1
16206,4
16207,1
16209,1
16210,1
16216,1
16220,4
16222,1
16224,1
16226,1
16231,1
16232,1
16234,5
16238,1
16240,1
16241,1
16243,1
16244,0
16245,1
16246,1
16248,1
16250,1
16254,1
16255,1
16257,1
16260,4
16262,1
16265,4
16273,4
16274,1
16277,1
16278,4
16288,1
16292,5
16294,4
16299,1
16303,1
16309,4
16312,1
16313,4
16315,1
16316,4
16320,4
16321,1
16329,1
16331,0
16332,1
16333,1
16334,1
16335,6
16337,4
16338,1
16349,1
16350,1
16351,0
16352,1
16353,1
16354,5
16355,1
16357,1
16359,1
16365,1
16367,1
16376,4
16377,1
16378,4
16379,1
16380,1
16383,0
16389,1
16391,0
16395,1
16396,1
16400,0
16401,6
16403,6
16404,4
16405,4
16407,1
16408,4
16411,1
16412,1
16416,4
16422,1
16426,4
16427,1
16429,4
16431,6
16433,6
16434,5
16438,1
16439,1
16442,1
16448,0
16449,4
16453,1
16458,1
16461,0
16464,4
16466,1
16467,1
16468,1
16470,1
16473,1
16477,1
16480,6
16481,0
16483,4
16484,1
16485,5
16493,4
16494,1
16495,1
16502,4
16503,1
16505,1
16507,1
16509,4
16515,4
16520,1
16522,1
16524,6
16528,4
16532,3
16534,1
16535,1
16542,1
16543,1
16544,1
16545,1
16546,1
16547,4
16555,1
16556,1
16559,0
16562,0
16567,4
16569,0
16571,4
16573,1
16574,1
16576,1
16579,0
16582,1
16585,1
16592,1
16596,1
16597,5
16601,1
16603,1
16608,1
16609,1
16612,1
16615,1
16621,1
16623,1
16626,1
16628,4
16631,0
16632,1
16639,1
16641,1
16649,4
16651,4
16655,1
16661,4
16662,5
16663,1
16664,1
16665,1
16667,5
16668,1
16675,4
16679,1
16683,1
16685,1
16686,1
16692,1
16696,1
16698,0
16699,1
16700,1
16702,1
16705,0
16708,0
16709,0
16711,0
16717,1
16721,1
16722,1
16723,1
16724,1
16726,1
16731,4
16734,1
16737,1
16739,1
16745,4
16746,1
16749,1
16751,1
16753,4
16756,0
16757,1
16759,1
16762,1
16764,1
16765,0
16767,1
16768,4
16770,1
16771,1
16772,1
16774,1
16778,1
16781,1
16786,1
16790,4
16793,1
16795,1
16796,1
16810,6
16812,1
16813,4
16814,1
16817,1
16819,1
16825,1
16829,4
16830,1
16835,4
16836,4
16837,4
16844,1
16845,1
16849,1
16851,1
16853,1
16854,1
16860,1
16863,1
16866,0
16867,1
16870,1
16874,1
16878,1
16880,1
16887,1
16889,1
16894,1
16895,4
16897,1
16898,1
16900,6
16904,1
16906,1
16909,4
16910,1
16912,1
16915,1
16916,1
16917,1
16919,1
16922,4
16923,0
16927,4
16930,1
16931,1
16932,4
16939,1
16940,1
16942,0
16944,1
16946,0
16953,1
16959,1
16963,1
16966,1
16970,4
16973,4
16974,1
16976,1
16977,1
16978,1
16980,4
16984,1
16986,4
16987,3
16988,4
16991,1
16992,0
16994,1
16995,1
16996,6
16999,1
17000,1
17001,1
17003,1
17005,4
17006,1
17007,1
17012,1
17016,1
17019,4
17023,1
17024,1
17026,4
17028,1
17030,1
17031,4
17033,0
17035,4
17040,1
17041,1
17043,5
17046,1
17048,1
17049,1
17050,4
17051,4
17052,4
17057,1
17058,1
17066,1
17072,1
17074,1
17076,1
17080,1
17083,4
17094,3
17101,1
17105,1
17106,0
17107,0
17109,1
17111,1
17112,0
17115,1
17117,6
17118,1
17119,0
17120,1
17122,1
17123,1
17124,1
17125,1
17126,1
17128,0
17137,1
17138,1
17139,1
17141,4
17146,1
17147,1
17149,1
17150,0
17157,1
17158,1
17161,1
17162,1
17165,1
17171,0
17174,4
17175,1
17183,6
17188,1
17189,1
17191,1
17192,0
17194,1
17195,1
17197,1
17200,0
17201,1
17202,1
17215,1
17218,1
17219,1
17228,1
17230,4
17231,1
17232,1
17233,0
17237,1
17242,0
17248,1
17250,1
17251,1
17255,0
17257,4
17258,1
17263,1
17268,4
17273,1
17274,6
17288,1
17296,1
17298,4
17299,1
17300,1
17301,4
17302,4
17307,0
17308,1
17309,1
17313,0
17317,1
17318,1
17323,4
17329,1
17334,1
17335,0
17342,1
17344,1
17349,1
17352,4
17353,1
17354,1
17356,1
17359,1
17361,0
17362,1
17365,4
17366,0
17370,4
17373,4
17379,1
17381,1
17384,0
17385,4
17390,1
17393,0
17394,4
17399,1
17400,1
17401,4
17404,1
17406,0
17411,1
17412,1
17415,1
17416,1
17417,1
17423,1
17426,1
17428,1
17429,1
17433,0
17435,4
17437,1
17440,3
17444,1
17450,6
17452,6
17455,4
17460,1
17461,4
17463,0
17465,1
17471,1
17472,1
17473,1
17474,0
17475,1
17476,0
17478,1
17480,1
17485,4
17486,1
17489,1
17492,6
17495,1
17496,1
17503,0
17507,0
17508,1
17512,1
17513,1
17519,1
17521,1
17523,1
17525,4
17529,1
17531,1
17534,1
17536,4
17540,6
17541,1
17542,4
17547,2
17548,1
17549,3
17551,1
17556,1
17564,1
17565,4
17567,4
17569,1
17575,1
17578,1
17583,4
17585,1
17587,0
17588,1
17593,1
17594,4
17606,1
17607,0
17609,1
17610,1
17611,1
17612,4
17615,4
17616,1
17619,1
17623,1
17624,1
17634,4
17636,4
17638,0
17641,1
17643,0
17644,1
17646,1
17647,4
17648,1
17651,1
17654,1
17655,1
17664,4
17666,1
17674,4
17680,1
17684,1
17686,1
17687,4
17689,1
17690,1
17692,1
17693,1
17696,4
17697,0
17698,4
17699,1
17701,1
17703,0
17709,4
17712,1
17717,1
17718,4
17721,1
17728,4
17729,1
17731,0
17732,1
17737,1
17745,1
17747,1
17748,0
17750,4
17753,1
17757,4
17759,1
17761,3
17766,4
17767,1
17770,1
17772,0
17774,3
17776,0
17780,4
17781,1
17783,1
17786,4
17789,1
17791,3
17792,1
17793,1
17794,1
17804,1
17808,4
17809,1
17814,1
17822,1
17823,0
17827,1
17830,4
17831,1
17835,0
17840,4
17842,1
17848,1
17849,1
17854,1
17855,1
17862,1
17863,1
17866,4
17869,1
17873,1
17875,1
17876,1
17878,1
17880,1
17881,4
17884,4
17885,1
17886,4
17889,1
17891,1
17894,1
17896,1
17898,1
17904,4
17906,1
17909,1
17912,1
17913,4
17915,4
17917,1
17920,1
17921,4
17929,1
17934,1
17935,1
17938,1
17948,1
17949,1
17950,0
17951,4
17952,0
17956,0
17957,4
17960,0
17961,1
17962,4
17966,1
17967,1
17977,1
17979,4
17982,1
17984,1
17986,4
17988,6
17991,1
17992,3
17993,1
17995,0
17999,1
18004,1
18005,1
18013,1
18014,1
18015,1
18025,1
18026,1
18030,4
18031,0
18032,1
18037,4
18041,0
18044,1
18045,1
18049,4
18050,1
18053,4
18055,1
18057,4
18061,1
18062,1
18064,0
18067,1
18069,4
18072,4
18073,4
18077,1
18078,1
18081,0
18083,1
18090,6
18092,5
18093,1
18097,1
18098,1
18103,4
18104,1
18106,1
18110,1
18111,0
18114,1
18115,1
18118,1
18120,1
18121,4
18123,1
18128,1
18130,1
18135,4
18138,4
18139,1
18148,4
18149,1
18154,1
18155,0
18156,0
18160,1
18161,1
18162,1
18165,4
18166,1
18170,4
18171,1
18175,1
18176,4
18177,3
18178,6
18181,4
18182,4
18183,0
18184,1
18185,1
18187,6
18192,1
18196,1
18198,1
18199,1
18201,1
18202,1
18203,1
18207,1
18213,0
18215,4
18217,4
18220,4
18227,1
18237,1
18246,4
18248,4
18250,1
18252,0
18255,4
18257,0
18259,4
18270,1
18272,0
18274,4
18276,4
18277,1
18281,0
18283,1
18285,4
18286,4
18287,1
18288,4
18289,1
18293,1
18294,1
18296,1
18298,1
18302,1
18303,1
18304,1
18305,1
18307,1
18308,0
18311,4
18313,1
18319,1
18321,4
18324,1
18325,1
18326,3
18329,1
18332,1
18334,1
18335,1
18340,1
18345,1
18347,4
18348,1
18351,1
18352,0
18353,4
18355,1
18357,1
18358,1
18362,1
18363,4
18366,1
18368,1
18369,1
18370,1
18378,1
18381,1
18382,1
18384,2
18402,0
18404,1
18409,1
18411,1
18415,4
18418,1
18419,1
18420,4
18421,4
18426,4
18429,1
18430,1
18432,1
18434,1
18441,1
18442,0
18446,1
18452,1
18453,1
18462,0
18463,1
18464,4
18466,1
18467,1
18468,1
18469,1
18475,4
18476,1
18478,4
18480,3
18482,4
18483,1
18485,1
18487,1
18488,4
18492,1
18499,1
18504,4
18508,4
18511,1
18514,1
18516,1
18517,1
18519,4
18520,1
18521,1
18524,1
18526,1
18527,0
18528,1
18530,3
18533,1
18534,3
18535,1
18539,0
18543,1
18545,1
18549,1
18554,1
18555,1
18556,1
18557,1
18559,1
18565,1
18569,1
18570,4
18574,1
18575,1
18576,1
18577,6
18579,1
18580,1
18583,4
18585,1
18589,1
18592,1
18593,1
18599,1
18601,1
18603,1
18607,4
18609,1
18610,4
18611,1
18615,4
18618,1
18621,0
18624,1
18625,1
18632,1
18634,0
18638,1
18642,6
18643,1
18646,4
18647,0
18648,1
18653,1
18654,1
18657,0
18658,1
18663,1
18664,1
18665,1
18669,1
18671,1
18672,1
18673,4
18677,1
18678,1
18681,4
18682,1
18689,1
18695,4
18696,6
18698,0
18699,1
18700,0
18707,1
18711,1
18712,4
18714,4
18715,0
18716,1
18724,0
18734,1
18739,1
18741,1
18742,4
18744,1
18745,1
18746,1
18748,4
18749,1
18754,1
18755,0
18762,4
18763,0
18767,1
18770,4
18771,1
18773,1
18774,1
18781,1
18783,1
18787,4
18788,1
18789,4
18790,0
18792,4
18793,2
18794,4
18797,4
18802,1
18806,4
18812,1
18813,3
18821,1
18823,4
18824,1
18825,4
18829,1
18831,0
18837,3
18841,1
18842,0
18843,1
18844,1
18845,0
18847,1
18848,4
18850,1
18852,1
18855,1
18857,1
18859,1
18863,1
18865,0
18866,0
18868,1
18876,1
18877,1
18878,1
18879,1
18881,1
18883,1
18885,1
18887,1
18889,1
18892,1
18895,1
18899,1
18900,5
18907,0
18910,4
18911,4
18915,4
18917,1
18924,5
18927,1
18928,1
18933,4
18934,1
18935,1
18936,1
18939,6
18942,1
18950,1
18953,1
18954,1
18959,1
18960,1
18961,1
18967,1
18968,1
18970,5
18973,4
18975,1
18976,1
18977,0
18978,1
18981,1
18983,4
18984,1
18987,1
18990,1
18998,1
19005,1
19008,1
19009,1
19010,1
19013,1
19014,4
19021,1
19031,1
19032,1
19033,4
19036,1
19046,1
19048,1
19051,1
19052,1
19054,1
19056,5
19058,4
19059,1
19064,1
19069,1
19071,1
19075,6
19076,1
19077,4
19078,4
19079,3
19081,1
19092,1
19093,1
19095,1
19098,1
19100,5
19108,4
19110,1
19113,0
19121,4
19123,1
19125,1
19133,1
19134,1
19135,1
19137,4
19141,1
19142,0
19144,4
19145,4
19146,1
19148,1
19153,1
19155,0
19159,1
19167,1
19168,1
19172,4
19173,1
19180,0
19182,1
19183,1
19184,1
19188,1
19189,1
19190,1
19192,1
19193,1
19194,1
19199,1
19200,1
19202,5
19203,4
19207,0
19208,1
19210,1
19212,1
19214,0
19215,1
19218,0
19223,0
19224,4
19225,1
19229,1
19231,4
19233,1
19236,4
19237,1
19238,1
19239,1
19241,1
19242,4
19243,4
19244,4
19249,0
19250,1
19253,1
19259,0
19263,0
19265,6
19266,6
19270,1
19272,1
19274,4
19275,4
19276,1
19278,1
19285,1
19287,1
19290,1
19293,3
19298,1
19301,4
19306,4
19307,4
19308,3
19311,4
19315,1
19317,1
19318,4
19323,1
19326,1
19336,3
19339,1
19340,1
19341,1
19342,1
19344,1
19348,1
19351,1
19352,4
19354,1
19355,0
19357,1
19358,3
19359,1
19360,1
19363,4
19366,1
19368,1
19370,4
19371,1
19374,1
19375,1
19377,1
19378,1
19383,1
19388,1
19389,1
19392,1
19393,0
19397,1
19398,0
19401,1
19407,1
19408,1
19416,4
19419,1
19423,0
19424,4
19425,6
19430,0
19433,1
19434,1
19438,1
19440,1
19441,1
19443,4
19447,4
19448,1
19449,5
19450,1
19456,4
19462,1
19465,1
19469,0
19470,0
19478,1
19481,1
19482,4
19487,1
19489,1
19491,1
19492,1
19494,1
19495,4
19506,1
19509,0
19518,4
19519,1
19522,1
19529,1
19530,5
19533,1
19534,0
19535,1
19537,1
19542,1
19545,1
19547,1
19548,1
19553,4
19554,1
19560,4
19561,2
19563,0
19571,1
19572,0
19573,1
19574,1
19575,1
19576,1
19577,1
19579,4
19580,1
19582,1
19584,1
19587,1
19594,1
19598,1
19605,1
19608,1
19612,1
19617,4
19618,1
19628,1
19629,1
19632,1
19636,1
19639,1
19643,1
19652,1
19657,1
19658,1
19664,1
19665,1
19667,4
19668,3
19669,4
19670,5
19671,1
19672,0
19674,4
19679,1
19681,3
19682,4
19685,4
19688,0
19690,1
19692,6
19693,0
19698,1
19699,1
19703,1
19707,1
19716,0
19719,1
19723,3
19724,1
19726,0
19733,1
19736,1
19740,0
19742,1
19744,1
19745,1
19752,1
19753,5
19755,4
19757,1
19759,4
19760,1
19761,4
19762,1
19764,1
19768,1
19770,1
19771,1
19772,0
19774,6
19775,0
19777,4
19780,0
19789,4
19790,0
19794,1
19801,0
19806,1
19808,1
19809,1
19811,1
19814,1
19818,4
19820,1
19822,1
19825,0
19828,1
19831,1
19833,1
19836,1
19837,4
19838,1
19839,3
19844,1
19846,4
19848,1
19850,1
19852,4
19856,1
19858,1
19860,0
19862,1
19863,1
19868,2
19869,1
19871,0
19873,0
19875,1
19876,1
19877,1
19879,1
19880,1
19882,1
19886,0
19892,1
19893,1
19900,0
19901,1
19906,1
19914,4
19916,0
19918,0
19920,1
19923,1
19924,0
19926,1
19927,0
19928,1
19932,1
19934,4
19935,1
19937,1
19938,0
19942,1
19944,1
19945,1
19955,0
19956,4
19957,1
19959,1
19961,4
19963,0
19964,1
19967,1
19968,4
19971,4
19972,3
19973,1
19976,1
19977,1
19985,0
19986,1
19987,1
19990,1
19991,4
19997,1
19998,0
20000,1
20002,1
20003,3
20008,1
20011,0
20013,0
20014,1
20016,4
20026,1
20029,1
20032,4
20033,1
20034,4
20036,1
20041,1
20042,0
20044,1
20047,1
20048,1
20049,1
20050,1
20053,1
20058,1
20060,1
20064,1
20065,0
20068,4
20071,4
20074,1
20075,1
20077,4
20079,1
20082,4
20088,4
20089,1
20090,1
20091,1
20092,1
20094,1
20108,1
20111,1
20113,1
20115,1
20116,1
20117,1
20122,1
20123,4
20138,1
20142,0
20144,1
20145,1
20146,0
20149,1
20152,1
20160,0
20167,4
20175,0
20189,1
20191,1
20193,1
20198,0
20202,1
20203,0
20204,1
20205,1
20208,1
20210,1
20211,0
20212,1
20213,1
20214,0
20216,1
20217,1
20219,4
20220,1
20222,1
20227,1
20229,1
20231,4
20233,1
20234,1
20237,0
20238,1
20241,1
20246,1
20248,4
20252,1
20254,1
20256,4
20258,1
20261,5
20263,1
20266,1
20267,1
20269,1
20270,1
20272,0
20273,3
20274,1
20275,1
20276,1
20279,4
20280,1
20282,4
20284,1
20285,1
20286,1
20288,1
20289,4
20290,4
20293,1
20297,6
20302,4
20304,4
20307,1
20308,1
20310,1
20312,1
20314,0
20315,1
20318,1
20319,1
20320,1
20321,1
20322,4
20323,0
20324,1
20326,1
20330,1
20331,0
20332,1
20337,1
20343,1
20344,1
20347,1
20353,1
20355,0
20356,4
20358,1
20360,1
20362,1
20364,4
20365,1
20366,1
20367,1
20368,1
20372,1
20373,1
20374,1
20376,1
20380,1
20383,4
20386,1
20388,1
20391,1
20401,6
20404,0
20405,1
20406,1
20414,4
20418,1
20419,1
20420,0
20421,4
20427,0
20428,1
20430,5
20433,1
20436,5
20437,1
20443,4
20444,4
20447,1
20449,4
20451,1
20454,1
20462,1
20464,4
20468,1
20471,0
20475,0
20480,0
20481,4
20482,0
20484,1
20487,1
20488,1
20490,1
20495,1
20499,1
20501,1
20502,0
20504,1
20509,0
20510,1
20517,0
20518,1
20519,1
20532,1
20535,0
20538,0
20546,4
20551,1
20552,1
20554,4
20560,1
20562,1
20568,1
20569,1
20570,4
20572,1
20579,1
20581,1
20584,0
20587,1
20588,4
20589,6
20595,1
20596,0
20599,4
20601,4
20602,1
20603,1
20604,1
20605,1
20606,4
20610,1
20615,1
20617,1
20619,0
20621,6
20623,1
20626,1
20627,1
20630,1
20633,1
20636,0
20639,1
20645,1
20646,0
20647,1
20649,1
20650,1
20656,1
20658,1
20659,1
20663,1
20664,1
20666,1
20667,1
20668,1
20669,1
20671,1
20680,1
20688,5
20690,0
20693,1
20694,4
20695,3
20696,1
20700,1
20701,1
20704,1
20706,1
20709,1
20710,4
20722,1
20724,4
20729,0
20739,0
20743,1
20749,1
20751,1
20754,1
20757,6
20766,1
20780,4
20782,4
20787,1
20788,1
20790,3
20793,1
20794,0
20797,1
20798,1
20802,1
20805,1
20806,1
20808,1
20810,1
20813,1
20814,1
20815,4
20817,1
20819,4
20821,4
20828,1
20829,1
20830,0
20831,1
20832,6
20835,1
20836,1
20841,1
20847,1
20848,1
20849,0
20851,1
20853,1
20858,1
20859,1
20866,1
20870,1
20871,3
20876,1
20877,1
20878,1
20880,6
20882,4
20883,4
20887,4
20891,1
20894,1
20895,0
20897,3
20901,0
20906,3
20907,0
20913,1
20917,1
20919,3
20921,0
20922,1
20924,1
20928,1
20932,1
20936,1
20938,1
20939,4
20941,0
20943,6
20944,1
20946,1
20948,1
20949,1
20950,4
20951,0
20958,1
20962,1
20963,1
20965,1
20966,0
20970,1
20972,0
20978,1
20982,1
20986,1
20997,1
20998,1
21000,1
21001,4
21003,1
21007,1
21008,1
21011,4
21012,4
21017,1
21020,1
21021,1
21022,6
21025,1
21026,4
21028,1
21030,4
21031,0
21035,1
21043,1
21045,1
21051,1
21053,1
21056,1
21061,1
21064,1
21070,1
21071,3
21073,1
21074,1
21075,1
21079,5
21081,1
21085,1
21087,4
21089,1
21092,0
21095,5
21098,1
21102,1
21104,1
21107,1
21108,1
21109,1
21111,1
21113,1
21114,1
21117,1
21119,1
21120,1
21121,4
21129,0
21132,1
21134,0
21136,1
21138,1
21140,1
21141,1
21143,1
21144,4
21147,1
21149,6
21152,1
21153,4
21154,4
21161,0
21165,1
21166,1
21168,1
21169,1
21172,1
21175,1
21182,1
21183,4
21186,1
21187,4
21190,1
21197,1
21199,1
21201,1
21216,1
21220,0
21224,1
21228,0
21230,1
21231,1
21233,1
21236,1
21245,1
21253,4
21259,1
21260,0
21262,1
21263,1
21267,3
21273,1
21277,1
21278,1
21280,1
21284,1
21289,4
21291,1
21292,1
21295,1
21299,1
21303,1
21305,1
21306,4
21309,1
21310,1
21315,1
21316,4
21323,1
21324,4
21325,1
21326,4
21327,1
21329,0
21331,1
21334,1
21335,1
21336,4
21337,1
21339,1
21341,4
21343,1
21344,6
21345,1
21346,1
21349,4
21350,4
21351,1
21356,1
21357,1
21358,1
21363,5
21364,0
21368,1
21369,0
21370,1
21371,1
21372,1
21373,0
21375,1
21376,5
21381,1
21382,1
21384,1
21385,1
21388,1
21390,1
21394,6
21406,0
21407,0
21416,0
21418,4
21422,1
21426,1
21430,4
21433,0
21437,1
21443,1
21444,3
21446,4
21450,1
21455,1
21456,1
21460,1
21465,1
21478,1
21482,1
21484,1
21485,1
21486,6
21488,3
21491,4
21494,0
21495,1
21498,1
21504,4
21508,1
21510,1
21512,0
21517,1
21518,1
21519,4
21522,1
21523,4
21524,1
21525,4
21527,1
21531,1
21532,1
21533,4
21536,4
21539,1
21540,1
21542,1
21545,4
21546,1
21550,1
21555,1
21558,1
21560,1
21565,0
21567,1
21571,4
21572,0
21574,0
21575,1
21578,1
21583,0
21587,6
21596,1
21597,1
21602,1
21603,1
21606,0
21607,6
21608,1
21609,1
21614,4
21615,0
21630,1
21635,1
21637,1
21638,4
21639,4
21642,4
21646,1
21647,6
21649,4
21652,6
21654,1
21660,1
21663,1
21665,3
21670,1
21671,1
21673,1
21680,1
21683,4
21684,6
21686,4
21689,1
21690,0
21692,1
21695,4
21699,1
21702,1
21707,1
21708,1
21709,5
21710,4
21711,1
21715,1
21716,4
21717,0
21719,4
21727,0
21728,0
21730,1
21732,1
21733,1
21736,4
21738,1
21747,5
21749,4
21751,4
21755,1
21756,1
21758,1
21761,1
21763,4
21766,1
21770,4
21771,1
21773,1
21775,4
21776,1
21778,1
21779,1
21781,0
21784,1
21787,3
21788,4
21791,1
21793,1
21794,4
21795,0
21797,0
21804,1
21805,4
21812,1
21814,1
21819,1
21820,4
21823,1
21824,1
21825,1
21830,1
21838,1
21840,1
21843,1
21844,0
21846,1
21847,1
21848,1
21852,1
21854,1
21855,1
21859,1
21861,1
21864,1
21865,1
21871,1
21873,4
21879,4
21885,1
21890,4
21898,1
21902,0
21908,4
21909,1
21913,1
21914,0
21915,1
21922,4
21923,1
21927,1
21930,1
21935,1
21938,0
21939,0
21942,6
21946,1
21948,1
21956,1
21963,1
21964,1
21965,6
21968,1
21969,4
21970,1
21974,4
21975,1
21979,1
21981,1
21984,1
21987,1
21988,1
21991,4
21993,4
21994,1
21996,1
21999,1
22000,1
22005,1
22009,1
22011,1
22015,1
22023,1
22027,1
22028,1
22030,1
22034,4
22037,1
22039,3
22040,4
22043,0
22044,1
22045,1
22047,1
22051,1
22056,1
22058,1
22062,4
22068,4
22069,1
22070,3
22072,1
22075,1
22076,1
22079,1
22083,1
22085,1
22087,0
22088,1
22089,0
22092,1
22093,1
22095,1
22099,4
22102,0
22107,1
22108,0
22110,1
22113,1
22116,1
22119,0
22122,1
22124,3
22127,4
22128,0
22129,1
22130,1
22131,1
22133,4
22134,1
22135,1
22136,1
22139,0
22141,3
22147,1
22152,1
22153,1
22155,1
22156,4
22163,5
22165,1
22173,1
22177,1
22179,1
22181,1
22185,0
22188,1
22192,1
22193,1
22201,4
22208,1
22212,4
22215,1
22216,1
22217,1
22221,4
22223,1
22226,1
22228,1
22229,1
22230,0
22232,1
22233,1
22235,4
22237,4
22239,4
22241,0
22242,4
22245,1
22256,1
22259,1
22262,0
22266,1
22273,1
22274,1
22276,1
22280,1
22282,4
22283,1
22285,0
22286,1
22287,4
22288,4
22289,4
22292,3
22295,1
22298,1
22302,0
22304,0
22307,0
22317,1
22322,1
22324,1
22325,4
22331,1
22333,1
22334,6
22338,1
22339,0
22346,1
22354,1
22360,1
22361,1
22362,4
22367,1
22370,6
22372,1
22374,1
22376,0
22379,1
22381,1
22384,1
22389,1
22391,1
22392,1
22393,5
22397,1
22399,1
22402,0
22403,4
22407,1
22409,0
22412,0
22413,1
22421,4
22423,4
22424,1
22427,1
22430,1
22437,0
22446,4
22450,1
22451,1
22455,1
22456,6
22458,4
22461,2
22462,1
22463,0
22465,1
22466,1
22470,1
22475,1
22476,1
22477,6
22478,4
22480,1
22483,1
22486,1
22491,1
22494,1
22496,4
22499,6
22502,4
22504,1
22505,1
22507,1
22510,1
22517,4
22519,1
22521,1
22523,1
22524,4
22526,4
22535,1
22539,1
22543,1
22545,1
22549,1
22550,1
22552,1
22555,0
22556,1
22557,1
22558,1
22560,1
22563,1
22565,1
22571,1
22574,1
22577,1
22587,1
22588,1
22589,1
22590,4
22591,1
22599,1
22601,1
22603,0
22604,1
22606,1
22613,4
22614,1
22620,1
22627,4
22628,1
22630,1
22631,4
22632,0
22633,1
22638,4
22641,1
22644,1
22647,1
22648,1
22649,1
22651,1
22653,1
22655,1
22657,1
22661,1
22662,1
22663,1
22665,0
22666,4
22667,4
22668,0
22669,4
22672,0
22675,1
22680,6
22684,1
22685,1
22688,1
22691,1
22692,1
22693,0
22698,4
22699,3
22701,1
22703,4
22704,0
22706,1
22708,1
22709,1
22713,6
22714,4
22715,6
22716,1
22717,3
22720,1
22722,2
22724,1
22728,1
22729,1
22744,1
22746,0
22747,1
22749,1
22751,1
22754,0
22756,1
22758,1
22759,1
22760,1
22761,3
22763,1
22765,1
22767,1
22771,1
22773,4
22774,1
22780,4
22786,4
22787,1
22792,1
22794,1
22796,1
22797,1
22799,0
22801,1
22803,1
22806,1
22819,1
22820,1
22822,1
22823,3
22827,1
22828,1
22830,1
22832,1
22834,1
22837,1
22839,1
22840,1
22847,0
22850,1
22853,1
22855,1
22856,1
22858,4
22860,1
22863,0
22865,0
22875,4
22876,1
22878,1
22881,3
22882,4
22884,1
22886,1
22888,4
22890,1
22894,1
22896,0
22901,1
22902,4
22905,0
22909,1
22910,1
22915,1
22917,0
22924,1
22928,1
22939,1
22941,1
22947,1
22949,0
22950,4
22951,0
22960,1
22963,1
22965,2
22966,0
22967,1
22971,3
22980,1
22988,3
22989,3
22990,0
22995,1
22997,1
22998,1
23008,4
23009,1
23011,1
23014,4
23015,1
23018,1
23019,1
23021,1
23023,1
23024,1
23025,1
23028,0
23030,1
23031,4
23036,4
23037,4
23038,0
23039,4
23040,1
23044,0
23051,1
23052,1
23053,1
23054,1
23056,1
23063,1
23064,1
23065,1
23066,1
23070,4
23071,0
23072,1
23076,1
23079,0
23093,1
23098,1
23102,1
23104,0
23107,1
23108,1
23115,1
23118,1
23119,1
23121,1
23123,1
23124,1
23130,1
23135,1
23136,4
23138,4
23148,1
23153,0
23156,0
23159,0
23160,1
23164,1
23165,1
23166,1
23168,1
23172,1
23173,1
23175,1
23181,1
23187,1
23189,1
23193,1
23199,1
23202,4
23207,0
23208,1
23209,4
23210,0
23214,1
23215,1
23217,1
23223,1
23224,3
23235,1
23237,4
23240,1
23241,1
23243,1
23246,1
23249,1
23250,1
23252,1
23255,1
23256,1
23260,1
23261,1
23262,4
23265,1
23269,1
23271,4
23272,0
23273,1
23274,1
23277,1
23280,4
23284,1
23285,1
23293,1
23294,1
23295,1
23304,1
23306,1
23308,4
23311,1
23312,1
23314,1
23315,1
23320,0
23323,4
23325,1
23328,0
23334,1
23337,1
23340,1
23341,0
23344,0
23346,1
23347,4
23348,1
23350,1
23356,1
23361,1
23362,1
23365,1
23366,1
23367,4
23375,6
23376,1
23380,4
23381,4
23383,0
23385,1
23394,2
23395,1
23403,1
23405,1
23406,1
23408,1
23411,1
23420,1
23421,4
23428,4
23430,1
23431,1
23432,1
23434,1
23436,1
23437,0
23438,1
23439,1
23449,1
23451,0
23454,1
23456,1
23459,1
23460,1
23475,1
23476,0
23479,0
23485,1
23491,1
23493,1
23494,1
23497,0
23498,1
23500,1
23501,4
23502,4
23503,1
23505,1
23508,1
23509,1
23517,4
23519,1
23520,1
23523,4
23528,1
23533,1
23545,1
23546,5
23547,6
23548,1
23550,5
23559,1
23562,1
23566,1
23567,1
23569,0
23572,1
23574,1
23582,1
23585,1
23591,1
23592,4
23593,4
23594,1
23597,0
23598,1
23601,4
23606,4
23608,4
23609,1
23610,4
23611,1
23612,1
23613,1
23614,0
23616,4
23618,1
23619,1
23620,0
23622,0
23623,4
23625,0
23633,1
23634,4
23637,2
23638,1
23641,1
23645,1
23650,1
23653,1
23655,1
23658,4
23659,0
23660,1
23661,1
23665,1
23666,1
23670,1
23673,6
23675,4
23676,4
23678,1
23680,1
23687,1
23688,1
23693,4
23694,1
23696,0
23699,1
23700,5
23701,1
23703,0
23704,1
23706,1
23711,1
23712,1
23714,0
23716,1
23718,1
23719,1
23725,1
23729,6
23734,1
23736,1
23740,1
23742,4
23744,1
23746,0
23747,1
23762,5
23764,1
23773,4
23776,1
23779,4
23781,1
23786,1
23790,1
23793,1
23795,1
23796,1
23797,1
23798,1
23800,1
23807,1
23809,4
23810,1
23814,1
23820,1
23822,1
23824,4
23826,3
23827,1
23829,1
23830,4
23834,1
23836,1
23838,0
23841,1
23844,1
23845,1
23849,1
23850,0
23851,1
23853,1
23855,1
23856,1
23857,1
23859,1
23860,1
23863,4
23864,1
23869,3
23872,4
23878,4
23880,6
23881,1
23887,4
23899,1
23901,1
23902,1
23903,0
23906,6
23907,1
23908,0
23912,1
23914,1
23916,1
23917,1
23918,4
23920,0
23921,5
23926,1
23927,1
23932,1
23936,1
23940,1
23943,1
23952,0
23953,4
23960,4
23964,4
23965,1
23966,1
23968,1
23976,4
23977,1
23985,4
23986,1
23988,1
23989,1
23990,4
23991,1
23994,1
23997,1
24000,1
24002,1
24003,1
24005,4
24008,1
24010,1
24011,1
24012,4
24013,1
24018,1
24031,0
24034,1
24039,1
24047,4
24049,1
24051,1
24053,1
24059,0
24060,1
24061,1
24062,1
24063,1
24064,1
24067,1
24069,1
24076,0
24078,4
24079,0
24088,2
24100,1
24108,1
24109,4
24117,1
24123,1
24124,1
24125,0
24131,4
24132,1
24137,1
24139,1
24147,4
24149,1
24151,1
24152,4
24154,1
24156,2
24160,1
24162,1
24165,1
24167,1
24169,1
24170,5
24174,1
24176,1
24189,1
24190,4
24192,1
24200,1
24206,1
24207,1
24211,5
24212,4
24215,1
24216,1
24220,0
24223,1
24224,0
24226,1
24227,4
24228,0
24230,1
24232,1
24233,1
24234,1
24235,1
24241,1
24246,1
24250,1
24253,1
24255,0
24258,1
24259,1
24263,0
24266,4
24268,4
24270,1
24274,1
24277,1
24278,1
24279,0
24285,1
24286,1
24289,1
24291,1
24294,4
24295,1
24296,4
24300,4
24306,1
24308,1
24309,1
24310,1
24313,1
24317,0
24319,1
24323,1
24324,1
24325,1
24331,4
24332,1
24334,4
24336,1
24341,0
24342,1
24346,0
24347,0
24349,4
24352,1
24353,1
24354,1
24355,0
24356,4
24359,4
24363,1
24364,1
24366,1
24368,1
24370,0
24371,0
24374,1
24375,1
24378,0
24387,1
24393,4
24399,1
24400,1
24402,1
24403,4
24404,1
24405,1
24406,4
24408,0
24409,1
24410,1
24415,1
24422,3
24423,1
24424,1
24426,1
24427,1
24428,1
24431,1
24433,1
24434,1
24437,6
24438,1
24442,1
24445,1
24446,1
24449,1
24455,4
24456,1
24459,1
24460,1
24468,1
24469,1
24470,1
24471,1
24472,4
24474,1
24476,1
24477,1
24478,1
24480,4
24485,1
24487,4
24489,3
24492,4
24495,4
24498,1
24499,1
24500,6
24501,1
24505,1
24506,1
24513,1
24515,1
24517,1
24521,1
24523,1
24524,1
24526,1
24528,1
24529,4
24532,1
24534,1
24535,1
24543,1
24546,1
24548,1
24554,1
24557,4
24558,1
24565,0
24566,1
24567,1
24568,1
24569,5
24571,4
24572,1
24573,1
24575,1
24576,0
24580,1
24581,1
24583,1
24584,0
24587,1
24589,1
24595,0
24599,3
24604,4
24605,4
24610,4
24611,1
24612,0
24615,4
24619,1
24620,1
24628,1
24632,0
24633,1
24641,1
24643,4
24646,1
24665,1
24672,1
24682,1
24686,1
24689,4
24693,1
24694,1
24695,1
24699,1
24700,1
24701,1
24703,1
24704,0
24705,0
24707,3
24710,6
24711,1
24712,1
24713,0
24720,1
24723,1
24726,1
24728,1
24730,1
24732,1
24734,4
24739,0
24741,1
24748,1
24750,1
24757,4
24759,1
24765,4
24773,1
24776,4
24777,0
24782,1
24783,1
24784,1
24786,1
24789,1
24791,1
24793,1
24795,0
24796,1
24797,1
24801,1
24805,0
24809,1
24812,1
24815,1
24816,0
24818,0
24819,1
24823,4
24828,0
24829,1
24832,1
24833,1
24834,4
24835,1
24836,1
24837,1
24838,1
24839,1
24843,4
24844,6
24846,4
24850,2
24851,1
24853,3
24854,1
24855,1
24859,1
24863,1
24865,1
24867,1
24871,0
24873,1
24874,0
24878,1
24881,1
24892,1
24894,0
24897,0
24905,4
24906,1
24910,0
24911,1
24916,4
24919,1
24921,0
24923,1
24924,1
24928,1
24933,0
24936,4
24938,1
24939,0
24940,1
24941,4
24947,4
24950,5
24952,1
24956,1
24957,1
24961,4
24965,1
24968,1
24970,1
24971,1
24972,4
24980,1
24981,1
24983,4
24987,1
24992,1
24993,1
24994,1
24998,1
24999,1
25003,1
25005,4
25007,0
25009,1
25010,1
25015,1
25024,1
25026,1
25030,6
25031,1
25033,6
25035,0
25037,0
25038,1
25043,1
25044,1
25045,4
25046,1
25047,1
25051,1
25052,1
25053,0
25055,1
25058,1
25060,1
25062,1
25063,1
25065,4
25066,1
25068,1
25076,0
25079,1
25082,5
25089,1
25090,1
25091,1
25093,1
25099,1
25100,1
25101,1
25103,1
25104,1
25106,1
25107,4
25112,1
25117,0
25120,1
25121,4
25122,1
25128,1
25131,1
25132,1
25134,1
25137,0
25140,1
25142,4
25145,0
25146,1
25148,4
25154,1
25155,1
25156,1
25158,1
25159,1
25163,4
25164,1
25168,1
25169,1
25170,3
25172,3
25173,1
25175,1
25177,4
25182,1
25185,0
25186,1
25193,4
25199,1
25203,1
25206,1
25207,4
25208,1
25209,1
25211,1
25213,1
25219,1
25222,1
25223,1
25224,1
25225,1
25231,1
25239,1
25240,1
25244,1
25247,4
25251,1
25256,4
25259,0
25262,1
25266,1
25267,1
25268,1
25276,1
25282,1
25283,1
25284,1
25294,6
25296,0
25301,1
25303,1
25305,1
25307,0
25308,0
25309,1
25312,6
25313,1
25315,1
25319,1
25323,1
25324,5
25327,1
25330,1
25334,4
25335,1
25340,1
25341,1
25343,1
25346,1
25352,1
25362,1
25366,4
25369,1
25371,4
25373,1
25374,1
25377,0
25378,4
25380,4
25384,6
25393,0
25394,1
25395,0
25396,1
25397,1
25401,4
25402,0
25404,1
25406,1
25410,1
25411,0
25415,1
25416,1
25418,4
25421,5
25428,1
25431,1
25433,1
25437,1
25439,1
25440,1
25443,1
25447,1
25449,0
25450,1
25453,1
25454,1
25455,1
25460,1
25463,4
25464,1
25465,1
25466,1
25470,1
25471,4
25472,0
25476,1
25477,1
25481,4
25488,0
25489,1
25491,0
25494,1
25495,1
25496,1
25498,1
25503,1
25504,1
25505,1
25507,4
25509,4
25513,1
25515,1
25518,4
25519,5
25520,1
25521,1
25522,1
25524,4
25525,4
25526,1
25528,5
25529,1
25533,1
25535,5
25536,1
25539,1
25542,4
25543,1
25545,1
25549,1
25550,0
25553,0
25555,1
25556,1
25558,4
25561,4
25567,1
25568,1
25570,1
25571,1
25573,0
25581,4
25582,4
25585,1
25586,1
25590,1
25592,1
25602,4
25606,4
25612,1
25616,1
25619,0
25623,1
25625,1
25629,0
25630,4
25631,0
25634,1
25635,1
25637,4
25638,1
25640,4
25641,1
25644,1
25648,4
25649,6
25650,1
25651,1
25654,1
25655,1
25661,1
25662,1
25672,1
25674,1
25677,1
25678,0
25680,1
25681,1
25683,1
25685,4
25687,1
25688,1
25689,4
25691,1
25694,1
25696,4
25697,1
25698,1
25699,4
25703,1
25706,1
25707,1
25708,4
25710,1
25711,1
25716,4
25718,0
25721,4
25726,1
25727,0
25730,4
25733,1
25734,4
25735,1
25736,0
25739,1
25744,1
25745,1
25746,6
25749,1
25752,4
25756,4
25759,1
25760,1
25761,4
25764,0
25765,5
25768,1
25771,1
25772,1
25773,0
25774,0
25776,1
25777,1
25778,1
25780,1
25782,1
25788,1
25790,1
25793,1
25794,1
25796,1
25800,1
25801,1
25802,1
25803,4
25804,1
25806,5
25810,1
25811,0
25815,4
25818,0
25819,1
25821,1
25826,1
25829,1
25833,1
25834,1
25835,1
25836,1
25839,1
25840,1
25843,1
25847,1
25848,1
25849,1
25850,0
25852,4
25855,1
25858,1
25860,0
25862,1
25865,4
25866,0
25868,1
25871,4
25873,1
25877,0
25878,1
25880,1
25888,4
25890,2
25894,4
25895,0
25896,1
25897,4
25899,1
25902,1
25906,0
25911,1
25912,1
25913,1
25917,1
25919,1
25926,0
25928,4
25929,4
25931,1
25932,1
25933,1
25937,1
25938,1
25940,4
25941,0
25945,1
25949,1
25955,1
25957,1
25962,1
25965,0
25970,1
25971,4
25977,4
25979,1
25980,1
25982,1
25985,1
25986,1
25988,1
25989,1
25991,1
25996,1
25997,0
26000,0
26002,1
26007,1
26013,1
26015,1
26019,1
26022,4
26023,0
26024,1
26025,1
26027,1
26032,1
26034,1
26035,1
26038,1
26040,1
26041,1
26044,4
26046,1
26047,1
26050,1
26052,1
26054,1
26056,4
26059,1
26062,1
26068,1
26069,4
26071,1
26072,1
26073,0
26074,5
26078,1
26084,1
26085,1
26086,4
26087,1
26089,1
26091,1
26093,1
26094,1
26095,4
26097,1
26099,1
26101,1
26102,0
26103,0
26111,1
26119,1
26122,1
26124,1
26125,0
26126,1
26127,1
26130,0
26133,1
26140,1
26145,6
26146,1
26148,0
26153,1
26157,4
26158,1
26159,1
26161,1
26162,0
26163,1
26164,1
26168,4
26169,0
26170,1
26173,0
26174,1
26176,5
26177,1
26178,1
26179,1
26180,1
26183,4
26187,1
26188,1
26193,4
26194,4
26195,1
26198,4
26199,4
26200,1
26201,4
26204,4
26205,0
26207,1
26209,4
26213,1
26215,1
26229,4
26234,6
26236,1
26242,4
26248,1
26250,6
26255,1
26256,5
26259,3
26262,1
26263,1
26269,1
26270,1
26271,0
26273,4
26275,4
26276,0
26277,1
26278,1
26284,1
26285,1
26287,4
26291,1
26299,4
26300,1
26301,5
26308,6
26310,4
26320,4
26325,1
26327,1
26335,0
26339,1
26340,4
26341,1
26342,1
26344,4
26348,1
26349,3
26350,1
26351,1
26354,1
26355,1
26360,1
26362,1
26364,1
26366,4
26368,0
26370,1
26373,1
26374,0
26375,0
26377,1
26378,1
26383,1
26384,0
26395,4
26396,1
26398,4
26401,1
26409,1
26410,0
26411,1
26412,1
26416,1
26420,1
26421,1
26422,1
26424,4
26430,1
26433,1
26435,1
26436,4
26438,1
26441,6
26443,1
26450,0
26456,1
26459,0
26463,4
26465,1
26468,6
26473,1
26474,0
26480,1
26483,1
26485,1
26500,1
26502,1
26503,1
26507,1
26512,1
26514,1
26515,1
26521,4
26524,1
26526,1
26531,1
26533,1
26536,1
26538,1
26539,1
26543,1
26545,0
26549,1
26554,1
26557,5
26558,1
26561,1
26566,1
26567,1
26568,1
26570,1
26573,1
26576,1
26579,1
26585,1
26586,1
26588,1
26589,4
26590,1
26594,1
26597,1
26604,1
26606,4
26607,1
26608,1
26612,1
26616,4
26617,4
26624,4
26627,0
26629,1
26630,1
26631,0
26632,4
26633,4
26638,1
26640,1
26651,4
26652,1
26655,1
26657,1
26658,1
26659,1
26665,2
26667,4
26668,1
26670,0
26674,1
26676,1
26677,0
26680,1
26681,6
26684,1
26690,1
26692,1
26693,1
26697,1
26701,1
26703,1
26704,1
26708,5
26710,1
26713,1
26714,1
26715,1
26716,1
26718,0
26719,1
26723,4
26726,4
26727,1
26728,1
26732,1
26733,4
26736,1
26738,1
26743,1
26745,1
26748,1
26749,1
26752,1
26753,4
26754,1
26756,1
26760,4
26761,1
26764,1
26772,1
26773,1
26774,1
26776,1
26778,1
26782,1
26783,0
26785,0
26786,1
26787,1
26789,4
26791,4
26796,1
26799,1
26801,1
26802,1
26804,1
26805,1
26812,1
26814,1
26816,1
26819,4
26820,1
26822,1
26825,1
26826,1
26828,1
26831,0
26834,1
26837,0
26841,1
26842,1
26849,5
26857,1
26862,1
26863,1
26864,0
26866,1
26877,1
26878,1
26879,4
26881,1
26889,1
26890,1
26892,1
26893,1
26894,1
26898,1
26900,1
26903,1
26905,4
26906,1
26907,1
26910,3
26914,1
26915,4
26916,1
26925,1
26926,4
26930,4
26931,0
26932,1
26935,0
26939,0
26942,3
26944,0
26945,1
26948,1
26952,1
26953,1
26954,1
26955,1
26956,1
26958,1
26961,4
26966,1
26967,1
26968,0
26970,1
26973,1
26975,1
26976,1
26977,3
26978,1
26981,1
26982,4
26984,1
26985,1
26986,1
26987,4
26991,4
26994,1
26997,1
27001,1
27002,5
27004,1
27005,1
27006,0
27007,1
27010,1
27013,5
27018,6
27021,1
27024,1
27027,1
27030,4
27032,0
27034,1
27036,1
27043,1
27049,4
27051,0
27054,1
27060,1
27071,1
27073,4
27074,1
27075,1
27083,1
27091,1
27095,1
27097,5
27099,1
27100,1
27102,4
27103,1
27104,1
27105,1
27106,4
27109,1
27115,4
27119,1
27121,1
27123,4
27125,4
27130,1
27142,1
27143,1
27150,1
27153,1
27155,1
27157,1
27162,0
27163,1
27164,1
27167,1
27168,3
27169,1
27170,1
27173,1
27175,4
27177,0
27179,1
27180,4
27183,4
27187,1
27190,0
27191,1
27193,1
27194,4
27195,1
27196,1
27198,4
27201,1
27205,1
27208,1
27210,1
27216,1
27217,4
27218,1
27221,1
27223,0
27224,1
27228,0
27229,6
27234,6
27237,1
27240,1
27241,4
27245,1
27249,1
27251,1
27253,4
27254,1
27255,1
27263,1
27270,4
27280,0
27282,1
27283,1
27288,1
27289,1
27291,1
27294,1
27298,1
27302,4
27304,1
27305,1
27309,1
27313,1
27314,1
27317,1
27319,4
27321,1
27325,4
27326,1
27331,1
27332,1
27333,1
27339,1
27340,3
27343,0
27344,0
27345,1
27346,4
27350,0
27352,1
27353,1
27354,1
27356,6
27360,4
27364,1
27365,1
27367,4
27368,0
27369,1
27371,1
27372,1
27375,1
27377,4
27380,1
27382,1
27383,1
27385,1
27387,1
27388,5
27391,0
27392,1
27393,0
27397,1
27398,1
27399,4
27403,1
27404,4
27405,1
27407,0
27410,4
27412,6
27414,1
27417,1
27418,1
27420,0
27421,1
27423,4
27426,1
27430,0
27434,1
27435,1
27441,4
27443,1
27447,1
27448,1
27449,1
27451,1
27453,1
27455,1
27467,0
27472,4
27473,4
27474,1
27483,4
27487,0
27490,1
27491,1
27498,1
27500,0
27504,1
27508,4
27509,4
27510,0
27513,1
27515,1
27523,1
27524,1
27525,1
27527,6
27528,1
27529,1
27531,1
27532,1
27535,1
27536,2
27537,4
27543,1
27544,1
27549,4
27550,3
27551,1
27552,1
27555,1
27557,1
27563,1
27566,0
27570,4
27574,1
27577,0
27578,1
27586,1
27587,1
27589,1
27590,1
27591,1
27593,1
27594,4
27598,4
27607,1
27610,4
27612,1
27619,1
27620,0
27621,4
27622,1
27623,0
27624,1
27629,0
27630,1
27633,1
27637,1
27639,1
27641,1
27648,4
27650,1
27655,1
27656,4
27660,5
27661,1
27663,0
27668,1
27677,6
27679,1
27680,1
27681,1
27683,1
27684,0
27685,0
27686,1
27692,1
27693,1
27695,0
27696,1
27700,1
27703,1
27704,0
27705,1
27706,1
27707,1
27708,4
27709,0
27711,4
27712,1
27713,1
27716,4
27720,1
27721,4
27723,1
27726,1
27727,1
27730,0
27737,1
27741,1
27742,1
27754,0
27755,1
27758,4
27764,1
27765,1
27767,4
27770,1
27771,1
27773,4
27777,1
27780,1
27782,1
27783,1
27792,4
27793,1
27796,1
27797,0
27802,1
27803,1
27805,0
27807,1
27822,1
27824,1
27825,4
27827,1
27828,1
27830,1
27833,1
27834,1
27838,1
27839,1
27843,0
27844,1
27845,4
27858,0
27859,1
27867,1
27874,1
27880,1
27884,0
27885,1
27889,1
27891,0
27892,1
27895,1
27896,4
27897,1
27899,1
27904,4
27907,5
27909,1
27910,1
27914,0
27920,1
27928,1
27931,1
27933,1
27943,1
27944,1
27946,1
27947,1
27952,4
27953,1
27954,0
27957,1
27959,4
27962,1
27963,1
27965,0
27973,1
27978,4
27980,1
27981,1
27983,1
27986,4
27988,1
27989,0
27990,1
27991,1
27992,1
28004,4
28006,3
28011,0
28014,4
28015,1
28018,1
28019,0
28023,1
28024,1
28025,1
28033,1
28034,0
28036,1
28039,1
28041,1
28046,0
28047,1
28049,1
28052,1
28053,4
28055,0
28056,1
28057,1
28062,1
28068,1
28069,1
28071,1
28073,0
28074,0
28077,1
28084,1
28085,1
28097,0
28111,1
28113,4
28114,1
28117,1
28118,0
28120,0
28121,1
28122,1
28123,1
28126,1
28128,1
28132,1
28134,0
28135,1
28138,1
28140,1
28141,1
28145,1
28151,1
28154,1
28158,4
28159,1
28163,1
28164,1
28167,4
28168,1
28169,1
28170,1
28172,1
28173,1
28174,1
28175,4
28177,1
28179,1
28182,1
28184,1
28188,1
28189,1
28192,1
28193,1
28195,1
28204,1
28210,1
28212,1
28217,1
28218,1
28219,4
28220,1
28222,6
28227,1
28228,1
28230,1
28238,4
28239,1
28240,1
28242,1
28245,1
28249,1
28251,1
28252,1
28256,0
28257,0
28262,0
28264,1
28270,1
28273,3
28274,0
28275,0
28276,1
28279,0
28281,4
28283,6
28285,1
28287,4
28291,4
28295,4
28296,1
28302,6
28304,1
28308,1
28309,1
28310,1
28311,1
28313,1
28315,1
28320,3
28322,4
28328,5
28332,1
28334,6
28336,1
28339,1
28340,1
28342,1
28343,0
28345,1
28348,1
28353,1
28355,1
28356,1
28357,1
28366,1
28368,1
28370,1
28372,1
28373,1
28374,4
28376,0
28377,0
28378,1
28379,1
28380,1
28383,1
28384,0
28386,1
28387,4
28391,1
28396,4
28397,4
28401,1
28402,6
28403,1
28405,1
28407,5
28409,2
28416,1
28420,4
28422,0
28433,1
28434,0
28435,1
28436,1
28439,1
28440,0
28446,1
28452,1
28453,0
28454,4
28459,0
28462,4
28464,5
28465,0
28467,1
28468,1
28470,1
28472,1
28476,1
28479,1
28482,0
28491,4
28495,1
28497,1
28505,1
28509,1
28510,1
28513,1
28516,0
28521,1
28524,4
28528,1
28529,1
28531,1
28535,0
28536,1
28537,0
28544,1
28546,4
28549,0
28550,1
28552,1
28555,1
28556,1
28557,4
28559,0
28563,1
28565,1
28568,1
28570,4
28572,1
28574,4
28576,6
28578,1
28583,4
28584,1
28585,1
28586,1
28587,4
28590,4
28591,3
28595,1
28598,1
28600,1
28601,0
28602,0
28603,0
28606,1
28611,1
28613,1
28615,1
28621,4
28626,1
28628,0
28633,1
28636,4
28637,4
28638,1
28641,1
28643,1
28644,1
28648,5
28651,1
28652,1
28656,1
28661,1
28666,1
28670,1
28671,1
28672,1
28675,0
28684,1
28688,1
28691,1
28692,1
28695,1
28696,1
28697,3
28699,4
28700,1
28708,1
28710,1
28713,1
28716,1
28717,1
28721,1
28724,0
28726,0
28727,1
28729,1
28730,1
28731,1
28738,1
28744,1
28746,1
28751,1
28756,0
28758,1
28759,4
28760,1
28761,0
28770,1
28778,1
28780,1
28782,1
28783,4
28784,1
28795,1
28796,4
28798,4
28800,0
28804,0
28808,1
28813,1
28815,0
28818,0
28820,1
28821,1
28823,1
28825,3
28826,1
28827,1
28833,1
28835,4
28843,1
28846,0
28848,1
28849,1
28851,4
28852,1
28854,1
28855,1
28858,1
28859,1
28861,4
28866,1
28867,1
28870,1
28878,4
28888,1
28896,1
28902,1
28910,1
28911,1
28912,6
28917,6
28918,4
28921,1
28924,1
28927,1
28930,0
28931,4
28935,1
28936,1
28937,1
28939,0
28942,1
28945,1
28952,5
28956,1
28962,1
28963,4
28965,4
28974,0
28975,4
28978,1
28981,4
28985,1
28986,0
28987,1
28988,1
28990,1
28991,0
28992,6
28994,1
28995,4
28997,3
29001,1
29002,0
29009,1
29015,4
29024,1
29029,1
29030,1
29031,4
29033,1
29034,0
29038,1
29039,1
29040,1
29045,4
29047,1
29051,1
29056,0
29059,1
29062,1
29065,1
29069,2
29072,0
29075,4
29076,1
29077,1
29080,1
29084,1
29089,1
29092,1
29098,1
29099,1
29105,1
29110,1
29113,1
29116,4
29117,0
29119,0
29123,0
29124,4
29126,0
29127,1
29131,6
29132,4
29133,1
29137,1
29139,1
29141,1
29143,1
29146,0
29147,1
29148,4
29153,1
29157,1
29161,1
29162,1
29163,1
29164,1
29165,5
29172,1
29174,1
29175,1
29178,1
29181,1
29185,4
29187,1
29191,1
29193,4
29196,1
29198,1
29200,1
29202,0
29203,4
29209,4
29210,1
29212,4
29214,4
29215,4
29216,1
29218,1
29221,1
29222,0
29223,0
29225,1
29234,4
29236,1
29239,1
29240,1
29241,4
29242,1
29243,1
29244,1
29248,1
29250,1
29252,4
29253,1
29254,1
29260,1
29263,1
29265,1
29266,1
29267,4
29268,0
29269,5
29270,1
29271,1
29281,4
29282,1
29290,1
29291,0
29294,0
29296,1
29303,1
29305,1
29306,1
29310,4
29311,1
29313,0
29314,1
29316,1
29318,1
29319,1
29320,1
29321,1
29325,1
29326,1
29332,5
29333,1
29335,1
29341,1
29342,1
29344,1
29348,1
29349,1
29350,1
29351,1
29353,1
29358,4
29360,1
29363,1
29364,1
29365,1
29367,1
29369,1
29370,1
29372,1
29374,5
29376,1
29379,1
29386,1
29390,1
29392,1
29394,0
29395,0
29399,1
29404,1
29406,1
29407,1
29411,1
29412,1
29413,1
29419,1
29427,1
29430,1
29432,1
29439,1
29447,1
29449,1
29454,1
29462,1
29464,1
29466,4
29467,3
29468,1
29470,1
29472,1
29473,1
29474,1
29476,4
29481,1
29484,1
29493,1
29494,1
29496,1
29497,0
29498,4
29499,1
29503,6
29504,4
29505,1
29507,4
29508,0
29509,1
29510,1
29516,4
29517,1
29518,0
29519,4
29521,4
29522,1
29525,1
29531,1
29532,1
29533,4
29536,1
29538,0
29543,1
29545,1
29554,0
29555,4
29556,0
29557,1
29561,1
29567,1
29570,1
29572,1
29573,1
29575,1
29576,1
29579,1
29581,1
29585,0
29586,1
29589,1
29590,0
29592,5
29593,0
29594,1
29595,5
29598,1
29600,1
29602,1
29603,0
29604,0
29605,0
29607,4
29613,0
29618,1
29619,1
29620,1
29624,0
29626,0
29628,1
29629,1
29630,1
29632,3
29634,4
29636,1
29637,1
29638,1
29640,6
29641,0
29645,0
29648,4
29652,0
29653,1
29655,1
29657,4
29658,1
29662,1
29667,1
29669,1
29673,1
29676,1
29677,1
29679,1
29681,1
29688,0
29689,1
29690,1
29692,1
29695,4
29697,1
29699,1
29702,0
29703,1
29707,1
29712,1
29713,4
29715,1
29724,4
29725,1
29728,1
29732,1
29734,1
29736,4
29746,1
29753,1
29754,1
29755,1
29758,5
29760,1
29767,1
29772,1
29776,1
29777,3
29779,4
29780,4
29782,1
29785,0
29791,4
29795,3
29796,4
29801,0
29802,4
29803,1
29804,1
29805,1
29806,0
29811,1
29813,4
29814,1
29815,1
29816,5
29819,1
29821,1
29828,1
29830,1
29833,1
29839,1
29840,1
29847,1
29849,1
29852,1
29856,1
29858,3
29860,0
29861,0
29864,1
29867,1
29870,1
29871,0
29872,0
29876,1
29877,1
29878,4
29884,1
29887,1
29892,1
29896,1
29897,1
29900,1
29902,1
29903,1
29905,4
29909,4
29917,1
29920,1
29924,4
29930,1
29931,1
29933,1
29934,1
29949,1
29950,3
29952,1
29953,0
29954,4
29955,1
29959,0
29962,1
29963,1
29967,1
29970,0
29971,1
29973,2
29974,1
29975,1
29978,1
29981,4
29982,4
29983,4
29990,1
29991,1
29994,1
29995,0
29996,1
29997,0
29999,0
30001,3
30005,1
30007,1
30009,1
30012,1
30019,0
30023,5
30024,4
30028,1
30030,4
30038,1
30040,1
30041,2
30043,1
30045,0
30047,1
30053,1
30054,1
30059,4
30066,1
30070,1
30071,0
30072,1
30073,4
30074,1
30077,4
30092,1
30093,0
30104,3
30105,1
30107,4
30116,1
30121,1
30129,1
30132,1
30137,1
30138,1
30142,5
30143,1
30152,0
30153,1
30156,1
30165,0
30166,1
30178,1
30179,1
30181,4
30185,1
30187,1
30188,0
30190,0
30194,4
30197,1
30199,1
30203,1
30204,1
30208,4
30214,0
30216,1
30221,0
30222,1
30224,1
30226,1
30227,1
30228,1
30229,1
30231,4
30234,1
30236,1
30238,1
30240,1
30243,1
30244,4
30245,0
30246,1
30250,1
30252,2
30253,1
30258,4
30261,1
30262,1
30265,1
30271,1
30278,4
30284,0
30285,1
30286,1
30287,5
30289,1
30294,1
30295,0
30299,4
30300,4
30304,1
30312,1
30318,4
30319,1
30320,1
30322,4
30326,1
30328,1
30329,1
30330,4
30332,1
30333,1
30335,4
30336,1
30338,1
30339,0
30340,1
30342,4
30344,1
30346,0
30347,1
30351,1
30356,4
30357,1
30361,1
30363,1
30364,1
30366,1
30367,1
30369,1
30371,1
30374,1
30376,0
30377,1
30379,4
30380,1
30382,1
30384,1
30386,1
30387,1
30392,1
30393,1
30395,1
30396,3
30397,1
30399,1
30400,1
30401,1
30406,4
30407,5
30412,1
30418,1
30420,1
30424,1
30425,1
30427,1
30429,1
30432,1
30433,0
30435,1
30440,1
30443,0
30444,1
30452,4
30455,1
30457,1
30460,1
30461,1
30463,1
30476,1
30477,1
30478,0
30488,1
30489,1
30491,1
30492,1
30494,1
30496,1
30500,1
30502,1
30504,1
30505,1
30513,1
30515,1
30518,1
30520,1
30524,1
30528,1
30531,1
30533,4
30537,1
30541,4
30546,1
30547,0
30548,0
30550,0
30551,1
30554,1
30556,0
30563,1
30565,1
30566,4
30568,1
30569,1
30573,4
30574,4
30576,4
30577,1
30580,1
30583,1
30585,0
30587,0
30589,1
30590,1
30593,1
30594,4
30595,4
30603,1
30604,4
30609,1
30612,1
30613,1
30616,0
30617,1
30618,0
30619,1
30630,4
30631,1
30636,1
30638,1
30643,1
30644,4
30649,4
30650,1
30654,1
30655,1
30664,4
30665,1
30669,1
30673,1
30678,0
30682,5
30684,0
30686,1
30688,1
30695,4
30702,1
30704,0
30705,4
30706,1
30708,1
30712,1
30714,1
30715,1
30716,1
30719,1
30720,4
30721,1
30722,1
30723,1
30726,1
30728,0
30731,1
30732,1
30733,1
30734,1
30736,1
30738,1
30740,0
30743,1
30744,1
30745,5
30746,1
30748,1
30753,1
30755,0
30757,0
30759,1
30760,4
30764,1
30765,0
30768,1
30773,2
30779,4
30789,1
30793,1
30795,1
30797,1
30799,1
30802,4
30803,1
30807,1
30811,0
30812,4
30813,1
30819,1
30822,0
30823,0
30827,4
30828,0
30835,1
30838,1
30845,0
30846,1
30847,1
30852,1
30853,1
30854,0
30855,4
30858,1
30859,1
30860,4
30864,1
30866,1
30869,1
30874,4
30877,6
30879,1
30883,1
30886,1
30888,0
30893,4
30895,1
30899,0
30903,4
30904,1
30906,1
30909,1
30910,1
30911,1
30913,1
30914,1
30917,0
30922,1
30926,1
30927,1
30935,1
30936,4
30941,4
30943,1
30944,1
30945,1
30951,0
30953,1
30957,1
30962,1
30967,0
30970,0
30983,0
30989,1
30990,0
30991,6
30992,1
30995,1
30996,0
30997,6
30999,1
31005,0
31011,1
31019,1
31020,1
31022,1
31023,4
31025,1
31027,1
31028,1
31029,1
31031,4
31032,1
31035,1
31039,1
31040,1
31053,4
31057,1
31058,1
31061,4
31065,4
31066,0
31068,1
31070,1
31071,5
31073,1
31076,1
31089,1
31091,1
31092,4
31093,1
31094,1
31096,1
31097,1
31099,0
31100,1
31101,1
31103,0
31104,1
31108,1
31113,1
31116,1
31117,1
31120,1
31122,1
31124,4
31126,0
31127,1
31133,1
31144,1
31145,1
31151,4
31154,1
31155,1
31159,3
31160,1
31162,1
31165,4
31166,0
31167,0
31171,1
31173,1
31175,1
31176,1
31177,0
31179,1
31181,1
31183,4
31184,1
31186,1
31187,1
31191,2
31194,1
31195,1
31197,1
31213,1
31215,1
31217,4
31218,1
31224,0
31231,1
31232,0
31233,1
31235,4
31238,1
31239,1
31242,1
31247,1
31248,0
31250,1
31251,1
31253,6
31259,1
31265,1
31268,1
31271,1
31273,1
31276,1
31284,1
31285,1
31287,1
31291,1
31292,1
31294,0
31295,4
31298,4
31301,1
31302,1
31303,1
31312,0
31313,1
31316,1
31317,1
31318,0
31320,4
31323,1
31326,1
31333,6
31338,1
31341,1
31343,6
31349,1
31353,0
31359,4
31362,4
31365,1
31369,1
31372,1
31375,1
31376,0
31378,1
31379,1
31383,1
31386,1
31388,1
31389,1
31391,1
31393,1
31397,1
31398,1
31401,1
31403,1
31406,1
31415,1
31417,0
31418,4
31422,1
31431,1
31433,1
31434,1
31436,1
31438,1
31440,0
31441,4
31443,1
31444,0
31446,4
31447,1
31448,1
31450,4
31457,6
31460,0
31461,1
31468,0
31471,1
31473,4
31474,1
31475,1
31479,4
31480,4
31483,4
31487,1
31488,0
31489,4
31490,1
31497,1
31499,1
31501,3
31502,1
31503,4
31504,1
31508,1
31509,1
31511,6
31512,1
31513,1
31519,4
31522,1
31524,1
31525,1
31527,1
31528,0
31530,0
31531,1
31532,1
31534,1
31542,1
31543,1
31545,1
31547,1
31548,4
31549,0
31551,1
31552,1
31554,1
31559,1
31562,4
31566,1
31568,0
31569,1
31573,4
31592,4
31597,1
31598,1
31599,0
31602,0
31603,1
31604,1
31609,6
31611,1
31612,1
31618,5
31623,4
31629,0
31645,1
31650,1
31655,1
31657,1
31659,1
31660,1
31665,1
31666,1
31673,1
31675,1
31681,3
31684,1
31685,1
31686,0
31687,1
31688,1
31690,1
31693,1
31695,1
31698,1
31700,2
31701,4
31704,1
31705,4
31706,4
31708,4
31709,0
31712,4
31713,1
31718,1
31726,0
31729,5
31733,1
31735,0
31736,1
31738,0
31739,0
31740,1
31741,1
31743,0
31747,0
31748,0
31750,4
31755,1
31759,1
31760,1
31764,1
31765,0
31767,4
31772,1
31773,1
31778,1
31780,1
31786,1
31791,1
31793,4
31807,1
31809,0
31811,4
31816,4
31817,4
31818,4
31823,1
31825,1
31826,4
31828,1
31831,1
31834,4
31835,1
31841,1
31843,1
31848,4
31851,1
31857,1
31858,1
31863,1
31867,1
31868,1
31869,0
31871,1
31875,1
31879,1
31886,4
31895,1
31898,1
31901,1
31903,4
31905,1
31906,1
31908,1
31910,1
31912,1
31915,1
31919,1
31922,3
31923,1
31926,1
31927,1
31928,1
31930,0
31934,1
31936,1
31940,1
31943,4
31945,0
31947,1
31949,4
31952,1
31955,4
31956,1
31959,1
31966,0
31971,1
31974,0
31975,4
31977,1
31979,3
31981,1
31982,0
31985,0
31988,4
31989,1
31990,6
31994,1
31996,0
31997,0
32003,1
32006,1
32007,4
32009,4
32010,1
32012,1
32014,1
32019,4
32022,1
32025,4
32031,1
32032,0
32034,1
32037,4
32042,4
32044,1
32046,1
32047,1
32060,1
32062,1
32063,1
32064,1
32065,1
32068,1
32070,1
32073,6
32076,1
32077,0
32080,1
32081,1
32085,1
32086,1
32088,0
32089,6
32094,1
32096,1
32097,4
32098,1
32099,1
32101,1
32104,1
32105,4
32108,6
32111,0
32115,0
32118,1
32120,4
32125,0
32128,4
32131,1
32136,0
32137,1
32140,4
32142,0
32143,1
32146,1
32151,1
32153,4
32160,1
32162,1
32166,4
32167,1
32169,1
32171,1
32172,1
32175,1
32184,1
32186,1
32188,0
32189,1
32193,1
32194,4
32196,1
32197,4
32203,1
32206,1
32209,0
32210,6
32212,1
32213,1
32214,1
32215,1
32217,1
32218,1
32226,4
32230,0
32234,1
32235,1
32238,1
32242,1
32246,1
32252,1
32255,4
32258,5
32259,4
32264,1
32265,1
32266,1
32272,1
32277,1
32278,0
32280,1
32282,1
32283,1
32288,4
32289,1
32290,4
32298,1
32303,3
32307,0
32308,1
32310,1
32313,1
32318,0
32320,1
32322,1
32324,1
32326,1
32327,4
32333,6
32334,0
32336,1
32337,1
32338,1
32340,4
32345,1
32346,1
32347,1
32350,1
32353,0
32354,1
32356,1
32357,1
32360,1
32363,5
32367,1
32368,1
32369,1
32370,1
32372,1
32377,1
32383,4
32386,1
32389,4
32391,3
32392,1
32395,1
32396,0
32401,1
32402,4
32409,1
32414,1
32415,1
32417,4
32420,1
32422,1
32425,1
32426,1
32428,0
32431,1
32434,1
32436,1
32438,1
32439,1
32446,1
32447,1
32449,4
32450,1
32455,1
32460,1
32461,4
32462,1
32465,1
32466,5
32467,1
32471,4
32477,1
32479,4
32480,5
32483,1
32487,4
32489,4
32496,4
32499,0
32502,1
32504,1
32505,1
32509,1
32510,1
32512,1
32514,1
32516,1
32520,1
32522,0
32525,1
32529,1
32530,1
32531,1
32534,0
32539,1
32540,6
32543,4
32546,1
32551,1
32552,1
32553,1
32554,1
32555,1
32557,4
32559,1
32560,5
32563,1
32571,1
32576,3
32578,0
32579,1
32582,1
32586,1
32589,1
32591,1
32592,1
32593,1
32595,1
32597,1
32604,1
32605,4
32607,1
32609,1
32612,1
32613,1
32625,0
32627,0
32630,0
32633,1
32634,0
32638,1
32639,4
32641,1
32644,1
32646,4
32648,4
32649,1
32650,1
32657,1
32658,1
32659,1
32664,1
32667,1
32670,0
32672,1
32675,1
32679,4
32683,1
32685,1
32686,1
32692,4
32694,1
32695,1
32703,1
32714,1
32715,1
32717,1
32721,4
32722,4
32724,1
32726,4
32733,1
32734,1
32735,4
32737,1
32738,1
32739,1
32742,1
32743,1
32745,1
32746,6
32754,1
32757,1
32764,1
32766,0
32770,1
32775,0
32776,1
32780,1
32782,1
32784,4
32785,1
32786,1
32787,1
32793,1
32794,0
32795,1
32796,1
32798,1
32803,1
32806,0
32814,0
32816,1
32817,1
32820,1
32823,1
32827,1
32829,0
32832,1
32834,1
32837,4
32838,1
32839,4
32849,1
32850,1
32854,4
32856,4
32858,1
32859,1
32860,1
32862,4
32864,0
32865,1
32866,4
32867,1
32869,4
32870,1
32871,4
32872,1
32875,4
32876,1
32877,1
32882,1
32884,1
32888,1
32894,1
32898,0
32900,1
32906,1
32913,1
32916,0
32927,6
32930,1
32933,4
32934,4
32937,1
32941,1
32944,1
32945,1
32946,1
32949,1
32956,1
32960,1
32962,1
32963,1
32968,0
32971,0
32972,4
32976,1
32979,1
32986,1
32992,1
32993,1
32994,1
32995,4
32999,1
33001,0
33004,1
33005,4
33008,1
33010,1
33013,4
33014,4
33015,0
33016,1
33017,6
33018,1
33023,4
33024,1
33027,4
33028,0
33029,1
33030,1
33031,1
33041,1
33049,1
33050,1
33053,4
33056,0
33061,1
33062,1
33065,1
33066,1
33069,1
33070,0
33072,1
33075,1
33079,0
33080,1
33081,1
33086,1
33088,4
33089,1
33091,0
33093,1
33095,1
33098,1
33102,0
33104,1
33105,1
33106,1
33110,1
33118,1
33120,1
33121,1
33122,1
33127,4
33130,1
33131,1
33132,1
33133,4
33139,1
33140,1
33141,1
33142,0
33144,1
33146,1
33149,1
33151,1
33156,1
33162,1
33164,0
33174,1
33176,4
33178,1
33187,4
33189,1
33193,0
33198,1
33200,0
33203,4
33209,1
33210,0
33216,1
33217,1
33218,1
33219,1
33223,0
33231,1
33232,4
33234,1
33236,1
33238,1
33240,1
33244,1
33245,1
33248,1
33250,1
33252,1
33253,1
33256,4
33260,1
33265,1
33266,1
33267,1
33269,1
33270,4
33271,4
33278,6
33281,4
33285,1
33287,0
33291,1
33293,1
33302,0
33305,0
33306,1
33311,1
33312,1
33314,1
33315,1
33317,1
33326,6
33329,1
33335,1
33337,1
33342,1
33344,0
33348,1
33350,4
33351,1
33359,0
33367,0
33371,1
33372,1
33374,4
33377,4
33379,1
33383,4
33389,4
33393,1
33398,1
33406,1
33409,1
33411,1
33415,1
33417,1
33418,1
33421,4
33425,1
33426,1
33432,1
33433,1
33438,1
33447,1
33452,0
33459,4
33469,1
33471,1
33472,1
33483,1
33488,1
33495,1
33496,1
33497,1
33498,1
33499,1
33503,1
33510,4
33513,1
33517,0
33519,1
33525,1
33533,1
33534,1
33535,0
33536,1
33537,1
33539,1
33546,1
33547,1
33549,1
33556,1
33559,4
33563,1
33567,0
33572,1
33582,1
33585,1
33586,1
33590,1
33593,1
33594,1
33598,1
33601,1
33604,1
33605,1
33609,1
33614,0
33615,1
33617,0
33618,1
33619,1
33630,1
33638,1
33640,1
33641,1
33642,1
33644,1
33650,1
33652,1
33658,6
33662,1
33663,1
33666,1
33671,1
33672,4
33676,1
33678,1
33680,1
33681,1
33685,4
33689,1
33690,1
33691,1
33693,1
33694,1
33696,4
33700,1
33701,1
33707,1
33710,4
33717,0
33722,1
33726,1
33730,1
33736,4
33738,1
33739,1
33741,1
33745,1
33746,1
33749,1
33750,1
33751,1
33752,0
33753,1
33757,1
33760,1
33761,1
33762,1
33763,1
33767,4
33769,1
33770,4
33776,1
33777,1
33778,1
33786,1
33787,1
33793,0
33797,1
33800,0
33802,4
33807,1
33813,1
33816,0
33817,1
33820,1
33823,1
33825,1
33828,1
33829,3
33831,1
33839,1
33845,0
33847,4
33848,1
33853,1
33859,4
33860,1
33862,0
33866,1
33868,4
33869,1
33876,1
33877,1
33880,1
33882,1
33884,6
33886,0
33892,1
33894,1
33897,1
33898,0
33900,1
33904,1
33907,1
33908,0
33910,4
33917,1
33918,1
33919,4
33924,1
33925,1
33930,1
33933,4
33934,1
33938,5
33939,1
33941,4
33942,1
33944,3
33945,1
33959,4
33960,1
33961,0
33962,1
33970,1
33973,1
33974,4
33976,0
33977,0
33979,4
33985,4
33987,0
33988,1
33989,1
33990,0
33994,1
33995,1
33996,1
33999,1
34001,0
34002,1
34009,1
34013,1
34018,1
34019,1
34024,1
34028,1
34032,0
34033,1
34034,0
34036,1
34039,1
34044,1
34045,4
34052,4
34054,4
34055,0
34057,1
34059,1
34062,1
34064,0
34067,1
34074,1
34077,1
34081,4
34084,1
34086,1
34088,1
34089,4
34091,5
34092,1
34094,4
34098,4
34105,0
34107,1
34108,1
34110,1
34115,4
34116,0
34123,1
34125,0
34127,1
34130,1
34137,4
34140,4
34141,1
34144,1
34145,1
34146,4
34150,6
34152,1
34153,0
34155,1
34162,1
34163,4
34164,1
34166,1
34167,0
34174,0
34180,1
34181,1
34184,1
34185,1
34189,0
34191,1
34194,1
34196,0
34197,4
34202,1
34203,4
34205,2
34211,4
34212,1
34220,1
34224,1
34225,1
34228,1
34229,0
34232,4
34235,1
34250,0
34253,4
34258,4
34260,1
34261,0
34271,1
34273,0
34275,1
34279,1
34280,1
34287,1
34289,1
34292,1
34295,1
34297,0
34299,6
34301,1
34304,0
34305,1
34306,0
34309,1
34310,1
34314,1
34315,1
34316,4
34317,1
34318,1
34323,1
34334,1
34337,0
34338,1
34341,1
34342,1
34343,1
34345,1
34346,1
34350,4
34352,4
34353,1
34354,1
34357,0
34360,4
34363,4
34364,1
34365,4
34368,1
34369,4
34370,1
34372,1
34373,1
34374,0
34376,1
34381,4
34383,0
34386,5
34391,1
34392,1
34394,1
34398,0
34402,1
34404,4
34405,1
34406,0
34409,1
34414,0
34424,1
34425,1
34434,1
34435,1
34437,1
34439,4
34440,1
34441,1
34445,1
34451,1
34452,3
34455,4
34456,1
34458,1
34459,1
34465,1
34466,1
34467,1
34470,1
34472,1
34474,1
34475,1
34477,1
34482,1
34487,1
34489,1
34490,1
34491,4
34495,5
34497,1
34498,1
34500,1
34501,1
34502,1
34504,3
34515,4
34516,1
34519,1
34520,1
34521,1
34523,1
34528,1
34530,1
34532,0
34537,1
34538,1
34540,1
34543,1
34544,1
34549,1
34550,1
34553,1
34556,3
34557,4
34561,1
34565,4
34566,1
34568,1
34570,4
34571,1
34572,6
34575,1
34576,4
34578,1
34580,4
34582,1
34583,1
34586,1
34589,1
34590,4
34592,1
34594,1
34595,0
34598,4
34601,4
34603,0
34606,1
34607,1
34609,1
34614,1
34624,0
34627,0
34631,1
34632,1
34641,0
34643,1
34645,1
34647,1
34659,1
34665,1
34667,1
34671,1
34673,1
34678,1
34679,1
34683,0
34686,4
34687,1
34688,1
34690,1
34692,4
34696,4
34699,1
34701,1
34704,1
34706,1
34714,0
34717,1
34719,1
34720,1
34723,1
34727,1
34729,1
34730,1
34731,1
34736,4
34739,1
34744,1
34746,1
34747,1
34748,1
34751,4
34752,4
34753,1
34755,1
34756,0
34757,1
34763,1
34765,0
34766,4
34767,1
34768,1
34770,4
34772,1
34778,1
34781,1
34783,1
34784,4
34785,1
34787,4
34788,1
34789,1
34791,1
34792,0
34794,6
34795,1
34796,4
34799,1
34801,6
34805,0
34810,1
34811,1
34814,1
34815,1
34816,1
34817,1
34819,1
34821,1
34823,4
34826,4
34828,1
34831,1
34832,1
34844,1
34848,1
34852,3
34853,1
34854,1
34855,1
34860,1
34862,4
34867,4
34872,1
34874,1
34877,1
34881,4
34882,1
34886,1
34888,1
34891,1
34898,4
34900,1
34902,1
34903,1
34909,4
34910,4
34915,0
34916,1
34917,4
34919,1
34920,1
34922,1
34924,1
34926,1
34930,1
34931,1
34935,1
34939,1
34941,1
34943,1
34945,1
34946,1
34949,1
34950,4
34961,1
34964,1
34965,1
34967,1
34968,1
34971,0
34975,1
34978,3
34980,1
34982,1
34991,1
34995,1
35004,1
35009,1
35013,1
35015,0
35022,1
35030,4
35031,1
35036,1
35039,1
35040,1
35041,1
35045,1
35051,1
35052,1
35058,1
35059,1
35063,1
35064,1
35066,1
35067,1
35071,4
35081,1
35084,0
35087,0
35089,6
35090,1
35091,1
35092,1
35094,4
35099,1
35101,1
35102,0
35105,0
35106,1
35108,1
35110,0
35111,1
35115,1
35118,1
35120,1
35133,0
35134,1
35135,0
35138,1
35139,1
35140,0
35145,1
35147,1
35148,1
35152,1
35157,1
35158,1
35161,0
35165,1
35170,1
35171,0
35176,1
35178,1
35183,1
35185,4
35186,4
35188,0
35189,0
35191,1
35192,1
35195,1
35196,1
35197,1
35198,5
35199,1
35202,1
35204,0
35205,0
35208,1
35209,1
35210,0
35214,1
35222,0
35224,1
35226,1
35229,4
35231,1
35232,1
35233,1
35234,1
35235,1
35238,1
35239,1
35240,1
35242,4
35243,1
35244,4
35245,1
35246,1
35247,1
35249,4
35250,1
35251,4
35252,1
35254,0
35255,4
35257,1
35258,1
35259,1
35269,0
35272,0
35273,1
35274,1
35275,1
35276,1
35282,1
35283,1
35286,4
35289,1
35291,6
35292,1
35294,0
35295,1
35297,1
35299,1
35303,0
35305,1
35306,1
35311,1
35318,1
35325,4
35326,4
35327,1
35328,0
35329,1
35331,1
35332,1
35334,1
35344,1
35353,1
35354,1
35360,0
35362,1
35363,1
35364,1
35365,1
35371,1
35377,1
35380,3
35384,1
35388,1
35389,1
35390,1
35396,1
35397,4
35404,1
35408,0
35409,1
35418,4
35419,1
35425,4
35428,1
35429,1
35430,1
35431,4
35437,1
35438,1
35441,1
35442,0
35459,1
35460,1
35461,1
35463,1
35465,1
35467,4
35472,2
35473,0
35474,1
35476,1
35477,1
35478,1
35479,1
35480,0
35481,1
35482,1
35484,4
35485,0
35486,0
35489,1
35490,0
35494,4
35495,1
35497,1
35499,1
35500,1
35502,1
35503,1
35508,1
35509,4
35511,1
35512,1
35513,1
35515,4
35518,1
35519,1
35520,1
35524,0
35528,1
35530,1
35540,1
35542,1
35549,1
35552,1
35555,1
35557,0
35561,1
35564,6
35566,5
35570,1
35571,0
35576,1
35578,0
35579,1
35583,4
35593,0
35594,1
35598,0
35600,0
35601,1
35603,1
35612,2
35615,1
35616,1
35617,1
35629,1
35636,1
35641,1
35645,1
35646,1
35650,1
35656,1
35658,0
35668,1
35671,1
35674,1
35676,0
35678,1
35680,1
35687,1
35688,0
35692,1
35693,1
35696,1
35700,1
35702,0
35709,4
35713,1
35717,1
35724,1
35725,1
35727,4
35733,0
35735,4
35739,1
35743,4
35744,1
35746,1
35750,1
35752,1
35758,1
35760,1
35762,1
35766,0
35767,1
35769,1
35771,3
35773,1
35777,1
35780,6
35781,1
35789,1
35791,1
35798,1
35812,1
35815,1
35823,1
35824,1
35825,0
35827,1
35829,1
35833,1
35836,1
35840,1
35843,1
35848,1
35850,1
35852,1
35865,4
35867,4
35872,1
35881,0
35882,4
35884,1
35889,4
35892,1
35895,1
35896,1
35898,4
35902,0
35905,4
35910,0
35914,1
35924,0
35925,1
35927,1
35928,0
35930,1
35932,1
35935,1
35936,1
35938,4
35939,1
35942,1
35947,4
35950,1
35952,1
35960,1
35963,1
35966,1
35967,1
35969,1
35973,0
35975,1
35980,4
35983,4
35984,1
35988,1
35994,1
35996,1
35998,1
36006,1
36008,1
36010,1
36013,0
36014,1
36017,1
36018,1
36021,1
36023,1
36032,1
36037,1
36045,1
36046,1
36047,6
36052,1
36053,1
36054,1
36055,1
36059,1
36061,1
36062,1
36066,1
36067,1
36068,1
36070,1
36072,1
36073,1
36074,1
36078,6
36079,4
36084,4
36085,1
36087,1
36089,1
36090,4
36091,1
36093,1
36094,0
36095,0
36098,1
36104,4
36107,1
36115,1
36116,1
36117,1
36119,0
36121,0
36122,4
36124,1
36128,1
36129,1
36132,1
36141,1
36143,1
36159,1
36162,1
36165,1
36169,4
36171,1
36180,1
36184,4
36188,1
36189,1
36190,1
36193,4
36194,1
36196,0
36200,1
36201,1
36202,1
36203,1
36204,1
36205,1
36213,1
36215,1
36216,1
36217,1
36218,1
36223,1
36224,1
36228,1
36230,1
36234,4
36235,1
36237,1
36238,0
36243,1
36244,0
36247,0
36251,1
36253,1
36255,1
36262,1
36268,1
36269,0
36272,0
36277,6
36278,1
36284,1
36286,0
36289,1
36290,1
36293,3
36296,1
36298,4
36304,1
36306,1
36308,1
36311,0
36313,1
36317,1
36318,1
36321,1
36322,1
36332,1
36338,1
36340,1
36346,1
36347,1
36348,3
36352,4
36356,0
36359,1
36366,4
36367,1
36368,1
36370,1
36372,1
36377,1
36380,4
36381,0
36382,1
36387,0
36388,6
36391,1
36393,0
36394,1
36395,1
36397,4
36400,1
36410,0
36411,1
36415,1
36420,1
36421,4
36422,0
36424,4
36425,0
36429,1
36431,3
36433,1
36438,1
36441,4
36442,1
36445,1
36446,1
36450,1
36457,0
36458,1
36459,1
36463,1
36467,1
36471,1
36473,0
36476,1
36478,1
36482,0
36483,1
36484,5
36486,1
36487,1
36489,4
36490,0
36491,1
36492,1
36493,1
36497,1
36498,1
36500,1
36503,4
36504,1
36506,1
36509,1
36510,0
36511,1
36514,1
36516,0
36519,4
36520,0
36521,5
36524,1
36538,1
36539,1
36540,1
36545,1
36547,1
36550,1
36552,0
36553,1
36555,4
36556,1
36558,1
36562,0
36563,4
36567,4
36569,1
36570,0
36571,1
36574,1
36576,1
36577,1
36581,4
36585,0
36587,1
36589,1
36590,1
36596,1
36597,0
36601,4
36602,1
36605,1
36606,1
36607,1
36608,0
36609,4
36611,1
36614,4
36619,1
36622,4
36623,1
36624,1
36626,6
36629,1
36630,0
36632,4
36636,1
36639,1
36641,1
36642,1
36644,1
36647,1
36648,4
36649,4
36657,1
36659,1
36662,1
36663,1
36665,1
36666,1
36667,0
36668,1
36669,4
36671,1
36674,1
36679,1
36683,1
36687,1
36690,1
36692,1
36693,0
36694,1
36695,1
36697,1
36701,1
36703,1
36709,1
36710,1
36712,1
36713,0
36716,4
36720,1
36725,1
36727,1
36734,4
36736,1
36741,4
36743,0
36744,4
36746,1
36748,1
36751,0
36754,4
36757,0
36759,1
36760,1
36762,6
36765,1
36767,4
36768,1
36769,1
36772,4
36773,1
36775,1
36777,1
36778,4
36780,4
36782,1
36784,1
36786,1
36798,1
36800,1
36801,1
36813,0
36814,1
36815,1
36816,3
36817,6
36819,1
36823,4
36826,1
36827,6
36829,1
36830,1
36833,4
36836,1
36837,1
36842,1
36845,1
36846,0
36847,1
36857,0
36858,1
36866,1
36872,1
36874,1
36877,4
36888,4
36890,3
36897,1
36906,0
36909,1
36913,1
36914,1
36915,1
36917,1
36919,1
36920,1
36921,1
36925,1
36927,1
36928,1
36929,1
36930,1
36932,4
36937,4
36939,1
36940,6
36942,1
36947,1
36948,0
36949,1
36951,4
36953,1
36954,1
36957,1
36964,1
36970,0
36971,1
36972,1
36976,1
36978,1
36979,1
36982,1
36983,4
36985,1
36991,1
36992,1
36994,1
36998,4
37000,1
37007,1
37010,1
37013,1
37014,1
37018,0
37024,1
37025,1
37026,4
37027,4
37028,1
37032,1
37033,1
37034,1
37035,0
37042,0
37044,1
37046,4
37049,1
37050,3
37054,4
37055,0
37060,1
37061,1
37062,1
37064,1
37065,1
37068,1
37071,0
37077,1
37079,1
37080,1
37089,1
37091,1
37093,1
37095,1
37096,1
37098,1
37099,1
37102,0
37103,1
37104,0
37108,1
37111,1
37114,1
37119,1
37123,1
37124,1
37125,1
37131,1
37135,1
37136,3
37137,4
37138,0
37141,1
37143,1
37144,1
37147,4
37151,0
37155,1
37157,0
37158,4
37159,1
37160,1
37163,6
37164,1
37165,1
37170,1
37173,1
37175,1
37177,1
37185,1
37187,1
37194,1
37198,1
37200,1
37202,0
37203,4
37207,1
37210,1
37214,1
37217,1
37225,1
37226,1
37229,1
37230,1
37231,0
37235,1
37238,1
37240,1
37241,0
37244,1
37253,1
37254,1
37258,1
37262,1
37264,4
37267,1
37272,0
37273,3
37276,1
37280,0
37285,1
37287,1
37289,1
37291,4
37295,0
37299,1
37300,1
37302,1
37304,1
37308,1
37310,4
37311,1
37312,1
37313,1
37314,0
37316,4
37322,1
37325,1
37326,1
37328,1
37329,0
37330,0
37332,1
37335,0
37336,0
37337,1
37339,4
37344,1
37346,1
37347,1
37353,4
37356,1
37359,1
37362,0
37363,1
37367,1
37368,4
37369,4
37370,4
37373,4
37374,1
37376,1
37378,4
37379,6
37380,1
37385,1
37387,1
37389,1
37391,4
37392,1
37396,1
37398,0
37401,1
37402,1
37403,1
37407,1
37409,1
37410,1
37412,1
37414,1
37419,1
37421,1
37427,1
37431,4
37441,4
37442,1
37446,4
37450,4
37451,1
37452,1
37460,1
37465,1
37466,1
37467,4
37471,1
37474,0
37475,1
37479,1
37482,1
37487,1
37488,5
37489,4
37491,0
37493,1
37500,1
37501,1
37502,1
37518,0
37521,5
37527,4
37528,1
37529,1
37532,3
37536,1
37537,1
37540,1
37542,6
37551,4
37553,6
37557,0
37559,1
37561,1
37565,4
37566,1
37567,4
37568,1
37569,1
37576,1
37577,4
37581,1
37583,1
37585,1
37587,1
37588,1
37596,4
37600,1
37603,1
37608,4
37609,4
37610,1
37612,1
37613,1
37623,0
37625,4
37626,1
37628,4
37633,1
37634,0
37635,1
37636,1
37638,1
37639,1
37641,1
37643,1
37644,1
37646,1
37652,1
37656,1
37657,0
37658,4
37659,1
37661,1
37664,4
37668,0
37671,4
37672,1
37676,6
37678,4
37681,1
37682,1
37684,1
37686,1
37696,1
37698,6
37700,1
37701,1
37707,1
37709,4
37712,4
37713,0
37717,1
37720,4
37724,3
37726,4
37727,1
37731,1
37734,1
37740,1
37742,4
37744,1
37745,1
37746,1
37747,1
37748,1
37750,1
37751,1
37753,1
37755,1
37759,1
37764,1
37769,1
37771,4
37772,0
37774,0
37775,3
37782,1
37784,4
37785,1
37786,0
37787,1
37788,1
37789,1
37790,1
37798,1
37799,1
37800,1
37801,1
37802,0
37804,0
37805,4
37812,1
37814,1
37819,1
37820,1
37822,1
37835,0
37837,0
37841,1
37845,1
37846,4
37848,1
37849,1
37852,5
37853,1
37855,1
37857,1
37862,1
37863,1
37867,1
37872,1
37873,1
37876,4
37880,1
37882,4
37884,0
37886,1
37887,1
37889,1
37892,0
37894,1
37895,1
37901,4
37903,1
37904,4
37906,0
37908,4
37909,5
37913,1
37917,1
37921,1
37923,4
37927,1
37933,1
37934,1
37937,1
37940,0
37942,1
37945,4
37946,1
37951,1
37954,4
37955,1
37957,4
37958,0
37961,1
37970,1
37978,1
37980,0
37981,4
37985,0
37987,1
37989,1
37992,1
37994,1
37999,1
38005,1
38013,4
38015,1
38018,4
38022,1
38023,0
38025,1
38026,1
38030,1
38031,1
38032,6
38036,1
38037,1
38043,1
38051,1
38052,4
38058,1
38059,1
38062,1
38063,1
38064,1
38065,1
38066,1
38067,1
38072,0
38074,1
38075,1
38076,1
38090,1
38091,1
38092,1
38093,1
38098,1
38100,1
38101,0
38103,1
38104,1
38105,1
38107,1
38111,0
38112,1
38115,1
38117,0
38119,1
38121,1
38122,1
38125,1
38126,1
38127,1
38128,0
38129,1
38130,1
38131,1
38132,1
38133,1
38134,1
38139,1
38140,4
38142,0
38143,1
38145,0
38148,4
38149,1
38151,1
38153,1
38156,4
38158,1
38161,1
38163,1
38165,2
38167,4
38171,1
38176,0
38177,0
38179,1
38183,1
38184,1
38187,1
38195,1
38198,1
38203,1
38210,1
38213,0
38220,1
38221,1
38222,1
38223,1
38226,4
38227,1
38232,1
38235,1
38236,1
38238,4
38239,1
38241,1
38242,1
38247,4
38250,1
38266,5
38268,0
38271,4
38273,1
38274,4
38275,0
38276,4
38281,1
38286,1
38288,0
38290,1
38292,1
38295,1
38297,1
38299,1
38306,3
38309,1
38310,1
38311,1
38315,4
38317,0
38320,1
38322,3
38323,3
38326,1
38327,0
38328,4
38329,1
38330,0
38331,1
38332,3
38337,3
38339,1
38340,4
38349,1
38354,4
38356,1
38358,1
38359,1
38368,1
38370,4
38372,1
38374,1
38375,4
38377,1
38379,5
38380,1
38381,1
38382,1
38384,5
38386,0
38387,3
38389,0
38390,1
38392,1
38397,1
38400,1
38401,1
38408,1
38409,1
38411,1
38413,1
38416,1
38422,1
38424,0
38426,4
38434,1
38438,1
38440,4
38441,1
38446,1
38447,0
38452,1
38462,1
38470,4
38471,1
38472,0
38474,0
38479,0
38483,0
38485,0
38486,3
38489,1
38508,1
38510,1
38516,0
38517,4
38519,1
38527,1
38530,1
38534,4
38538,1
38542,1
38544,1
38548,1
38553,1
38554,1
38557,1
38567,1
38571,1
38573,1
38574,1
38575,1
38581,1
38588,1
38589,1
38592,0
38593,4
38603,1
38607,1
38610,1
38613,1
38614,1
38617,0
38619,1
38620,4
38624,1
38628,1
38629,1
38634,1
38635,1
38637,4
38640,1
38642,4
38644,0
38648,1
38650,1
38652,1
38660,1
38661,1
38667,1
38669,1
38670,1
38678,0
38679,1
38680,1
38681,1
38682,1
38683,4
38686,0
38688,0
38691,1
38694,0
38695,5
38696,4
38698,1
38699,1
38700,3
38701,4
38702,1
38703,1
38706,1
38707,1
38708,1
38710,1
38711,1
38715,1
38720,1
38724,4
38725,1
38731,1
38733,1
38736,1
38738,4
38739,1
38740,1
38741,1
38743,1
38747,1
38749,1
38751,1
38752,1
38755,0
38757,1
38758,1
38772,1
38776,6
38778,1
38783,0
38785,1
38786,0
38789,4
38790,1
38791,1
38793,4
38794,1
38796,1
38798,2
38801,5
38802,1
38806,1
38807,1
38808,1
38809,1
38810,1
38812,1
38815,1
38818,1
38825,1
38828,1
38830,1
38834,1
38835,1
38842,1
38852,1
38853,4
38859,1
38860,0
38867,1
38868,1
38869,1
38870,1
38873,1
38879,0
38882,0
38885,2
38889,0
38890,4
38891,4
38895,1
38900,4
38902,1
38903,1
38905,1
38906,1
38909,1
38910,1
38911,1
38913,0
38918,1
38922,4
38923,6
38926,1
38929,1
38932,1
38935,1
38936,1
38940,1
38941,1
38943,6
38945,1
38950,1
38951,0
38952,1
38956,4
38959,3
38961,6
38964,1
38966,1
38967,0
38972,1
38973,1
38974,1
38975,1
38976,4
38980,1
38981,1
38986,0
38988,1
38992,1
38993,1
38995,4
39000,1
39002,3
39005,1
39008,0
39013,1
39020,1
39021,1
39022,1
39025,1
39026,1
39028,0
39029,4
39031,1
39032,4
39034,4
39035,1
39045,1
39048,1
39050,1
39051,1
39053,1
39056,0
39058,4
39060,1
39062,0
39065,1
39066,1
39069,0
39072,4
39074,5
39079,1
39081,1
39082,4
39086,1
39090,1
39096,1
39100,1
39103,1
39106,1
39111,1
39115,0
39117,1
39122,3
39132,1
39133,1
39137,1
39140,1
39142,1
39144,1
39145,1
39146,1
39150,1
39151,1
39152,1
39154,1
39155,0
39158,5
39163,1
39164,1
39170,1
39171,0
39174,1
39175,1
39179,4
39182,1
39185,1
39186,1
39191,1
39194,4
39196,1
39198,4
39201,1
39202,1
39204,1
39205,1
39206,0
39207,1
39210,1
39213,1
39214,1
39219,1
39222,4
39223,1
39230,1
39234,1
39238,1
39243,3
39244,1
39249,1
39252,1
39253,1
39254,1
39256,1
39258,1
39259,1
39260,1
39263,0
39264,1
39266,0
39270,1
39275,0
39276,1
39278,1
39279,0
39281,1
39282,1
39289,1
39292,1
39297,1
39298,0
39302,4
39304,0
39310,1
39311,1
39319,0
39321,1
39322,1
39324,1
39325,0
39327,1
39328,1
39333,0
39335,0
39338,1
39340,1
39341,1
39344,1
39348,1
39351,1
39356,1
39357,5
39358,3
39360,1
39362,0
39367,1
39368,4
39369,1
39370,1
39373,4
39374,1
39377,1
39380,1
39381,1
39387,1
39388,1
39394,1
39397,0
39398,0
39402,1
39403,1
39404,1
39407,4
39408,6
39409,1
39410,1
39412,1
39413,0
39415,1
39418,1
39421,0
39429,1
39436,1
39438,1
39441,1
39443,1
39445,1
39448,3
39455,1
39457,0
39460,1
39462,1
39463,1
39464,1
39466,1
39473,1
39475,4
39478,1
39480,0
39481,0
39483,1
39486,1
39487,1
39489,1
39493,1
39495,1
39503,1
39504,1
39505,1
39507,1
39509,1
39510,1
39512,1
39514,1
39515,6
39520,1
39522,0
39528,1
39529,1
39530,1
39532,1
39534,5
39537,1
39541,1
39547,1
39551,0
39553,1
39556,1
39557,6
39558,1
39559,1
39560,1
39561,0
39562,0
39563,1
39565,1
39572,1
39574,1
39576,1
39581,1
39591,5
39593,1
39594,0
39595,1
39596,4
39599,1
39601,1
39606,4
39608,1
39609,1
39610,0
39611,6
39612,1
39613,1
39614,1
39615,1
39618,0
39619,0
39620,1
39623,0
39624,1
39625,1
39630,1
39633,1
39640,1
39642,1
39647,1
39649,1
39650,1
39651,1
39652,1
39653,0
39655,0
39661,1
39662,1
39665,4
39666,1
39667,1
39668,1
39673,1
39675,1
39687,1
39688,4
39690,1
39695,4
39696,0
39699,1
39700,4
39705,0
39709,1
39710,1
39712,0
39720,1
39722,1
39727,1
39729,1
39730,4
39732,1
39736,1
39738,4
39739,1
39741,1
39742,1
39743,1
39746,1
39750,1
39751,1
39757,1
39758,1
39760,4
39764,1
39768,4
39769,1
39770,1
39771,0
39772,1
39781,1
39783,4
39789,1
39796,1
39797,0
39799,0
39800,1
39802,4
39806,1
39808,1
39814,2
39816,4
39818,1
39822,1
39827,0
39830,1
39832,4
39835,1
39841,4
39849,1
39852,4
39859,1
39860,4
39862,1
39866,1
39870,1
39871,1
39873,0
39876,1
39880,0
39881,1
39882,0
39890,1
39895,1
39896,1
39901,1
39902,1
39903,1
39905,0
39912,1
39914,1
39916,1
39917,1
39919,1
39922,1
39924,1
39927,0
39932,1
39935,4
39939,1
39941,1
39943,0
39946,1
39950,1
39959,1
39964,1
39967,0
39970,1
39972,1
39973,0
39974,1
39983,1
39984,0
39985,1
39987,1
39992,1
39993,1
39995,1
39996,1
39999,0
40000,0
40004,1
40008,1
40009,3
40014,0
40015,1
40022,1
40026,1
40028,1
40032,1
40034,0
40037,0
40038,1
40040,0
40043,1
40044,0
40045,1
40049,1
40051,4
40052,0
40055,1
40059,1
40061,4
40062,1
40067,1
40069,4
40075,1
40076,1
40078,1
40080,1
40081,1
40087,1
40098,1
40101,0
40115,0
40119,1
40120,1
40124,4
40125,1
40134,1
40137,5
40139,4
40141,1
40143,1
40147,1
40148,1
40149,1
40153,1
40154,1
40155,1
40156,1
40157,1
40159,1
40163,1
40164,1
40173,4
40175,1
40177,1
40178,1
40180,1
40181,1
40183,1
40186,1
40191,1
40192,1
40193,0
40195,1
40197,1
40201,1
40204,1
40205,1
40206,1
40207,1
40209,0
40211,0
40219,0
40220,4
40221,4
40225,4
40228,1
40231,1
40244,0
40247,6
40250,1
40256,1
40262,1
40267,1
40268,1
40270,1
40272,1
40275,1
40279,4
40285,1
40287,4
40290,1
40292,1
40293,1
40296,4
40298,4
40299,0
40300,1
40302,1
40307,1
40308,4
40309,1
40310,1
40315,0
40316,1
40317,0
40318,1
40322,4
40323,1
40324,1
40325,1
40331,1
40332,1
40335,1
40341,1
40342,1
40346,1
40350,0
40351,1
40354,1
40357,0
40358,1
40364,1
40366,1
40368,1
40370,0
40372,1
40373,1
40374,4
40378,4
40379,5
40380,4
40381,1
40382,1
40383,4
40385,1
40387,1
40389,0
40390,1
40394,1
40400,1
40402,1
40404,1
40406,0
40411,4
40416,1
40420,4
40424,1
40425,1
40428,1
40441,0
40445,1
40447,1
40449,1
40455,0
40457,1
40459,1
40466,1
40469,1
40475,1
40480,1
40481,1
40482,0
40485,1
40486,1
40489,1
40495,1
40498,4
40504,1
40507,1
40511,0
40516,6
40517,5
40518,1
40520,1
40528,0
40531,1
40532,4
40539,0
40541,1
40544,0
40557,4
40559,0
40561,1
40562,0
40563,0
40564,4
40566,0
40567,1
40569,1
40570,0
40571,1
40572,0
40576,1
40577,1
40580,1
40582,0
40584,4
40585,1
40587,4
40595,6
40605,0
40611,3
40612,4
40615,1
40616,1
40617,1
40619,1
40622,3
40625,1
40632,0
40633,1
40634,1
40638,1
40639,1
40641,1
40646,1
40649,0
40650,1
40652,1
40655,1
40656,1
40660,1
40662,1
40664,4
40667,1
40669,0
40670,0
40672,1
40674,1
40679,1
40681,1
40686,0
40687,3
40691,1
40692,4
40693,6
40694,1
40710,1
40712,6
40713,1
40716,1
40718,1
40719,4
40720,1
40723,4
40725,1
40726,1
40729,1
40730,1
40731,4
40735,4
40737,1
40741,1
40743,1
40744,4
40746,1
40747,1
40753,1
40754,1
40758,1
40759,1
40766,0
40768,4
40770,0
40772,1
40775,1
40778,1
40779,1
40783,1
40785,1
40790,1
40791,1
40794,1
40796,1
40797,0
40799,0
40819,1
40820,1
40821,1
40824,1
40827,1
40828,4
40829,1
40833,1
40835,1
40840,1
40847,1
40848,1
40849,1
40850,0
40851,1
40854,1
40856,1
40858,1
40861,4
40863,1
40864,0
40865,4
40866,1
40868,1
40874,1
40876,1
40877,0
40878,1
40879,1
40882,1
40886,1
40889,0
40893,1
40895,1
40896,1
40897,1
40898,6
40900,1
40905,1
40906,1
40908,1
40913,1
40916,1
40921,4
40924,1
40926,1
40927,0
40928,1
40932,1
40933,1
40934,1
40937,0
40938,1
40940,1
40944,1
40951,0
40953,1
40958,1
40960,1
40961,1
40963,1
40967,1
40968,1
40969,1
40971,1
40972,1
40980,1
40982,1
40984,1
40988,1
40992,3
40994,1
40997,1
40998,3
41001,1
41002,4
41005,1
41007,1
41008,1
41009,1
41012,1
41014,1
41017,6
41023,1
41032,4
41033,1
41041,1
41042,1
41045,4
41047,1
41065,0
41068,1
41071,1
41074,1
41076,1
41077,1
41085,1
41086,1
41088,1
41090,1
41097,1
41100,0
41104,0
41105,1
41114,0
41117,1
41118,1
41121,4
41125,0
41128,1
41136,3
41137,1
41143,1
41145,1
41146,1
41147,1
41150,1
41153,1
41155,1
41158,1
41159,2
41160,6
41161,0
41162,1
41170,0
41175,1
41176,1
41181,1
41184,1
41188,5
41189,1
41190,1
41192,1
41193,0
41194,0
41196,4
41202,1
41204,1
41206,1
41208,4
41210,0
41211,1
41212,1
41218,4
41220,1
41223,1
41224,1
41225,1
41227,1
41230,1
41235,0
41237,0
41238,0
41239,1
41246,1
41249,1
41253,1
41255,1
41256,1
41258,1
41261,1
41262,1
41266,4
41268,1
41269,0
41271,1
41272,1
41278,1
41279,1
41282,1
41285,1
41289,1
41294,1
41295,1
41296,1
41297,1
41302,1
41304,1
41305,1
41306,1
41309,4
41315,1
41319,4
41320,1
41322,1
41323,1
41324,1
41325,4
41330,1
41332,1
41339,1
41340,1
41341,1
41342,1
41347,1
41349,4
41350,0
41351,1
41353,1
41354,1
41356,1
41360,4
41362,0
41365,0
41366,1
41370,1
41376,1
41380,1
41381,1
41383,1
41390,1
41392,1
41394,1
41395,0
41396,0
41397,1
41401,1
41402,1
41406,1
41408,4
41409,1
41411,6
41415,0
41416,4
41418,1
41419,1
41421,0
41422,1
41425,1
41427,1
41436,4
41437,1
41443,0
41445,1
41447,4
41449,1
41450,1
41454,1
41456,0
41457,1
41461,1
41463,1
41464,1
41465,1
41467,1
41471,1
41475,1
41476,1
41477,0
41478,1
41480,4
41482,0
41483,1
41485,1
41488,1
41489,1
41492,1
41496,0
41497,1
41498,1
41500,4
41507,5
41513,1
41518,1
41519,1
41523,1
41525,1
41527,1
41529,0
41530,1
41532,1
41535,4
41536,1
41537,1
41539,0
41540,0
41541,1
41542,1
41545,1
41546,1
41547,1
41549,1
41553,1
41555,0
41557,0
41558,1
41559,0
41563,0
41566,0
41567,1
41569,1
41579,4
41580,1
41585,1
41587,1
41590,4
41594,4
41595,0
41598,1
41601,1
41603,0
41605,1
41610,4
41614,1
41615,1
41622,1
41623,1
41624,1
41626,1
41627,4
41629,1
41630,6
41635,4
41639,1
41642,1
41644,4
41645,1
41648,4
41649,1
41650,3
41654,1
41655,1
41659,1
41665,1
41667,1
41670,1
41672,1
41673,1
41674,1
41676,4
41678,1
41683,1
41684,1
41685,1
41686,1
41689,1
41690,1
41692,1
41693,1
41695,1
41696,0
41701,1
41703,4
41705,1
41708,1
41712,1
41714,1
41715,1
41718,1
41719,1
41722,1
41724,1
41725,1
41726,0
41732,1
41733,1
41737,1
41742,4
41746,1
41752,1
41753,1
41754,1
41755,3
41759,1
41761,4
41766,1
41767,1
41768,0
41769,1
41770,0
41776,0
41778,1
41779,4
41780,1
41782,1
41787,0
41788,1
41794,1
41795,0
41797,0
41804,1
41808,1
41809,1
41812,1
41816,1
41818,1
41821,4
41823,1
41825,4
41827,0
41830,1
41836,1
41839,1
41840,1
41841,1
41842,0
41853,0
41854,1
41857,4
41858,1
41860,1
41861,4
41863,1
41868,0
41870,1
41871,1
41872,1
41874,4
41875,4
41876,1
41877,1
41878,1
41879,4
41880,1
41883,0
41887,1
41889,1
41891,1
41893,1
41895,1
41899,1
41902,1
41903,1
41911,4
41913,1
41914,1
41917,1
41920,1
41926,0
41927,1
41928,1
41929,1
41933,4
41936,1
41937,1
41938,0
41939,0
41944,1
41945,1
41949,0
41951,1
41955,1
41957,1
41958,1
41964,1
41965,1
41966,4
41967,1
41968,1
41974,1
41977,1
41978,1
41981,1
41982,0
41983,1
41985,1
41989,4
41991,0
41994,1
41995,1
41998,1
42004,1
42007,1
42011,1
42013,1
42016,1
42017,1
42018,1
42019,0
42021,1
42023,1
42026,3
42028,1
42033,0
42037,1
42038,4
42044,1
42045,0
42047,1
42048,1
42049,1
42051,1
42052,1
42053,1
42062,1
42064,1
42068,4
42078,1
42079,5
42080,1
42081,1
42083,1
42084,1
42089,1
42090,1
42096,1
42099,1
42108,1
42111,1
42112,4
42113,1
42114,1
42116,1
42120,1
42121,0
42122,1
42123,1
42124,1
42129,1
42131,1
42132,4
42134,1
42139,1
42140,6
42142,1
42144,1
42145,1
42146,1
42147,1
42155,1
42160,1
42161,1
42164,1
42167,1
42168,1
42169,1
42171,1
42174,1
42176,1
42178,1
42181,2
42182,1
42189,1
42190,1
42192,1
42193,1
42197,1
42198,1
42200,1
42201,1
42214,1
42215,1
42218,6
42220,1
42222,1
42223,5
42225,1
42229,1
42236,1
42239,1
42243,1
42245,1
42246,1
42247,1
42251,1
42252,0
42258,1
42259,1
42262,4
42266,1
42267,0
42273,1
42274,5
42280,6
42283,4
42284,3
42287,1
42291,4
42296,4
42297,1
42300,0
42319,0
42321,1
42322,0
42323,0
42327,1
42328,1
42331,1
42334,1
42338,1
42340,1
42343,0
42344,1
42345,1
42346,1
42354,0
42364,4
42365,1
42376,0
42380,1
42382,1
42395,1
42399,2
42402,1
42404,0
42405,2
42412,1
42413,1
42414,1
42416,1
42423,1
42425,1
42426,1
42429,1
42434,1
42445,0
42452,1
42454,4
42461,1
42465,5
42469,1
42470,0
42472,1
42478,4
42479,1
42480,1
42484,1
42485,1
42490,6
42491,1
42492,1
42493,1
42498,1
42502,1
42504,1
42509,0
42511,1
42512,0
42514,1
42521,1
42524,1
42526,0
42527,1
42533,1
42536,1
42542,1
42545,4
42547,1
42549,1
42551,1
42560,1
42561,1
42564,1
42565,1
42570,1
42573,1
42576,1
42580,1
42581,1
42584,0
42585,1
42592,1
42594,4
42595,1
42596,1
42597,1
42599,1
42600,4
42601,1
42602,1
42603,1
42604,4
42605,1
42608,0
42614,1
42616,4
42621,1
42622,1
42627,4
42628,1
42630,1
42633,1
42634,1
42637,0
42638,4
42644,1
42651,0
42653,1
42656,1
42657,4
42664,5
42668,0
42670,1
42673,1
42677,1
42678,0
42679,1
42685,1
42688,0
42691,0
42696,4
42697,1
42699,1
42700,1
42702,1
42706,1
42707,1
42708,1
42709,0
42710,0
42713,1
42721,1
42724,1
42728,4
42729,1
42731,1
42732,1
42735,1
42742,0
42743,1
42744,1
42745,0
42746,1
42754,1
42755,1
42756,1
42763,1
42765,1
42777,0
42787,1
42791,0
42792,1
42797,1
42798,1
42799,0
42808,1
42809,0
42812,1
42816,1
42820,0
42822,1
42831,1
42836,1
42837,1
42839,1
42841,1
42843,0
42850,1
42852,0
42854,1
42855,1
42856,1
42857,1
42858,0
42859,1
42862,0
42863,1
42864,1
42865,1
42867,1
42870,1
42871,1
42873,1
42876,1
42877,1
42878,1
42879,1
42880,1
42881,1
42882,1
42883,1
42885,1
42886,1
42887,1
42899,1
42900,1
42901,4
42902,1
42903,1
42908,1
42909,4
42910,1
42912,1
42913,1
42922,1
42923,0
42924,4
42926,0
42929,1
42931,1
42932,3
42934,1
42936,4
42937,1
42939,1
42940,6
42941,1
42943,1
42949,1
42953,1
42954,4
42955,0
42956,0
42960,4
42963,1
42965,1
42966,1
42967,6
42968,6
42973,0
42976,4
42978,1
42981,4
42985,1
42986,1
42988,1
42989,1
42990,1
42994,4
42996,1
42998,1
42999,1
43000,0
43002,1
43003,4
43008,1
43011,4
43014,1
43018,1
43019,1
43025,1
43032,1
43034,4
43035,1
43039,1
43040,1
43044,1
43046,1
43047,1
43050,4
43054,1
43055,1
43056,1
43065,1
43068,1
43069,1
43073,0
43074,1
43076,1
43087,1
43088,1
43092,1
43094,4
43095,1
43101,0
43112,0
43118,0
43120,1
43122,1
43123,4
43124,0
43127,1
43131,1
43137,1
43138,4
43140,1
43142,1
43145,1
43154,1
43158,1
43161,1
43162,0
43164,0
43165,1
43166,1
43168,0
43172,1
43177,1
43179,1
43185,1
43186,1
43188,1
43189,1
43197,0
43198,1
43200,1
43202,1
43203,0
43205,1
43212,1
43217,3
43231,0
43234,1
43236,1
43238,1
43243,1
43245,1
43248,4
43250,1
43257,0
43270,4
43271,1
43274,1
43276,1
43277,1
43279,1
43281,1
43282,4
43290,1
43296,1
43298,4
43299,1
43301,1
43302,1
43307,1
43308,1
43309,1
43310,0
43313,1
43317,1
43319,1
43320,1
43323,4
43325,0
43327,1
43331,1
43332,0
43333,1
43334,0
43339,0
43340,1
43346,1
43347,0
43354,1
43355,1
43360,1
43364,0
43367,0
43369,1
43374,1
43375,1
43378,1
43379,1
43383,0
43384,1
43387,1
43391,1
43396,0
43398,1
43402,1
43411,1
43416,1
43417,1
43418,1
43421,4
43422,1
43425,1
43426,0
43427,1
43431,0
43432,0
43433,1
43434,4
43435,1
43442,0
43443,1
43444,1
43446,1
43447,1
43451,5
43453,6
43458,1
43459,4
43463,1
43469,1
43471,1
43474,4
43475,1
43477,1
43481,1
43483,1
43486,4
43488,1
43496,1
43499,1
43502,1
43504,1
43515,0
43516,1
43518,1
43525,4
43526,1
43528,1
43530,4
43533,1
43534,3
43536,1
43539,0
43541,1
43550,4
43554,4
43557,0
43560,1
43561,1
43567,0
43569,1
43572,0
43575,0
43578,1
43582,1
43583,4
43585,1
43587,1
43589,1
43590,0
43593,1
43594,1
43596,1
43597,1
43598,4
43601,0
43605,4
43606,1
43610,1
43614,1
43617,1
43619,1
43621,1
43623,4
43633,1
43635,0
43638,1
43642,1
43643,4
43644,0
43645,1
43646,1
43651,1
43652,1
43653,4
43654,1
43664,0
43665,1
43668,1
43676,0
43679,1
43680,0
43686,1
43688,1
43689,1
43690,1
43691,1
43693,1
43694,1
43695,4
43696,1
43699,4
43701,1
43703,1
43704,4
43709,1
43711,1
43715,1
43723,1
43724,0
43729,1
43730,1
43738,3
43744,1
43747,1
43749,1
43753,1
43755,1
43756,1
43758,1
43759,1
43760,1
43763,1
43766,1
43767,0
43774,1
43776,1
43779,1
43780,4
43781,4
43785,1
43786,1
43788,1
43790,1
43793,0
43794,1
43799,4
43806,1
43807,0
43808,1
43809,1
43810,1
43811,0
43817,1
43818,6
43819,4
43825,1
43826,1
43828,4
43832,4
43833,1
43835,1
43842,1
43844,1
43845,1
43848,0
43853,1
43855,1
43862,1
43864,1
43866,0
43869,4
43870,0
43871,0
43876,0
43878,1
43881,1
43882,0
43890,0
43894,0
43896,1
43899,1
43900,0
43902,4
43906,1
43907,1
43909,5
43910,1
43911,4
43912,1
43914,4
43918,1
43919,1
43921,0
43923,1
43924,1
43925,4
43930,1
43932,1
43934,1
43939,0
43942,6
43947,1
43951,1
43952,1
43957,1
43958,1
43960,1
43961,1
43963,1
43964,0
43967,3
43970,0
43973,1
43974,1
43976,4
43977,1
43978,1
43979,1
43981,4
43987,1
43988,1
43989,1
43990,1
43991,1
44002,0
44004,1
44006,1
44007,4
44010,4
44018,1
44020,1
44021,1
44025,1
44031,1
44032,1
44034,1
44036,1
44037,1
44038,1
44042,1
44054,0
44057,1
44064,1
44066,4
44068,4
44069,4
44070,0
44074,1
44078,1
44079,1
44084,1
44085,4
44088,0
44090,5
44097,0
44098,0
44100,0
44101,4
44114,1
44118,1
44119,1
44121,4
44122,1
44127,1
44128,0
44133,1
44135,6
44136,1
44137,1
44138,1
44139,1
44141,1
44148,1
44150,0
44151,1
44154,4
44155,1
44158,1
44161,1
44168,1
44169,1
44174,0
44177,1
44185,1
44188,0
44190,1
44194,1
44195,4
44198,1
44200,1
44201,1
44204,1
44205,1
44207,0
44208,1
44211,0
44219,4
44222,1
44223,1
44225,1
44228,1
44230,1
44236,1
44237,1
44241,1
44242,2
44254,1
44256,1
44261,1
44263,4
44268,4
44273,1
44275,1
44276,1
44277,1
44286,1
44287,1
44288,1
44289,1
44292,1
44294,1
44296,1
44299,1
44301,1
44304,1
44307,1
44309,0
44311,1
44314,1
44315,1
44317,1
44318,1
44319,0
44320,0
44322,1
44323,1
44325,1
44326,1
44329,1
44330,1
44331,6
44332,1
44333,1
44335,1
44336,4
44337,1
44338,4
44340,4
44341,0
44346,0
44349,1
44353,1
44354,0
44355,1
44357,1
44360,1
44361,1
44362,1
44364,1
44366,1
44390,1
44394,1
44396,1
44400,1
44403,4
44404,1
44409,1
44412,1
44414,0
44415,1
44416,1
44417,0
44418,0
44424,0
44432,1
44433,1
44434,4
44438,1
44439,1
44440,1
44446,1
44449,4
44462,1
44465,1
44467,0
44470,0
44471,4
44472,1
44480,0
44482,1
44484,1
44487,1
44488,1
44489,1
44493,1
44495,0
44497,1
44498,1
44500,1
44501,1
44502,4
44503,1
44504,1
44506,4
44507,1
44510,1
44511,1
44513,1
44516,3
44517,1
44518,1
44519,0
44524,6
44526,0
44532,0
44537,1
44538,1
44543,1
44548,4
44549,0
44551,1
44553,4
44554,1
44555,1
44557,4
44558,1
44559,1
44565,0
44566,1
44571,1
44572,1
44579,1
44581,1
44587,4
44589,1
44591,1
44592,4
44593,1
44597,1
44601,1
44602,0
44605,1
44607,1
44608,1
44609,1
44616,4
44617,0
44624,1
44629,1
44634,1
44639,0
44641,1
44644,1
44645,1
44646,1
44652,0
44662,0
44663,4
44664,1
44666,1
44667,0
44669,1
44671,1
44672,1
44673,6
44674,4
44675,0
44679,4
44680,0
44685,0
44690,1
44692,1
44697,1
44700,4
44702,1
44703,4
44706,1
44708,1
44709,1
44711,1
44712,0
44716,1
44721,1
44723,1
44724,1
44727,0
44733,0
44734,1
44741,1
44745,1
44748,1
44750,1
44755,4
44756,1
44757,1
44762,1
44763,1
44765,1
44766,1
44769,1
44770,1
44772,1
44773,1
44776,1
44778,1
44779,1
44780,0
44781,0
44783,1
44787,4
44789,1
44790,4
44793,1
44795,0
44801,1
44803,1
44804,1
44808,0
44809,1
44811,1
44819,1
44820,1
44822,1
44823,0
44828,1
44836,1
44837,4
44843,1
44844,1
44845,1
44848,1
44851,1
44854,0
44855,1
44860,1
44864,1
44867,1
44868,4
44870,1
44871,0
44874,0
44877,1
44880,1
44881,4
44886,1
44888,1
44889,1
44891,0
44897,1
44902,1
44904,1
44906,1
44907,1
44912,1
44915,1
44916,1
44917,1
44930,1
44936,1
44940,1
44943,1
44945,0
44946,6
44947,4
44949,1
44956,1
44958,0
44968,0
44971,4
44972,0
44974,0
44976,1
44978,1
44981,0
44987,4
44990,1
44994,1
44996,1
45000,1
45004,1
45011,1
45013,1
45014,1
45015,2
45018,0
45039,1
45040,1
45046,1
45049,1
45052,0
45061,0
45062,1
45063,1
45064,1
45065,1
45068,0
45069,1
45071,1
45072,0
45074,1
45083,4
45085,4
45089,1
45090,1
45091,0
45094,1
45097,4
45100,1
45103,1
45106,1
45111,1
45112,4
45113,1
45114,0
45118,1
45120,0
45122,1
45123,1
45125,4
45132,1
45140,1
45141,1
45144,1
45146,1
45153,1
45154,1
45157,0
45160,1
45168,1
45169,1
45178,1
45183,0
45193,1
45198,1
45199,4
45200,0
45207,1
45211,1
45215,0
45217,0
45219,0
45221,6
45223,1
45225,0
45226,1
45231,1
45233,1
45235,1
45237,1
45240,1
45242,0
45243,4
45251,1
45259,4
45261,1
45271,4
45275,1
45276,0
45287,1
45290,1
45291,1
45295,1
45297,1
45299,1
45300,1
45303,1
45306,1
45307,1
45308,1
45312,1
45314,1
45316,1
45318,1
45322,1
45325,1
45327,0
45333,5
45342,1
45343,1
45346,4
45348,1
45351,0
45352,4
45354,1
45358,1
45360,1
45361,1
45366,1
45369,1
45372,1
45375,1
45378,0
45381,1
45383,4
45384,0
45388,1
45390,1
45391,1
45392,1
45395,1
45396,1
45401,1
45402,1
45404,0
45405,4
45412,4
45413,1
45414,0
45415,1
45419,1
45420,4
45422,1
45426,1
45429,1
45432,1
45433,1
45436,1
45437,4
45440,1
45443,1
45456,1
45459,1
45461,1
45463,0
45464,1
45470,1
45473,1
45474,1
45475,1
45476,1
45477,1
45478,1
45483,1
45486,1
45487,1
45492,1
45495,0
45496,1
45499,4
45502,0
45507,1
45510,0
45512,1
45519,0
45526,0
45532,1
45533,1
45535,1
45544,1
45549,1
45550,1
45557,0
45563,4
45564,1
45570,1
45572,0
45573,1
45575,1
45576,1
45577,1
45580,1
45589,1
45590,0
45592,2
45593,1
45597,1
45600,4
45602,1
45605,1
45608,1
45609,1
45612,1
45613,1
45616,0
45620,1
45621,1
45624,4
45625,0
45630,0
45631,1
45633,1
45634,1
45637,1
45643,1
45648,1
45651,4
45653,1
45654,1
45655,1
45659,1
45673,0
45676,1
45678,1
45679,1
45683,4
45686,1
45690,1
45691,1
45695,1
45698,1
45701,1
45702,1
45703,0
45704,4
45707,0
45712,1
45713,1
45715,1
45716,1
45717,1
45718,4
45719,0
45720,0
45722,0
45725,0
45726,1
45730,1
45732,1
45733,1
45734,1
45735,1
45736,1
45738,1
45741,1
45742,1
45743,1
45747,1
45757,1
45758,1
45759,0
45762,1
45764,1
45765,1
45768,1
45773,4
45776,0
45780,4
45783,1
45785,0
45789,4
45791,1
45798,1
45799,0
45800,4
45801,4
45802,4
45805,4
45806,1
45810,2
45812,1
45813,1
45815,1
45818,1
45819,1
45820,1
45822,0
45823,1
45824,1
45826,1
45829,1
45836,0
45842,4
45846,0
45848,1
45850,3
45853,4
45854,1
45856,4
45857,0
45858,1
45865,1
45869,1
45874,1
45877,3
45878,1
45880,1
45882,1
45884,1
45893,1
45897,1
45903,1
45905,1
45907,1
45908,1
45919,1
45923,0
45926,3
45928,1
45930,4
45931,1
45932,1
45933,1
45934,1
45936,1
45937,1
45939,1
45944,1
45945,1
45946,1
45948,1
45958,1
45959,1
45965,1
45967,1
45968,1
45971,1
45973,0
45974,1
45977,1
45982,0
45989,1
45991,3
45994,0
45996,1
45998,1
45999,1
46003,1
46006,1
46007,6
46009,0
46011,1
46013,0
46016,0
46017,4
46020,1
46021,1
46023,1
46025,1
46034,1
46036,1
46037,1
46043,1
46045,1
46046,3
46048,1
46050,1
46051,1
46052,0
46055,0
46056,1
46059,1
46061,1
46072,0
46083,1
46087,0
46088,1
46089,1
46090,1
46092,1
46094,1
46095,1
46102,1
46108,6
46110,1
46113,4
46116,1
46117,4
46119,1
46120,1
46121,1
46122,5
46124,6
46126,1
46128,4
46131,1
46133,4
46134,0
46135,0
46138,1
46139,1
46143,1
46144,1
46146,1
46149,1
46151,1
46157,0
46158,1
46161,4
46166,1
46167,1
46171,1
46173,1
46174,0
46175,5
46180,0
46181,1
46183,4
46185,1
46188,1
46190,1
46192,0
46195,4
46205,1
46206,1
46207,1
46210,1
46212,4
46214,1
46215,1
46220,1
46224,1
46226,1
46230,4
46231,1
46234,1
46235,4
46236,1
46237,1
46239,1
46240,1
46243,4
46248,1
46251,0
46272,1
46273,1
46279,1
46283,1
46284,1
46286,1
46289,1
46290,0
46294,1
46297,1
46299,1
46300,1
46302,1
46304,0
46309,1
46313,4
46314,1
46315,1
46323,0
46324,0
46326,4
46331,4
46332,1
46338,1
46340,1
46342,1
46343,1
46346,1
46348,0
46349,0
46352,1
46356,1
46357,3
46358,1
46361,1
46365,1
46368,4
46371,1
46373,1
46376,1
46377,1
46382,1
46388,1
46392,1
46393,1
46396,4
46397,6
46400,1
46406,4
46407,1
46408,1
46409,4
46415,1
46417,1
46424,1
46426,1
46428,6
46429,6
46431,1
46438,1
46439,1
46440,1
46442,1
46453,1
46454,1
46455,1
46458,1
46461,0
46469,1
46475,1
46478,0
46479,1
46481,1
46484,1
46486,1
46487,0
46488,1
46491,1
46499,1
46502,5
46503,1
46504,1
46505,1
46506,0
46508,1
46509,0
46510,1
46515,1
46521,1
46523,1
46527,4
46529,1
46533,0
46535,1
46538,1
46542,1
46545,1
46550,1
46554,0
46555,1
46557,1
46558,1
46559,1
46560,0
46561,1
46562,1
46564,1
46565,1
46566,1
46568,1
46572,1
46578,0
46590,0
46592,1
46593,1
46594,6
46596,1
46597,1
46599,1
46601,4
46605,1
46606,1
46616,1
46618,4
46620,5
46621,1
46622,4
46627,1
46629,1
46630,1
46631,1
46637,1
46639,0
46642,4
46646,1
46648,1
46649,0
46654,1
46656,0
46657,1
46661,4
46662,1
46670,1
46674,1
46676,0
46677,4
46680,4
46683,0
46684,0
46687,1
46688,1
46689,1
46691,1
46692,1
46697,1
46700,1
46704,1
46706,1
46709,1
46713,1
46714,0
46717,1
46718,4
46723,1
46726,0
46729,1
46730,1
46735,1
46737,1
46738,0
46740,1
46742,1
46744,1
46750,1
46751,0
46754,1
46756,4
46760,1
46761,0
46768,1
46772,1
46776,1
46780,1
46781,1
46784,4
46786,0
46787,1
46792,1
46794,1
46796,1
46798,1
46800,1
46802,6
46804,1
46808,1
46809,1
46815,0
46817,1
46818,0
46822,1
46823,1
46827,1
46829,1
46830,1
46834,1
46835,1
46836,1
46840,1
46841,0
46842,1
46853,1
46854,1
46855,1
46857,1
46860,1
46864,0
46872,0
46873,0
46874,1
46875,0
46877,1
46878,1
46879,1
46883,1
46885,1
46886,1
46888,1
46889,0
46895,1
46896,1
46897,1
46898,1
46902,1
46903,1
46904,1
46905,1
46906,1
46907,1
46912,1
46913,0
46914,1
46915,1
46917,1
46921,1
46924,1
46925,1
46928,1
46931,1
46932,1
46935,1
46936,1
46938,0
46940,1
46943,1
46945,6
46950,4
46952,4
46956,1
46957,1
46958,1
46961,1
46966,0
46968,1
46969,1
46975,0
46976,1
46977,1
46978,1
46979,0
46980,1
46985,1
46988,1
46991,0
46992,1
46997,3
46999,1
47000,1
47001,1
47005,1
47006,0
47007,1
47011,0
47012,1
47019,1
47026,1
47030,1
47032,1
47038,1
47039,1
47041,0
47043,1
47047,1
47051,3
47054,1
47055,0
47059,1
47060,1
47062,4
47065,1
47070,1
47071,1
47072,0
47075,1
47079,1
47081,1
47092,0
47093,1
47094,1
47095,1
47096,1
47097,1
47099,1
47102,1
47104,1
47105,1
47107,4
47108,4
47112,0
47118,0
47119,1
47120,1
47122,0
47123,4
47127,1
47135,1
47138,1
47142,1
47143,1
47144,1
47145,1
47150,1
47154,1
47156,1
47160,1
47161,1
47166,0
47168,1
47169,1
47173,1
47175,2
47177,1
47180,1
47181,1
47186,1
47191,1
47193,0
47196,1
47197,1
47198,1
47203,0
47205,4
47208,1
47211,0
47214,1
47216,4
47218,1
47225,1
47227,4
47229,0
47231,0
47232,1
47236,1
47238,1
47240,1
47242,1
47249,1
47250,4
47251,1
47253,1
47259,0
47260,1
47262,0
47267,1
47268,1
47270,4
47271,1
47272,1
47274,1
47276,1
47277,1
47278,1
47282,1
47283,0
47286,1
47290,1
47292,1
47294,1
47295,1
47297,4
47299,1
47300,4
47301,1
47302,1
47305,1
47306,0
47308,1
47310,0
47311,0
47312,1
47314,1
47315,1
47316,1
47320,4
47323,1
47327,1
47335,1
47337,1
47338,0
47339,1
47341,1
47343,1
47346,1
47347,0
47350,1
47353,0
47354,1
47355,1
47356,1
47358,1
47359,0
47361,1
47364,1
47365,1
47366,1
47369,1
47372,1
47375,1
47376,1
47382,1
47383,0
47385,4
47387,1
47389,1
47392,1
47393,1
47394,1
47399,4
47401,1
47405,1
47407,1
47419,1
47420,1
47422,1
47428,0
47430,0
47435,2
47436,1
47444,1
47445,1
47447,1
47457,1
47459,1
47461,1
47465,4
47472,1
47474,1
47475,1
47476,1
47478,0
47479,1
47480,1
47484,1
47485,1
47488,1
47494,1
47496,1
47498,1
47499,1
47500,1
47501,1
47502,1
47505,1
47510,1
47512,1
47515,1
47517,1
47520,1
47521,1
47527,1
47529,0
47532,0
47542,4
47543,0
47545,1
47549,1
47550,1
47552,1
47553,1
47556,1
47558,0
47560,0
47565,4
47567,1
47569,1
47575,1
47576,0
47578,0
47583,1
47584,0
47585,1
47589,1
47600,1
47605,1
47608,1
47610,1
47612,0
47613,4
47615,1
47619,0
47630,4
47631,1
47632,1
47641,0
47643,1
47644,1
47646,1
47647,4
47653,1
47659,1
47662,1
47663,4
47667,4
47671,1
47672,1
47673,1
47679,0
47680,0
47682,4
47684,4
47688,1
47689,1
47690,1
47693,1
47694,4
47698,1
47699,1
47704,0
47707,1
47710,1
47711,4
47713,1
47715,4
47717,1
47719,1
47720,1
47721,0
47723,4
47725,1
47731,1
47732,1
47733,1
47736,4
47737,1
47740,1
47743,1
47745,1
47746,4
47750,1
47751,1
47753,1
47758,1
47759,1
47761,1
47763,1
47767,1
47770,0
47778,1
47780,1
47783,1
47786,0
47788,1
47789,1
47790,1
47792,1
47793,1
47795,1
47797,1
47798,1
47805,1
47807,1
47810,1
47811,1
47812,0
47813,1
47814,1
47817,1
47819,0
47825,4
47826,5
47832,1
47834,0
47835,1
47840,0
47847,1
47852,1
47854,4
47856,1
47858,6
47859,0
47861,1
47862,1
47863,1
47865,1
47866,5
47869,4
47872,1
47875,1
47877,1
47878,0
47880,1
47882,1
47885,1
47888,4
47889,1
47892,1
47896,4
47899,1
47901,1
47902,1
47905,1
47906,1
47908,5
47911,0
47912,1
47913,1
47919,4
47925,1
47926,1
47928,0
47929,0
47930,1
47931,1
47932,1
47933,1
47936,1
47937,1
47941,1
47944,1
47953,0
47957,1
47958,1
47962,1
47964,1
47966,1
47967,0
47973,1
47975,1
47977,1
47982,0
47992,0
47997,1
47998,1
48000,1
48001,0
48002,0
48009,1
48010,1
48011,1
48015,0
48019,1
48020,1
48027,1
48028,1
48029,1
48030,1
48031,1
48032,1
48037,1
48044,1
48047,1
48048,1
48051,1
48053,1
48055,1
48057,3
48058,1
48059,1
48062,0
48063,1
48068,0
48071,1
48072,4
48073,1
48074,1
48075,1
48078,1
48080,4
48082,1
48084,1
48086,6
48087,4
48089,0
48090,1
48092,1
48098,1
48102,1
48103,4
48108,0
48109,1
48112,1
48113,4
48115,1
48116,1
48120,1
48121,1
48128,0
48132,1
48133,4
48134,4
48139,1
48140,4
48142,1
48144,1
48145,1
48146,4
48147,0
48151,1
48155,1
48157,0
48160,1
48162,1
48167,1
48169,1
48170,1
48177,1
48180,0
48181,1
48182,1
48183,0
48184,0
48185,1
48190,0
48191,1
48194,1
48195,4
48196,0
48197,1
48198,1
48201,1
48202,1
48204,1
48206,1
48208,1
48209,0
48210,0
48211,1
48213,0
48217,1
48218,4
48222,1
48223,1
48224,1
48229,1
48233,4
48235,1
48238,1
48246,4
48248,1
48249,0
48251,1
48252,1
48258,4
48261,6
48263,1
48266,1
48267,1
48269,0
48272,4
48283,1
48284,1
48286,1
48287,1
48291,1
48292,1
48293,1
48296,0
48297,1
48298,1
48299,4
48301,1
48305,1
48309,1
48312,4
48313,1
48314,1
48315,1
48317,4
48318,1
48319,1
48323,1
48325,1
48326,4
48327,1
48331,1
48335,1
48339,1
48340,6
48341,1
48342,1
48350,1
48351,4
48352,1
48354,1
48359,1
48361,1
48363,1
48364,1
48365,1
48368,6
48370,1
48372,1
48374,1
48375,1
48379,1
48381,1
48384,1
48386,1
48391,1
48393,1
48396,1
48398,4
48401,1
48405,1
48409,1
48410,4
48412,1
48413,1
48414,1
48420,1
48422,1
48423,1
48424,3
48428,4
48429,1
48434,1
48436,1
48438,1
48439,1
48440,4
48443,1
48447,1
48450,4
48457,1
48460,1
48469,0
48470,4
48475,1
48478,1
48479,1
48481,0
48485,1
48486,1
48489,1
48492,4
48500,0
48502,0
48503,1
48505,0
48506,1
48510,0
48513,1
48514,1
48517,1
48519,1
48520,1
48525,3
48526,1
48527,4
48532,1
48536,4
48539,1
48540,0
48543,1
48549,1
48550,1
48552,6
48555,1
48557,0
48560,1
48563,1
48564,1
48567,1
48569,1
48571,0
48574,4
48580,1
48582,0
48585,1
48586,1
48587,0
48588,1
48589,1
48590,1
48591,4
48592,1
48593,1
48595,1
48599,1
48601,1
48603,0
48606,1
48608,1
48609,1
48634,1
48635,1
48638,0
48641,1
48646,1
48652,0
48654,0
48657,1
48661,1
48662,1
48664,0
48666,1
48674,1
48676,1
48681,1
48688,1
48690,4
48695,0
48696,0
48700,1
48701,4
48703,1
48706,4
48708,1
48709,1
48710,1
48714,1
48718,4
48719,1
48720,1
48724,1
48727,0
48736,1
48738,4
48740,1
48744,1
48747,1
48751,4
48757,1
48758,1
48759,4
48760,4
48762,1
48765,1
48767,1
48768,1
48771,0
48773,0
48774,1
48775,0
48776,1
48777,1
48782,1
48784,1
48791,1
48800,1
48802,0
48804,1
48806,1
48809,1
48810,1
48813,1
48814,1
48817,0
48822,4
48825,1
48826,1
48830,1
48832,1
48835,1
48839,4
48840,1
48844,1
48848,1
48854,0
48858,0
48859,1
48862,4
48864,4
48867,1
48872,1
48874,1
48875,0
48876,0
48878,0
48879,0
48880,0
48888,1
48890,1
48892,1
48894,4
48895,1
48896,0
48898,1
48903,1
48912,4
48913,0
48915,1
48916,1
48923,0
48927,1
48929,3
48933,0
48935,1
48936,1
48939,4
48941,1
48944,1
48945,1
48947,1
48949,1
48953,1
48954,1
48957,1
48958,0
48959,1
48962,1
48963,1
48972,4
48975,4
48984,1
48985,4
48986,4
48988,1
48990,4
48991,1
48994,0
48996,0
48997,1
49001,0
49003,4
49004,1
49005,1
49006,1
49008,1
49009,1
49010,4
49012,1
49014,1
49015,1
49016,1
49017,1
49018,1
49019,1
49020,4
49021,1
49027,1
49029,1
49030,4
49038,1
49039,1
49040,4
49041,1
49049,1
49051,1
49057,1
49066,5
49067,0
49070,1
49071,1
49074,4
49075,1
49078,1
49079,0
49088,1
49094,4
49097,0
49103,1
49106,1
49107,1
49108,1
49111,1
49113,6
49114,1
49117,1
49119,1
49120,1
49122,1
49125,1
49127,1
49128,1
49129,1
49131,1
49136,1
49137,1
49141,0
49145,0
49148,0
49151,1
49154,1
49155,4
49157,4
49159,1
49161,1
49167,1
49171,1
49172,4
49178,1
49180,0
49182,0
49185,1
49190,1
49192,1
49197,1
49198,1
49200,1
49202,0
49204,1
49207,4
49208,6
49210,1
49211,1
49212,1
49222,0
49224,1
49225,1
49227,1
49229,1
49230,1
49233,1
49234,1
49235,1
49239,1
49241,1
49242,3
49246,1
49247,1
49248,0
49251,1
49252,1
49253,1
49255,1
49256,1
49260,1
49261,1
49262,1
49269,4
49276,1
49281,1
49282,0
49284,1
49291,1
49292,1
49294,1
49295,1
49296,1
49299,0
49300,4
49301,0
49302,1
49303,0
49308,4
49311,1
49312,1
49316,1
49318,1
49319,1
49323,1
49331,0
49332,4
49335,1
49342,1
49346,4
49352,1
49353,1
49355,3
49357,0
49361,1
49365,1
49373,1
49374,1
49380,0
49383,1
49386,1
49387,4
49390,0
49397,1
49402,1
49404,4
49405,1
49407,1
49408,1
49410,1
49415,1
49421,1
49422,1
49427,1
49430,0
49432,1
49434,1
49435,1
49441,1
49445,1
49448,0
49450,1
49454,1
49455,1
49458,1
49459,1
49462,1
49463,1
49468,1
49469,1
49470,1
49477,2
49479,1
49480,1
49483,1
49484,1
49489,1
49491,1
49493,1
49494,0
49495,1
49496,0
49500,1
49501,1
49504,1
49508,1
49510,1
49513,0
49517,1
49519,0
49520,1
49521,1
49524,0
49527,1
49531,1
49532,1
49536,1
49540,0
49543,1
49552,1
49553,1
49554,1
49556,1
49558,1
49560,4
49564,1
49566,1
49567,0
49568,1
49572,1
49574,1
49579,1
49580,4
49582,1
49584,1
49588,1
49592,0
49595,1
49597,1
49603,1
49604,6
49605,4
49610,1
49615,1
49616,1
49621,4
49628,1
49629,1
49632,6
49634,4
49636,0
49639,1
49642,1
49648,0
49650,1
49651,0
49655,4
49657,1
49660,1
49663,4
49666,1
49667,1
49671,1
49675,1
49680,0
49682,1
49683,1
49685,1
49688,1
49696,1
49698,0
49704,1
49709,1
49719,1
49720,0
49724,1
49725,0
49726,1
49727,4
49728,1
49730,1
49731,1
49732,0
49734,1
49735,0
49740,1
49741,1
49745,1
49747,1
49748,0
49752,1
49754,1
49757,0
49760,1
49761,1
49763,1
49767,4
49768,1
49772,1
49773,1
49776,1
49783,1
49788,6
49789,1
49790,1
49791,1
49800,1
49801,1
49805,1
49806,4
49810,0
49812,1
49813,4
49815,1
49816,1
49817,1
49818,0
49822,1
49825,4
49826,1
49827,1
49834,1
49835,1
49838,1
49840,1
49845,4
49853,6
49856,1
49860,0
49863,1
49870,1
49872,1
49873,0
49880,1
49887,1
49889,4
49893,1
49894,1
49905,4
49906,6
49910,1
49912,1
49916,1
49917,1
49919,1
49921,5
49923,4
49926,4
49927,1
49928,4
49937,1
49939,1
49940,1
49941,1
49945,4
49946,4
49947,0
49952,1
49953,1
49954,1
49955,0
49959,1
49960,1
49961,1
49963,1
49965,1
49970,6
49971,1
49976,1
49979,1
49980,1
49986,1
49988,4
49997,1
49998,1
50005,1
50015,1
50018,1
50019,4
50020,1
50021,1
50023,1
50026,1
50028,6
50030,1
50031,1
50032,4
50033,1
50034,1
50038,1
50043,0
50045,1
50049,1
50056,1
50059,4
50060,1
50063,1
50065,0
50067,4
50071,1
50073,1
50074,0
50079,1
50080,4
50085,1
50087,1
50089,1
50091,1
50092,1
50098,1
50099,0
50101,1
50103,4
50104,1
50109,1
50111,1
50112,1
50116,1
50120,1
50121,1
50122,3
50123,1
50128,1
50133,1
50134,4
50136,4
50137,1
50141,0
50145,1
50148,1
50149,1
50150,1
50156,1
50163,1
50164,1
50179,1
50180,0
50183,4
50189,1
50190,1
50193,1
50196,1
50201,1
50203,1
50204,1
50206,1
50207,6
50211,0
50214,1
50215,1
50224,1
50233,1
50235,0
50236,0
50239,1
50245,4
50248,1
50251,1
50252,1
50253,1
50256,0
50257,4
50258,1
50265,1
50268,4
50270,1
50271,1
50275,0
50276,4
50292,0
50301,1
50305,1
50312,0
50317,1
50319,1
50320,4
50321,1
50322,1
50323,0
50324,1
50325,6
50329,4
50333,1
50335,1
50336,1
50338,1
50343,4
50345,1
50348,1
50350,0
50352,1
50353,1
50356,0
50360,1
50361,1
50362,1
50368,1
50370,5
50371,5
50375,0
50378,1
50382,0
50383,1
50386,0
50387,1
50388,1
50390,1
50393,1
50394,1
50395,0
50397,0
50398,1
50404,4
50406,1
50407,0
50408,0
50418,0
50419,1
50421,4
50426,1
50429,4
50433,1
50434,1
50435,1
50436,4
50440,1
50443,0
50451,1
50453,1
50454,1
50456,1
50458,1
50459,1
50460,1
50465,1
50467,1
50468,0
50472,1
50474,0
50476,5
50477,1
50482,1
50484,1
50486,1
50488,4
50490,1
50492,0
50493,1
50500,0
50502,1
50504,1
50508,1
50509,1
50519,1
50520,4
50526,1
50527,1
50529,0
50536,0
50537,1
50542,4
50545,1
50550,0
50551,1
50556,3
50557,1
50559,1
50562,1
50564,1
50566,1
50570,1
50572,1
50573,1
50575,4
50577,1
50580,1
50589,4
50593,1
50594,1
50596,1
50599,1
50602,1
50603,1
50604,1
50606,4
50613,1
50615,1
50617,1
50619,1
50622,0
50625,1
50626,1
50628,1
50631,0
50635,1
50637,1
50639,1
50640,0
50641,0
50645,1
50646,0
50647,1
50648,1
50649,0
50652,1
50653,1
50655,1
50656,1
50657,2
50658,1
50661,0
50665,1
50667,1
50670,1
50675,1
50677,1
50688,1
50689,1
50692,0
50695,1
50701,0
50702,1
50704,1
50709,5
50712,1
50714,1
50718,4
50722,1
50729,1
50734,1
50739,4
50744,1
50745,1
50750,1
50751,1
50752,3
50755,1
50758,1
50760,4
50762,4
50764,1
50767,1
50771,1
50772,1
50778,0
50779,1
50782,1
50786,0
50788,1
50797,0
50798,1
50801,4
50804,1
50810,1
50811,6
50812,4
50814,1
50818,1
50821,1
50823,1
50827,1
50830,1
50831,4
50832,0
50837,4
50838,1
50839,1
50850,1
50855,1
50858,1
50861,1
50865,1
50867,6
50869,0
50870,1
50871,0
50881,1
50884,1
50894,1
50903,1
50904,1
50907,1
50908,4
50909,1
50911,0
50914,1
50915,1
50917,1
50918,1
50921,0
50925,1
50926,1
50931,0
50932,1
50934,1
50940,1
50942,1
50948,1
50953,1
50954,1
50955,1
50958,1
50966,1
50968,1
50969,1
50974,4
50976,1
50979,1
50980,1
50989,1
50992,1
50994,0
50996,1
51001,1
51004,1
51005,1
51006,1
51008,1
51009,1
51012,1
51014,1
51015,1
51023,0
51024,1
51030,1
51034,1
51036,1
51037,1
51038,1
51040,1
51045,1
51046,0
51047,1
51048,4
51049,1
51057,1
51059,1
51062,1
51066,1
51081,1
51085,0
51090,1
51091,1
51092,1
51094,0
51095,1
51096,4
51097,1
51098,1
51101,1
51102,1
51106,1
51108,1
51111,1
51113,1
51114,0
51116,1
51117,1
51119,1
51120,0
51124,1
51125,0
51129,6
51130,1
51131,1
51134,1
51136,4
51137,1
51138,1
51139,0
51143,1
51147,1
51148,1
51150,1
51152,1
51156,1
51169,0
51172,1
51173,1
51176,1
51177,1
51181,1
51185,0
51189,0
51191,1
51192,1
51201,1
51203,1
51204,1
51207,1
51209,4
51210,1
51211,1
51213,1
51214,1
51215,1
51219,1
51224,1
51225,0
51232,4
51234,1
51239,1
51240,6
51241,1
51243,1
51247,1
51248,1
51252,1
51253,0
51255,5
51256,0
51259,1
51263,0
51266,1
51272,4
51278,0
51281,1
51288,1
51290,0
51297,0
51299,0
51300,1
51301,1
51305,1
51306,1
51310,1
51317,4
51318,1
51324,4
51326,0
51327,1
51330,1
51335,4
51336,1
51342,4
51343,4
51344,4
51348,1
51349,1
51352,1
51356,1
51357,0
51362,0
51367,1
51371,1
51372,0
51375,4
51377,1
51378,1
51379,1
51381,1
51384,1
51386,0
51388,1
51390,4
51391,0
51397,1
51403,1
51405,1
51409,1
51418,1
51422,1
51425,1
51428,0
51431,4
51433,1
51436,1
51437,0
51441,4
51442,1
51445,1
51451,1
51452,1
51454,0
51460,0
51464,1
51465,0
51468,1
51475,1
51481,1
51486,1
51496,4
51498,0
51501,1
51504,1
51509,1
51510,1
51512,1
51513,1
51516,1
51520,1
51521,1
51522,1
51528,1
51530,1
51534,1
51535,1
51538,1
51544,0
51545,1
51546,1
51548,1
51552,4
51560,0
51561,1
51564,1
51568,4
51571,1
51581,1
51582,0
51584,0
51585,0
51593,4
51595,1
51596,1
51600,1
51601,4
51604,1
51606,1
51608,1
51616,0
51618,1
51621,0
51622,0
51627,0
51628,1
51632,1
51633,1
51637,1
51638,4
51640,1
51642,1
51643,1
51644,4
51647,1
51654,1
51655,1
51656,1
51662,0
51665,1
51666,1
51668,1
51669,0
51670,0
51671,4
51674,1
51679,1
51680,1
51682,0
51684,1
51688,0
51689,0
51695,1
51699,1
51702,1
51703,1
51704,0
51706,4
51710,1
51711,1
51713,1
51715,1
51718,1
51722,1
51723,0
51725,1
51727,1
51728,0
51731,1
51733,1
51739,4
51742,1
51745,0
51747,1
51751,1
51752,1
51755,0
51766,1
51767,1
51773,1
51774,0
51775,1
51781,1
51791,0
51794,1
51795,1
51798,0
51799,1
51801,1
51802,1
51807,0
51811,1
51819,1
51820,1
51821,1
51822,1
51824,0
51826,1
51829,1
51830,1
51831,4
51838,1
51841,1
51843,1
51845,1
51846,1
51849,1
51850,0
51851,0
51861,1
51862,0
51863,1
51874,1
51879,0
51880,1
51882,1
51887,0
51889,1
51890,1
51893,0
51894,1
51896,1
51901,0
51904,0
51906,1
51908,1
51914,0
51916,0
51920,1
51928,1
51931,1
51932,1
51933,1
51934,1
51936,4
51938,1
51939,4
51942,1
51944,1
51946,1
51958,0
51966,1
51968,1
51969,1
51983,0
51984,0
51987,1
51993,1
51999,0
52001,1
52003,4
52006,1
52007,0
52010,4
52011,1
52018,1
52019,1
52021,1
52024,1
52025,1
52028,1
52032,0
52036,1
52038,0
52040,1
52042,1
52043,4
52045,1
52055,1
52056,0
52058,4
52060,1
52064,1
52068,0
52072,1
52075,1
52082,1
52092,6
52093,1
52094,6
52095,1
52097,1
52101,1
52105,1
52108,1
52110,1
52112,1
52115,1
52120,0
52122,1
52124,0
52126,1
52130,4
52133,1
52136,1
52137,1
52144,0
52151,1
52153,4
52154,1
52157,1
52158,1
52161,1
52164,1
52166,4
52168,1
52169,1
52171,1
52173,0
52175,1
52176,1
52177,5
52184,1
52186,0
52189,1
52190,1
52195,4
52196,1
52198,0
52199,1
52207,1
52208,1
52213,1
52217,1
52218,1
52222,1
52231,1
52233,1
52240,4
52242,1
52244,0
52256,1
52257,1
52258,1
52260,0
52261,1
52262,1
52263,1
52269,1
52271,1
52276,1
52277,0
52278,0
52286,0
52288,1
52293,1
52297,1
52299,4
52300,1
52301,0
52302,0
52303,1
52305,1
52309,1
52310,0
52312,0
52319,0
52325,1
52326,1
52327,1
52330,1
52332,0
52335,1
52336,1
52339,1
52340,1
52342,0
52343,1
52344,1
52345,1
52347,1
52351,1
52355,0
52356,1
52358,1
52359,1
52362,1
52365,0
52371,1
52373,1
52379,1
52383,1
52385,1
52386,1
52387,0
52388,1
52390,1
52395,1
52398,1
52400,1
52401,1
52408,1
52410,1
52414,1
52415,1
52420,4
52421,1
52422,4
52423,1
52428,4
52431,1
52433,1
52437,1
52438,0
52439,1
52442,1
52443,0
52449,1
52455,1
52457,1
52461,1
52465,0
52467,3
52472,4
52474,1
52476,1
52478,4
52481,1
52483,1
52484,1
52486,1
52488,1
52491,1
52492,4
52494,1
52495,5
52497,4
52498,1
52499,4
52500,1
52502,1
52504,0
52506,1
52507,1
52509,1
52511,1
52512,0
52516,1
52517,1
52518,1
52522,1
52525,0
52531,1
52532,1
52534,0
52541,0
52546,4
52547,1
52552,1
52554,0
52556,1
52557,1
52563,1
52565,1
52569,1
52571,1
52579,1
52581,4
52582,0
52592,0
52596,1
52597,1
52598,0
52599,1
52601,0
52602,1
52603,1
52608,1
52609,1
52617,1
52619,1
52620,0
52621,6
52622,6
52623,1
52626,1
52630,1
52642,1
52645,0
52646,1
52647,0
52654,1
52659,1
52660,1
52661,1
52662,0
52663,1
52674,1
52675,1
52680,1
52681,4
52684,1
52685,4
52686,0
52687,1
52689,1
52690,1
52695,0
52697,1
52698,4
52699,1
52700,1
52703,1
52706,1
52710,1
52711,1
52715,1
52717,1
52720,1
52723,1
52724,1
52725,4
52734,0
52739,4
52741,0
52743,4
52744,1
52746,1
52749,1
52752,1
52772,1
52778,4
52779,1
52785,0
52786,4
52787,1
52795,4
52797,6
52799,1
52801,4
52803,1
52805,1
52807,4
52808,1
52810,1
52811,1
52813,1
52814,1
52815,0
52819,0
52820,1
52823,1
52827,0
52828,1
52832,1
52835,1
52841,1
52845,1
52857,1
52858,1
52860,1
52862,1
52865,1
52867,1
52871,4
52874,1
52875,1
52876,1
52884,1
52888,1
52889,6
52891,1
52892,1
52893,1
52895,4
52897,1
52898,1
52900,1
52903,1
52905,1
52906,1
52918,2
52919,1
52922,1
52924,4
52925,1
52927,1
52931,1
52935,0
52940,1
52941,1
52942,4
52946,3
52947,1
52948,1
52950,4
52954,1
52955,0
52973,1
52975,0
52980,1
52981,4
52983,1
52989,1
52992,4
52998,1
53004,1
53008,1
53009,1
53012,1
53015,1
53016,1
53019,1
53021,1
53023,0
53026,4
53027,0
53028,1
53029,1
53033,1
53037,1
53042,0
53043,1
53044,1
53045,1
53047,4
53049,0
53051,0
53056,1
53059,1
53060,1
53065,1
53066,0
53069,0
53071,1
53072,1
53073,0
53077,0
53078,0
53079,0
53080,1
53081,0
53082,1
53092,0
53093,1
53096,1
53101,1
53102,1
53104,1
53106,0
53108,1
53114,1
53116,1
53123,1
53132,0
53133,6
53144,1
53145,1
53147,1
53149,0
53153,0
53155,0
53156,1
53163,1
53164,0
53170,1
53178,1
53179,0
53186,1
53191,1
53196,0
53197,1
53200,1
53201,1
53203,1
53204,3
53205,0
53207,0
53210,0
53214,1
53215,0
53218,1
53219,1
53222,1
53228,1
53233,1
53235,1
53237,1
53238,1
53240,1
53241,1
53242,0
53243,0
53244,0
53247,1
53250,1
53251,0
53262,1
53264,1
53265,1
53266,1
53271,1
53272,1
53273,1
53276,1
53277,6
53278,1
53279,1
53280,1
53283,1
53292,1
53296,0
53302,1
53303,1
53305,1
53306,0
53309,0
53311,1
53312,1
53313,4
53315,4
53325,1
53326,1
53327,0
53328,1
53330,1
53331,1
53332,1
53336,1
53338,1
53340,1
53342,1
53344,1
53346,1
53347,1
53350,1
53356,1
53358,1
53362,0
53363,6
53366,1
53367,1
53369,1
53372,1
53374,1
53375,0
53377,4
53381,1
53383,1
53385,1
53386,4
53388,1
53390,0
53391,1
53395,1
53398,1
53404,1
53405,1
53408,1
53409,1
53413,1
53420,1
53421,1
53426,1
53427,0
53428,6
53430,1
53432,1
53436,0
53437,1
53438,1
53440,1
53441,1
53444,1
53445,1
53449,1
53453,1
53454,1
53456,0
53457,1
53461,1
53462,1
53464,1
53467,1
53470,1
53472,1
53473,1
53474,1
53479,1
53480,0
53482,1
53483,1
53484,4
53490,0
53492,1
53494,4
53497,1
53498,1
53499,1
53500,1
53501,1
53502,0
53503,1
53504,0
53506,1
53509,1
53512,1
53516,1
53520,1
53527,1
53531,1
53536,1
53539,1
53540,1
53541,1
53542,1
53545,1
53548,0
53549,1
53557,1
53561,0
53564,1
53567,0
53568,1
53570,1
53575,0
53582,1
53583,1
53584,1
53585,1
53586,1
53590,1
53595,1
53600,0
53602,1
53606,1
53607,1
53618,1
53623,1
53625,0
53627,1
53629,1
53630,1
53632,1
53633,1
53634,4
53636,1
53637,1
53639,6
53654,0
53656,0
53659,1
53665,4
53666,1
53668,0
53674,1
53675,4
53679,1
53681,1
53683,0
53684,1
53686,1
53688,1
53690,1
53691,1
53695,1
53696,1
53700,1
53703,1
53704,1
53705,3
53708,1
53717,4
53718,1
53721,1
53722,1
53725,1
53728,1
53730,1
53732,1
53733,1
53734,0
53737,1
53741,1
53742,1
53749,1
53754,1
53755,1
53756,1
53762,0
53763,0
53764,4
53770,1
53773,1
53775,0
53777,1
53780,1
53782,1
53789,1
53790,1
53801,0
53803,1
53805,1
53809,0
53821,0
53823,1
53824,1
53826,0
53829,3
53833,1
53839,1
53840,1
53843,1
53844,1
53845,1
53849,1
53850,4
53854,0
53855,1
53859,1
53862,1
53874,1
53875,1
53881,1
53882,1
53884,1
53888,1
53889,1
53891,1
53894,0
53895,1
53898,0
53901,1
53902,1
53903,4
53907,1
53911,0
53912,0
53917,1
53918,0
53919,1
53921,0
53922,1
53927,1
53929,1
53932,0
53933,5
53935,2
53939,1
53941,1
53944,1
53947,1
53948,1
53952,1
53958,1
53960,1
53961,1
53962,1
53963,2
53968,4
53969,1
53970,1
53975,0
53983,0
53984,1
53987,0
53988,1
53990,0
53993,4
53994,0
53995,1
53998,1
54001,1
54003,0
54012,1
54013,4
54015,1
54018,6
54028,1
54031,1
54033,4
54038,1
54039,1
54040,1
54041,6
54044,1
54046,0
54049,1
54051,0
54052,1
54053,0
54054,1
54056,1
54057,0
54058,4
54059,1
54063,1
54067,4
54068,1
54073,0
54075,1
54076,0
54087,0
54091,1
54092,1
54102,6
54103,1
54104,1
54105,0
54107,1
54111,1
54113,0
54115,1
54121,0
54122,1
54130,1
54131,0
54135,1
54138,1
54139,0
54142,4
54145,1
54150,1
54151,1
54153,1
54158,1
54159,1
54161,0
54164,4
54165,0
54167,0
54173,0
54174,1
54177,1
54181,1
54188,1
54191,0
54192,1
54195,1
54199,6
54201,0
54207,1
54209,4
54210,0
54216,1
54219,1
54220,1
54221,1
54223,1
54224,1
54225,1
54227,1
54230,1
54234,1
54235,1
54237,1
54238,0
54242,1
54243,4
54246,1
54252,1
54253,1
54254,1
54257,1
54258,1
54259,1
54263,1
54266,1
54270,1
54272,1
54275,1
54276,0
54278,0
54279,0
54281,1
54292,1
54298,1
54299,1
54301,1
54302,0
54304,1
54305,1
54310,1
54315,1
54316,1
54317,3
54318,1
54319,1
54320,1
54321,4
54323,0
54324,1
54326,1
54329,1
54335,4
54336,0
54337,1
54339,1
54344,1
54346,0
54353,1
54373,2
54374,1
54376,0
54382,0
54383,0
54386,1
54391,1
54396,1
54399,1
54401,1
54402,0
54404,1
54405,1
54409,1
54410,0
54411,1
54413,1
54416,1
54424,1
54430,4
54434,4
54435,1
54436,1
54437,1
54438,0
54440,1
54444,1
54446,0
54447,1
54451,1
54453,1
54457,0
54460,1
54466,1
54467,4
54468,1
54472,1
54476,0
54478,4
54481,1
54482,1
54483,1
54485,1
54488,1
54492,0
54495,0
54498,0
54502,1
54503,1
54509,1
54511,1
54518,0
54522,0
54534,1
54536,0
54540,0
54542,1
54544,1
54548,1
54550,1
54556,1
54559,1
54560,0
54561,1
54563,1
54564,1
54569,1
54573,4
54574,3
54575,1
54576,1
54581,1
54582,0
54583,1
54584,4
54585,1
54587,1
54590,0
54592,1
54595,0
54605,2
54610,4
54612,1
54613,1
54615,1
54616,0
54617,1
54618,1
54622,1
54625,1
54626,6
54627,1
54635,4
54637,1
54638,0
54641,1
54642,1
54649,1
54658,0
54659,1
54662,4
54663,1
54665,1
54667,1
54668,1
54669,4
54670,1
54672,1
54674,1
54678,4
54680,1
54683,1
54688,0
54690,0
54693,1
54694,0
54697,1
54698,1
54699,1
54700,1
54704,1
54707,1
54708,1
54711,0
54712,1
54714,1
54717,1
54718,0
54721,1
54726,1
54729,0
54733,1
54734,1
54742,1
54743,1
54748,1
54751,1
54752,1
54753,1
54755,1
54757,1
54761,1
54766,1
54773,1
54775,1
54778,1
54779,1
54781,1
54782,4
54783,1
54786,1
54787,0
54791,1
54795,0
54802,0
54804,6
54805,1
54808,5
54810,1
54812,1
54813,4
54814,0
54819,1
54820,1
54821,0
54822,0
54825,1
54829,1
54834,1
54839,1
54840,1
54843,6
54846,1
54848,1
54851,1
54853,1
54855,1
54858,1
54864,0
54865,1
54866,0
54870,1
54871,0
54876,1
54878,1
54880,0
54881,1
54883,0
54884,1
54890,0
54893,0
54894,0
54897,1
54898,0
54902,0
54905,0
54913,0
54915,1
54920,0
54922,1
54925,1
54927,1
54928,1
54934,1
54935,1
54938,1
54946,1
54947,1
54948,0
54950,1
54953,1
54958,1
54959,1
54961,1
54963,1
54964,4
54968,1
54969,1
54974,4
54978,1
54979,1
54981,0
54984,1
54986,4
54988,1
54993,4
54994,0
55000,1
55001,4
55005,1
55007,1
55010,1
55015,1
55020,1
55021,0
55022,1
55025,1
55026,1
55027,1
55031,0
55039,1
55041,0
55042,4
55044,1
55048,4
55050,1
55051,1
55053,1
55055,0
55057,1
55060,0
55061,4
55062,1
55063,0
55064,1
55065,1
55070,1
55074,1
55075,1
55076,1
55077,1
55088,1
55093,0
55094,1
55099,6
55100,5
55103,1
55104,1
55105,1
55106,1
55112,6
55122,1
55124,1
55125,0
55126,0
55128,6
55129,1
55132,1
55135,0
55137,0
55138,1
55141,1
55147,1
55148,1
55151,1
55152,1
55155,0
55156,1
55158,0
55160,0
55161,4
55167,1
55168,1
55182,0
55189,1
55197,0
55199,1
55201,0
55204,1
55209,0
55213,1
55215,1
55216,5
55226,1
55229,0
55230,6
55233,1
55241,4
55246,1
55247,1
55250,0
55252,1
55253,0
55254,1
55258,1
55259,1
55260,0
55261,1
55267,1
55276,1
55284,1
55286,1
55287,0
55289,1
55290,1
55293,1
55294,1
55295,0
55299,1
55301,4
55303,1
55312,1
55313,0
55315,1
55316,1
55322,1
55323,1
55325,1
55326,1
55330,1
55331,1
55336,1
55341,4
55346,1
55352,1
55354,1
55355,1
55357,0
55364,1
55365,1
55366,1
55370,1
55372,1
55373,1
55375,1
55376,0
55377,1
55381,1
55390,0
55394,1
55399,1
55403,0
55409,1
55410,1
55424,1
55427,4
55428,1
55430,1
55432,1
55433,1
55437,1
55444,4
55448,1
55453,1
55455,1
55458,0
55464,1
55468,1
55473,1
55479,1
55481,1
55482,1
55483,1
55484,1
55486,1
55491,1
55494,1
55499,4
55500,1
55504,1
55505,1
55507,1
55508,0
55510,1
55512,4
55513,1
55514,1
55522,1
55524,1
55526,1
55527,1
55529,1
55532,1
55533,1
55535,1
55539,1
55541,1
55542,1
55546,1
55551,1
55553,1
55554,1
55555,0
55556,0
55557,1
55558,1
55560,1
55562,5
55566,1
55568,1
55570,1
55572,1
55573,4
55574,1
55576,1
55583,0
55585,4
55587,1
55590,1
55593,1
55600,1
55601,0
55602,1
55605,1
55608,4
55612,0
55613,1
55616,0
55619,0
55627,1
55628,1
55630,1
55634,4
55635,0
55640,1
55642,1
55646,1
55647,1
55653,0
55654,1
55661,1
55664,1
55667,0
55668,1
55679,1
55680,0
55681,1
55682,1
55685,1
55687,1
55688,1
55691,1
55695,1
55696,0
55700,1
55703,0
55705,0
55707,1
55708,1
55718,1
55719,1
55723,1
55726,0
55728,4
55732,0
55733,1
55735,1
55736,1
55738,1
55742,1
55751,1
55753,1
55757,0
55760,1
55763,0
55769,1
55774,2
55782,1
55783,1
55784,1
55785,1
55789,5
55792,1
55800,0
55807,0
55808,1
55809,1
55810,1
55811,1
55812,1
55813,1
55818,1
55822,0
55832,1
55835,0
55836,1
55837,5
55842,1
55850,1
55851,1
55852,1
55854,0
55855,4
55856,1
55861,1
55865,1
55866,1
55867,1
55870,1
55872,0
55873,4
55878,1
55881,1
55885,1
55890,1
55893,1
55897,1
55912,1
55913,0
55922,1
55924,1
55932,0
55934,1
55937,0
55940,1
55945,1
55949,1
55951,0
55954,1
55955,1
55957,1
55960,1
55961,1
55962,1
55969,0
55971,1
55973,4
55974,1
55983,1
55992,0
55996,0
55997,1
56000,1
56001,1
56002,1
56004,1
56005,1
56009,6
56010,1
56014,1
56017,0
56019,4
56020,0
56025,1
56027,4
56028,1
56029,1
56033,1
56034,0
56036,0
56038,0
56039,1
56044,1
56045,1
56047,1
56049,0
56055,0
56060,1
56061,0
56063,1
56064,1
56065,1
56068,1
56072,4
56073,1
56076,1
56079,4
56084,4
56085,1
56086,1
56090,1
56092,1
56095,0
56096,1
56102,0
56103,1
56109,1
56111,1
56113,1
56114,1
56120,1
56121,4
56125,1
56127,1
56129,1
56130,1
56132,1
56133,1
56135,4
56137,4
56138,1
56141,1
56142,1
56146,1
56150,1
56153,1
56157,1
56158,1
56159,4
56160,1
56161,1
56162,1
56163,1
56167,4
56171,1
56172,1
56175,1
56176,1
56182,1
56184,1
56185,1
56187,1
56190,1
56191,1
56192,1
56194,0
56199,1
56205,2
56208,1
56215,1
56217,1
56218,1
56223,0
56228,1
56231,1
56233,0
56237,0
56238,0
56239,1
56244,2
56246,1
56251,1
56254,1
56259,0
56264,0
56265,4
56266,1
56273,1
56278,1
56279,1
56283,1
56287,1
56296,1
56299,1
56300,0
56301,1
56307,1
56308,1
56310,1
56314,1
56317,0
56318,0
56320,1
56330,1
56335,1
56341,0
56342,0
56345,1
56346,1
56348,1
56355,0
56356,1
56363,1
56365,0
56366,0
56369,1
56370,1
56380,1
56384,0
56394,1
56395,0
56400,1
56410,1
56411,1
56414,4
56416,1
56418,0
56420,1
56426,1
56429,1
56434,1
56435,3
56436,4
56446,1
56452,1
56453,1
56455,1
56458,1
56463,4
56467,1
56470,4
56471,1
56473,1
56475,1
56478,0
56479,1
56487,1
56489,1
56491,1
56492,0
56493,1
56496,0
56498,1
56502,1
56503,1
56506,1
56517,1
56518,1
56525,1
56527,0
56529,0
56531,1
56533,1
56534,1
56535,0
56536,1
56538,0
56545,4
56549,4
56551,4
56557,1
56559,1
56564,1
56565,0
56580,1
56587,1
56589,0
56592,1
56594,0
56595,4
56596,1
56598,1
56600,3
56602,1
56603,4
56604,5
56607,0
56608,1
56610,3
56612,1
56614,1
56618,1
56626,0
56627,0
56629,1
56632,0
56634,1
56637,1
56638,1
56639,1
56641,1
56642,1
56644,4
56649,4
56652,0
56654,1
56656,1
56666,1
56668,1
56674,1
56679,3
56681,1
56686,1
56687,0
56691,1
56693,1
56695,1
56696,1
56698,1
56702,1
56706,1
56710,1
56711,1
56714,1
56715,1
56719,1
56721,0
56727,0
56730,1
56732,1
56733,1
56735,1
56738,1
56741,1
56744,1
56750,0
56752,4
56753,0
56754,1
56756,3
56757,1
56761,1
56765,1
56769,1
56770,1
56772,0
56774,1
56777,4
56778,1
56779,1
56785,1
56796,1
56797,1
56798,1
56799,0
56803,4
56804,0
56808,1
56811,0
56813,0
56818,1
56819,0
56820,1
56822,0
56823,1
56824,0
56829,1
56844,1
56845,4
56846,1
56847,1
56849,1
56850,4
56852,0
56855,0
56858,1
56861,1
56872,1
56875,1
56877,6
56878,1
56888,1
56891,1
56895,0
56897,1
56899,0
56901,1
56902,1
56910,1
56911,1
56913,1
56917,0
56919,1
56922,1
56926,1
56932,0
56934,1
56936,1
56937,1
56940,1
56941,1
56942,0
56945,0
56947,1
56948,1
56949,1
56953,1
56954,1
56958,1
56960,1
56963,0
56965,1
56967,1
56968,1
56969,1
56972,1
56973,0
56974,0
56980,1
56983,0
56984,0
56987,1
56989,1
56991,1
56994,1
56996,5
56997,1
56998,1
56999,0
57000,4
57007,1
57013,1
57015,1
57021,0
57022,0
57025,1
57026,1
57029,1
57031,0
57034,1
57035,1
57037,1
57039,1
57043,1
57045,1
57047,1
57048,1
57052,1
57054,1
57057,0
57059,0
57060,1
57063,1
57068,4
57071,1
57072,1
57075,1
57077,0
57079,1
57083,4
57087,1
57088,1
57089,1
57090,1
57093,0
57100,1
57101,1
57102,0
57107,1
57111,1
57115,1
57118,1
57119,1
57120,1
57121,4
57122,1
57131,6
57133,0
57135,0
57139,1
57145,1
57159,1
57161,1
57163,1
57164,0
57168,4
57170,1
57175,0
57181,1
57182,0
57184,1
57189,1
57190,1
57192,0
57196,1
57199,4
57201,1
57205,1
57207,0
57210,1
57213,1
57214,4
57218,3
57219,1
57220,4
57221,1
57222,1
57223,1
57226,0
57227,1
57228,1
57231,0
57232,0
57238,1
57239,0
57244,0
57248,0
57250,1
57258,1
57261,1
57267,1
57269,1
57271,1
57273,1
57274,1
57281,1
57283,1
57284,1
57286,1
57290,1
57293,4
57295,1
57299,1
57300,1
57301,0
57303,4
57306,1
57310,1
57314,1
57317,0
57318,1
57322,1
57323,4
57324,1
57325,1
57327,1
57332,6
57333,1
57334,1
57339,4
57342,1
57345,1
57348,1
57349,0
57352,1
57356,1
57358,1
57359,1
57360,1
57361,0
57362,1
57366,1
57369,1
57370,4
57380,1
57386,1
57387,1
57389,1
57390,4
57391,0
57396,6
57399,1
57400,1
57401,1
57402,1
57406,0
57409,4
57410,1
57411,1
57412,1
57414,0
57422,4
57423,4
57426,1
57427,1
57430,1
57437,1
57438,4
57440,1
57446,1
57447,4
57448,0
57454,0
57459,1
57460,1
57462,0
57463,1
57466,0
57467,1
57469,1
57470,3
57476,0
57480,4
57484,1
57486,3
57487,1
57489,1
57495,1
57501,1
57510,1
57514,0
57519,0
57521,1
57522,0
57527,1
57535,1
57538,1
57552,1
57553,1
57559,1
57560,1
57563,1
57567,1
57569,3
57571,0
57574,1
57575,1
57577,1
57578,1
57579,0
57581,1
57584,1
57587,0
57588,6
57591,1
57592,1
57593,1
57595,1
57598,1
57599,1
57601,1
57608,1
57609,1
57614,0
57615,1
57618,0
57621,0
57622,0
57623,1
57624,2
57625,4
57637,1
57638,1
57641,0
57653,0
57659,1
57661,2
57664,1
57671,1
57672,0
57674,0
57678,1
57681,0
57682,1
57683,0
57684,1
57696,0
57700,1
57701,1
57704,1
57707,1
57708,4
57712,1
57713,1
57715,1
57718,1
57720,0
57726,0
57732,1
57733,1
57734,1
57740,1
57742,1
57743,1
57745,1
57747,1
57750,0
57751,1
57755,1
57757,0
57760,1
57767,1
57768,1
57770,1
57771,1
57774,4
57778,0
57779,1
57781,0
57783,0
57785,1
57786,1
57788,1
57789,0
57790,1
57796,1
57799,1
57800,1
57801,4
57808,1
57813,1
57817,1
57819,1
57821,1
57825,1
57827,1
57836,1
57837,1
57842,1
57845,1
57848,1
57852,4
57854,1
57855,1
57859,1
57864,1
57870,1
57873,1
57874,0
57875,1
57878,4
57882,1
57883,1
57885,0
57892,4
57894,1
57896,1
57899,1
57904,1
57905,1
57906,1
57910,1
57911,1
57915,1
57916,1
57923,1
57927,4
57931,1
57932,0
57934,1
57940,4
57941,1
57943,1
57945,1
57946,1
57947,5
57948,1
57949,1
57950,1
57954,1
57955,1
57956,4
57960,0
57965,0
57968,1
57970,0
57974,3
57978,1
57991,1
57992,1
57994,1
57995,1
57997,1
57999,1
58001,1
58004,0
58009,1
58010,1
58013,6
58014,1
58015,0
58016,1
58019,1
58023,1
58024,1
58026,1
58028,0
58030,1
58034,1
58037,1
58040,4
58041,0
58045,1
58050,4
58053,1
58054,1
58058,1
58060,1
58062,1
58066,1
58068,1
58070,0
58072,1
58073,0
58074,1
58076,1
58078,6
58081,1
58085,1
58086,1
58090,0
58092,1
58093,1
58095,4
58097,1
58098,0
58100,1
58101,1
58102,1
58103,4
58109,1
58110,1
58114,1
58121,1
58122,1
58127,1
58129,4
58130,1
58136,0
58138,4
58140,4
58142,0
58143,1
58149,0
58152,1
58155,1
58157,0
58166,1
58167,0
58168,5
58174,1
58175,1
58181,1
58183,0
58184,1
58185,4
58186,1
58194,1
58196,1
58198,1
58199,1
58203,1
58204,1
58219,1
58223,4
58226,1
58228,1
58231,1
58232,6
58239,0
58243,1
58244,1
58245,1
58251,0
58252,1
58257,1
58258,1
58264,0
58265,1
58268,0
58269,1
58271,1
58273,1
58275,1
58276,1
58280,1
58281,0
58282,1
58285,1
58286,1
58287,1
58288,1
58292,0
58298,0
58299,1
58300,0
58301,0
58302,0
58303,1
58306,0
58308,1
58316,1
58321,2
58323,1
58326,1
58327,1
58333,1
58336,1
58338,1
58341,1
58342,0
58347,4
58349,1
58350,1
58352,1
58354,0
58357,1
58359,1
58361,1
58364,1
58366,1
58369,1
58370,1
58371,1
58372,0
58381,1
58382,4
58384,1
58386,1
58387,1
58389,1
58394,1
58395,1
58403,1
58404,1
58405,0
58406,1
58408,0
58409,1
58413,0
58416,1
58417,1
58419,1
58428,1
58429,1
58434,1
58436,1
58437,5
58442,4
58446,1
58450,3
58451,1
58452,0
58453,1
58454,1
58455,1
58457,1
58462,1
58463,0
58467,1
58475,1
58476,6
58477,1
58478,1
58479,1
58481,1
58484,1
58487,1
58489,1
58490,6
58491,1
58493,0
58496,1
58497,1
58502,4
58503,1
58505,0
58509,1
58511,1
58512,1
58519,1
58521,1
58522,1
58526,4
58528,1
58533,1
58535,0
58536,0
58537,1
58538,1
58541,1
58546,0
58552,1
58553,1
58557,1
58562,0
58564,1
58568,0
58570,0
58573,1
58574,0
58575,1
58577,0
58578,1
58582,1
58589,0
58590,0
58592,0
58596,1
58599,0
58604,4
58607,1
58608,1
58613,1
58616,0
58618,1
58619,1
58620,1
58622,1
58625,1
58626,1
58630,1
58633,1
58634,1
58635,1
58640,1
58645,1
58653,1
58654,1
58655,1
58659,0
58662,0
58663,1
58664,1
58665,1
58666,1
58667,1
58673,0
58675,1
58677,1
58678,1
58684,6
58685,1
58689,1
58693,1
58694,1
58695,0
58697,1
58698,1
58700,1
58701,1
58702,4
58703,0
58704,1
58705,1
58706,1
58708,1
58709,1
58711,1
58716,4
58718,1
58719,1
58725,1
58728,1
58732,1
58733,1
58738,1
58739,1
58742,1
58743,1
58744,1
58746,1
58754,0
58760,1
58762,0
58763,1
58768,0
58769,1
58772,4
58775,1
58776,0
58781,1
58782,0
58783,1
58792,1
58793,1
58798,1
58800,0
58801,1
58803,4
58804,0
58806,1
58807,1
58809,1
58811,1
58815,1
58816,2
58823,1
58824,1
58827,1
58829,6
58832,1
58834,4
58836,1
58839,1
58842,1
58846,0
58847,1
58849,1
58850,0
58851,1
58854,4
58856,1
58861,1
58862,1
58863,1
58864,0
58867,1
58868,1
58870,4
58871,1
58873,4
58874,0
58879,1
58880,3
58886,1
58889,0
58890,1
58894,3
58895,6
58899,1
58902,0
58904,1
58905,1
58906,1
58907,1
58909,1
58912,1
58913,1
58917,1
58918,1
58921,1
58922,6
58926,4
58928,1
58929,1
58935,6
58936,0
58940,6
58942,3
58943,1
58947,0
58949,1
58950,1
58951,1
58952,1
58953,1
58960,1
58972,1
58973,1
58977,1
58982,1
58985,1
58988,3
58989,1
58994,1
58996,1
58997,0
58999,4
59001,1
59002,4
59003,1
59005,4
59006,1
59008,1
59009,1
59010,1
59011,1
59013,1
59017,1
59018,1
59020,1
59021,1
59023,0
59025,1
59026,1
59027,1
59028,0
59032,4
59034,1
59038,1
59040,1
59041,0
59042,1
59045,1
59048,1
59049,1
59053,1
59054,0
59055,4
59056,0
59057,1
59058,1
59060,1
59070,1
59072,1
59079,1
59080,1
59081,1
59085,1
59087,1
59088,0
59089,1
59091,1
59093,1
59094,6
59099,1
59101,1
59102,1
59104,1
59111,1
59114,1
59118,1
59119,1
59120,1
59121,0
59125,1
59135,1
59137,4
59139,4
59141,0
59142,1
59148,1
59149,1
59150,1
59151,1
59153,1
59155,1
59163,1
59164,1
59165,1
59168,1
59170,1
59177,1
59181,1
59186,4
59189,1
59193,1
59194,1
59195,0
59197,1
59200,1
59203,0
59205,4
59209,1
59211,1
59220,1
59226,4
59227,1
59230,0
59233,1
59236,0
59239,1
59241,0
59246,1
59248,1
59250,1
59251,0
59254,1
59255,1
59261,1
59266,1
59268,4
59271,0
59273,1
59275,1
59279,1
59280,1
59282,1
59284,1
59286,0
59288,0
59296,0
59302,1
59306,1
59307,1
59308,0
59310,1
59311,1
59314,1
59318,0
59324,1
59328,1
59329,1
59331,0
59335,1
59337,6
59339,1
59343,1
59345,1
59347,1
59351,1
59352,4
59353,3
59355,1
59360,1
59361,1
59363,1
59364,1
59367,1
59368,0
59370,1
59376,1
59377,1
59378,1
59382,1
59384,1
59386,1
59388,1
59397,0
59398,0
59399,1
59401,1
59403,1
59404,1
59405,1
59407,1
59408,4
59409,1
59410,0
59412,0
59414,0
59415,4
59416,0
59417,4
59418,1
59420,1
59424,1
59426,1
59429,1
59430,1
59432,1
59434,1
59437,1
59439,1
59444,4
59445,1
59451,4
59452,1
59458,0
59460,0
59461,1
59462,0
59463,1
59464,0
59468,1
59469,0
59471,0
59472,1
59473,1
59474,1
59475,1
59478,0
59483,1
59490,1
59491,1
59492,1
59493,1
59494,1
59495,0
59499,1
59500,0
59501,1
59505,1
59506,1
59507,1
59509,1
59510,1
59516,1
59519,0
59520,1
59521,1
59522,1
59523,1
59524,6
59525,1
59526,1
59531,0
59532,0
59534,1
59535,1
59536,0
59543,0
59547,1
59550,1
59551,1
59554,1
59558,1
59559,1
59561,1
59562,1
59563,1
59566,0
59567,1
59572,1
59573,1
59574,1
59579,1
59584,1
59585,0
59586,1
59589,1
59590,0
59591,1
59595,1
59597,6
59599,4
59600,1
59601,1
59603,1
59614,1
59616,0
59621,1
59623,1
59624,4
59634,0
59637,1
59639,0
59643,1
59644,1
59655,0
59657,0
59663,1
59664,4
59665,1
59669,1
59672,1
59676,1
59678,1
59681,4
59691,1
59693,1
59696,1
59698,1
59700,1
59708,1
59709,1
59711,0
59715,0
59721,0
59722,1
59726,1
59727,4
59730,1
59731,1
59732,1
59733,0
59734,0
59735,0
59736,4
59737,1
59738,0
59739,1
59740,1
59741,1
59743,0
59745,1
59747,0
59757,1
59759,1
59760,4
59771,1
59772,1
59775,1
59780,1
59785,0
59787,0
59788,1
59792,0
59793,1
59797,1
59798,0
59801,0
59804,1
59807,1
59812,1
59817,1
59819,1
59821,1
59824,1
59827,1
59828,1
59832,0
59834,0
59835,0
59836,3
59844,0
59846,1
59854,1
59863,1
59864,1
59865,1
59869,4
59870,4
59871,0
59875,1
59880,1
59886,1
59888,1
59889,1
59890,1
59893,1
59894,4
59896,1
59901,1
59902,1
59903,1
59907,1
59909,1
59911,1
59913,1
59915,1
59916,1
59917,1
59919,1
59922,0
59926,1
59931,0
59932,0
59933,1
59934,1
59937,1
59938,1
59948,0
59949,0
59951,4
59953,1
59955,1
59956,0
59957,6
59958,1
59960,1
59962,0
59963,1
59970,1
59974,0
59977,0
59981,1
59982,1
59983,1
59985,1
59989,1
59991,1
59992,1
59994,1
59996,1
60003,0
60004,0
60005,1
60008,0
60010,0
60013,1
60014,0
60017,1
60018,1
60019,1
60020,1
60021,1
60022,1
60023,1
60025,1
60026,1
60029,0
60032,1
60036,1
60037,0
60040,1
60041,1
60044,1
60046,0
60047,1
60048,1
60051,0
60053,4
60054,1
60058,1
60060,1
60062,1
60063,1
60067,0
60073,1
60080,1
60083,1
60085,1
60088,3
60090,1
60093,1
60095,0
60097,1
60102,0
60104,0
60108,0
60110,0
60113,0
60114,1
60115,0
60117,0
60119,1
60122,1
60125,0
60133,1
60134,4
60135,1
60137,0
60146,1
60147,1
60149,1
60150,0
60153,1
60155,1
60156,0
60158,1
60159,1
60161,0
60162,1
60165,1
60171,1
60177,1
60182,1
60185,4
60186,1
60198,1
60199,1
60203,1
60205,1
60207,1
60208,1
60209,1
60210,1
60213,1
60214,1
60215,0
60220,1
60221,1
60223,6
60225,1
60226,1
60229,1
60244,1
60246,0
60254,0
60255,0
60258,1
60259,1
60263,3
60264,1
60265,1
60267,1
60268,1
60270,1
60275,0
60276,1
60293,1
60294,4
60296,1
60298,1
60310,0
60311,1
60312,1
60321,0
60322,1
60323,1
60325,1
60326,1
60328,1
60332,1
60333,1
60335,1
60338,6
60340,1
60341,1
60344,1
60345,1
60347,1
60348,0
60349,1
60351,1
60352,0
60359,1
60360,0
60362,1
60363,1
60367,1
60369,1
60374,1
60376,0
60396,1
60398,1
60404,1
60405,0
60409,1
60411,1
60416,1
60418,0
60419,0
60421,3
60424,0
60427,1
60433,1
60434,1
60436,1
60437,1
60438,0
60441,1
60447,1
60448,1
60451,1
60452,1
60461,1
60463,1
60464,1
60467,1
60468,0
60469,0
60479,1
60483,1
60485,1
60487,0
60489,1
60494,1
60505,1
60506,1
60507,1
60508,1
60509,1
60512,0
60513,4
60515,1
60516,1
60517,4
60518,4
60520,1
60521,1
60522,1
60530,1
60532,0
60534,1
60537,1
60542,1
60543,1
60544,1
60547,1
60548,1
60549,1
60551,1
60554,3
60558,1
60560,1
60562,1
60563,1
60567,1
60572,1
60574,1
60585,1
60587,1
60588,1
60592,1
60593,1
60598,1
60599,1
60601,1
60604,0
60605,0
60607,1
60609,1
60612,0
60613,1
60622,4
60623,1
60626,0
60628,4
60629,1
60630,1
60631,1
60633,1
60638,1
60640,0
60641,1
60642,4
60644,0
60645,1
60649,1
60650,1
60652,1
60653,1
60656,0
60660,1
60661,0
60662,1
60664,1
60665,1
60668,1
60678,1
60679,1
60684,1
60689,0
60693,1
60697,1
60700,1
60701,1
60706,1
60709,1
60712,1
60725,1
60726,0
60727,1
60729,0
60732,3
60733,1
60736,1
60738,0
60740,1
60741,1
60744,0
60745,1
60747,0
60748,1
60752,0
60756,1
60757,0
60760,1
60761,1
60765,1
60769,1
60770,0
60774,1
60775,4
60780,1
60782,1
60783,3
60784,1
60788,1
60797,0
60800,0
60802,0
60804,1
60808,4
60809,1
60811,1
60812,4
60813,1
60814,1
60815,1
60816,1
60818,4
60819,1
60820,0
60824,1
60830,4
60832,0
60838,1
60839,0
60844,1
60845,1
60847,1
60849,1
60856,4
60858,0
60860,1
60862,1
60866,1
60868,1
60872,1
60874,1
60875,1
60876,1
60879,0
60884,1
60885,1
60886,1
60896,1
60897,4
60900,0
60905,0
60910,1
60913,1
60914,1
60917,1
60918,1
60919,1
60920,1
60927,0
60931,1
60932,1
60938,4
60946,1
60949,0
60950,4
60951,1
60957,0
60960,0
60963,1
60964,1
60966,1
60970,0
60974,1
60975,1
60979,0
60980,1
60981,1
60989,1
60991,1
60997,1
60998,1
60999,1
61000,1
61002,1
61004,1
61006,0
61009,0
61011,1
61013,1
61015,0
61019,1
61026,4
61030,1
61032,1
61033,1
61034,1
61035,1
61038,1
61040,1
61042,1
61045,1
61047,1
61051,0
61052,1
61057,0
61059,4
61062,1
61065,0
61067,0
61068,1
61070,1
61072,1
61073,1
61079,1
61086,1
61088,1
61089,1
61093,1
61095,1
61096,1
61097,1
61100,0
61103,1
61107,1
61108,4
61110,1
61112,1
61114,1
61117,1
61120,1
61121,4
61123,1
61126,1
61128,1
61130,1
61134,1
61135,1
61144,1
61146,1
61148,3
61152,1
61154,1
61155,4
61156,1
61157,2
61161,1
61162,0
61166,0
61169,6
61173,1
61175,1
61176,1
61178,1
61180,1
61185,1
61186,6
61187,1
61188,0
61193,1
61197,0
61200,1
61201,1
61208,4
61209,1
61211,1
61214,0
61220,1
61222,1
61225,0
61229,1
61231,1
61232,3
61233,1
61234,1
61239,0
61240,1
61241,0
61242,1
61243,1
61244,1
61246,1
61249,0
61255,1
61256,1
61259,0
61262,1
61265,4
61276,6
61286,1
61287,0
61288,1
61289,0
61291,1
61292,1
61296,1
61298,1
61299,1
61300,1
61304,1
61305,0
61307,1
61311,6
61312,3
61313,0
61314,1
61319,1
61320,1
61321,1
61325,1
61326,0
61331,1
61336,4
61338,1
61339,1
61341,1
61343,1
61345,1
61346,1
61347,1
61351,1
61354,0
61355,1
61356,1
61359,1
61360,1
61363,0
61365,1
61367,1
61368,1
61369,1
61371,1
61372,1
61373,3
61378,0
61380,1
61385,1
61386,1
61387,1
61388,1
61389,0
61395,1
61396,1
61400,1
61402,0
61404,1
61406,1
61407,1
61408,1
61409,0
61410,1
61412,0
61415,0
61421,0
61426,1
61428,4
61431,1
61435,1
61438,0
61445,1
61450,1
61452,1
61453,1
61457,1
61460,1
61462,4
61471,1
61472,1
61475,4
61476,1
61477,1
61481,1
61483,1
61486,1
61488,1
61495,1
61503,1
61504,1
61508,1
61509,1
61511,1
61512,1
61514,1
61516,4
61520,1
61521,1
61522,0
61523,0
61534,4
61535,1
61536,4
61537,1
61538,1
61540,4
61542,1
61546,1
61549,1
61552,1
61553,1
61555,1
61557,0
61558,1
61560,1
61561,1
61565,1
61567,1
61571,1
61572,1
61574,1
61575,0
61576,1
61580,0
61583,0
61584,1
61585,1
61586,1
61588,1
61589,1
61591,1
61592,0
61594,1
61597,1
61603,1
61604,4
61605,1
61612,1
61613,1
61614,1
61615,1
61618,0
61619,6
61627,4
61631,1
61635,1
61636,1
61638,0
61639,6
61641,1
61642,1
61645,0
61653,1
61654,0
61655,1
61661,0
61662,1
61666,1
61670,1
61676,1
61680,0
61683,1
61684,1
61685,1
61686,1
61687,1
61689,0
61690,0
61692,1
61703,1
61706,1
61707,0
61708,1
61709,0
61712,1
61714,1
61716,0
61719,1
61723,3
61730,1
61733,1
61735,4
61740,1
61742,1
61743,1
61747,1
61748,1
61749,1
61752,1
61757,1
61759,1
61760,0
61766,1
61770,1
61775,0
61777,0
61778,1
61780,1
61784,0
61786,1
61787,0
61789,1
61797,1
61798,1
61808,1
61809,1
61812,1
61815,1
61816,1
61818,1
61819,4
61825,1
61826,1
61833,0
61835,1
61836,1
61839,5
61840,1
61844,0
61845,1
61846,1
61848,1
61853,0
61856,1
61858,4
61860,1
61864,0
61865,6
61866,1
61872,1
61876,0
61879,1
61882,0
61884,1
61885,1
61888,0
61890,1
61895,1
61897,1
61899,1
61901,1
61904,1
61906,1
61907,0
61908,1
61911,1
61917,1
61921,0
61924,1
61930,0
61936,6
61937,1
61938,1
61939,1
61940,0
61945,1
61947,1
61948,1
61952,1
61956,1
61959,0
61961,0
61969,0
61973,0
61979,1
61988,1
61991,0
61999,0
62000,4
62001,1
62004,1
62005,1
62006,1
62008,1
62011,0
62017,1
62023,1
62024,1
62029,4
62031,1
62033,1
62037,1
62038,0
62040,0
62044,1
62046,0
62050,1
62051,1
62053,1
62054,1
62057,1
62063,1
62068,1
62075,1
62076,1
62080,0
62081,1
62083,0
62085,1
62088,1
62090,1
62096,0
62099,1
62102,0
62104,1
62105,0
62111,1
62112,1
62118,0
62122,1
62123,1
62125,1
62126,1
62131,0
62132,3
62137,1
62140,1
62146,1
62148,0
62150,0
62154,1
62157,1
62162,0
62164,1
62166,1
62168,1
62169,1
62171,1
62172,1
62174,1
62178,0
62179,1
62180,1
62181,1
62182,1
62184,0
62186,1
62189,1
62190,0
62196,0
62204,1
62206,1
62213,1
62223,0
62227,1
62228,1
62230,0
62231,1
62234,1
62240,1
62242,1
62244,1
62245,2
62248,1
62249,1
62250,1
62252,1
62257,0
62261,0
62262,1
62266,1
62268,1
62272,1
62274,0
62277,1
62278,1
62279,1
62281,1
62286,1
62288,1
62289,1
62290,1
62292,1
62293,1
62294,1
62295,1
62297,1
62298,1
62299,1
62300,1
62304,1
62308,4
62310,5
62321,1
62322,1
62323,1
62326,1
62328,4
62333,1
62334,1
62335,0
62336,0
62337,1
62341,1
62342,1
62344,1
62347,1
62349,0
62350,1
62352,4
62354,1
62357,1
62361,1
62362,1
62372,1
62376,1
62377,1
62380,0
62382,6
62383,4
62393,0
62394,0
62396,0
62399,1
62402,0
62404,1
62406,4
62410,1
62420,0
62423,1
62424,1
62426,1
62427,1
62429,1
62434,1
62435,1
62440,1
62444,1
62449,4
62451,1
62452,1
62462,1
62465,1
62466,1
62472,1
62475,1
62476,1
62478,0
62479,4
62480,1
62482,0
62486,1
62487,1
62488,1
62492,4
62498,1
62501,1
62504,1
62505,4
62507,0
62511,1
62513,1
62515,1
62519,1
62520,1
62521,1
62523,0
62525,1
62527,1
62532,0
62533,1
62542,1
62544,1
62549,4
62551,1
62552,1
62553,1
62555,1
62556,1
62557,1
62558,1
62559,1
62561,4
62562,0
62566,1
62567,1
62568,0
62569,0
62571,0
62572,1
62575,1
62580,1
62585,1
62586,1
62589,1
62593,1
62594,1
62596,0
62602,1
62604,1
62605,1
62607,1
62608,1
62609,0
62610,1
62616,1
62618,0
62619,4
62620,1
62621,1
62624,0
62627,0
62632,0
62633,4
62634,1
62638,1
62641,1
62642,1
62646,1
62648,0
62654,1
62656,1
62659,1
62660,1
62662,1
62667,1
62669,1
62671,1
62673,1
62674,1
62676,1
62678,1
62679,1
62684,1
62685,3
62687,0
62691,1
62694,0
62695,0
62696,4
62697,1
62698,0
62702,1
62706,1
62708,1
62712,4
62713,1
62714,1
62716,1
62717,1
62718,1
62720,0
62723,1
62725,1
62728,0
62729,1
62731,1
62738,1
62739,1
62751,1
62752,1
62753,0
62754,0
62760,1
62761,1
62762,1
62767,1
62768,1
62769,1
62770,1
62775,1
62779,0
62780,1
62781,0
62782,1
62783,1
62784,1
62786,1
62790,1
62792,0
62796,1
62797,0
62799,0
62801,1
62802,1
62804,1
62806,1
62808,1
62810,1
62813,1
62814,0
62819,1
62824,1
62831,0
62834,1
62838,1
62843,1
62847,1
62850,0
62852,1
62857,1
62858,1
62859,1
62860,1
62861,1
62862,1
62873,1
62874,1
62877,1
62880,1
62889,1
62891,1
62892,1
62893,1
62895,1
62899,1
62901,1
62905,6
62906,0
62910,1
62913,1
62914,4
62918,0
62919,1
62922,1
62926,0
62929,0
62931,1
62932,0
62936,1
62937,1
62949,1
62950,1
62951,1
62952,1
62953,1
62959,1
62962,1
62963,1
62964,0
62966,0
62967,0
62968,1
62972,1
62974,1
62979,1
62981,1
62982,1
62983,1
62986,1
62991,1
63000,1
63001,1
63002,0
63004,1
63006,3
63010,1
63011,0
63013,1
63014,1
63016,1
63018,1
63020,0
63021,1
63022,0
63023,1
63027,1
63032,1
63038,0
63041,1
63042,1
63043,6
63047,0
63048,1
63052,1
63055,1
63057,1
63058,1
63059,1
63063,0
63069,1
63072,1
63073,1
63074,1
63079,1
63080,1
63081,1
63083,1
63088,1
63089,0
63091,1
63092,1
63096,1
63097,1
63099,6
63100,1
63101,1
63105,0
63107,1
63109,0
63110,0
63111,1
63115,1
63118,1
63121,1
63122,1
63130,1
63135,1
63137,1
63138,1
63140,1
63143,0
63148,4
63149,1
63151,3
63152,4
63155,0
63157,1
63158,4
63161,1
63164,0
63170,1
63174,0
63181,1
63183,1
63184,0
63185,1
63186,1
63187,1
63190,0
63193,4
63199,0
63201,1
63202,1
63206,1
63208,1
63213,0
63221,1
63224,1
63228,0
63237,0
63238,6
63243,1
63245,1
63248,1
63254,0
63256,1
63260,0
63261,1
63262,1
63266,1
63268,2
63270,2
63274,0
63277,1
63278,1
63279,0
63286,1
63287,1
63290,1
63292,0
63299,1
63301,1
63302,1
63303,1
63311,1
63312,1
63316,1
63317,1
63318,1
63319,1
63322,1
63323,1
63325,1
63326,1
63335,0
63336,0
63338,1
63339,0
63342,0
63345,1
63348,1
63349,0
63356,1
63357,0
63361,1
63365,1
63366,1
63367,0
63372,0
63374,1
63376,1
63378,1
63381,1
63382,1
63383,0
63384,1
63385,4
63392,1
63393,1
63401,1
63402,1
63410,1
63411,4
63414,1
63415,0
63417,4
63419,1
63421,1
63422,4
63425,1
63427,1
63428,1
63429,1
63433,1
63443,1
63444,1
63447,1
63448,1
63450,0
63455,1
63456,1
63463,1
63473,0
63474,0
63476,0
63477,1
63478,1
63480,6
63482,1
63485,0
63486,1
63489,1
63493,1
63494,1
63497,1
63499,1
63503,1
63505,1
63506,0
63507,1
63510,0
63511,0
63516,1
63522,0
63523,4
63529,1
63531,1
63532,1
63534,1
63535,1
63540,0
63546,1
63547,1
63550,1
63552,0
63553,1
63554,1
63555,1
63559,1
63560,1
63564,1
63565,1
63567,1
63572,1
63581,1
63583,1
63584,0
63587,1
63588,0
63589,1
63592,1
63597,1
63604,1
63605,1
63615,1
63618,1
63622,1
63626,1
63627,1
63632,1
63634,1
63636,1
63637,1
63638,0
63645,0
63646,1
63647,1
63648,0
63652,1
63654,1
63656,0
63657,1
63658,0
63664,0
63665,1
63666,1
63670,1
63676,4
63677,1
63682,1
63685,0
63691,0
63694,6
63695,1
63697,1
63699,1
63702,1
63704,1
63708,1
63710,1
63713,1
63714,1
63716,1
63717,0
63718,0
63724,4
63732,1
63733,1
63734,1
63737,1
63741,1
63742,1
63745,4
63746,1
63751,4
63753,1
63758,1
63759,1
63763,1
63765,1
63768,0
63769,1
63774,6
63775,1
63779,4
63780,1
63786,1
63787,1
63789,1
63795,0
63797,0
63802,0
63805,4
63809,1
63810,1
63812,1
63814,1
63816,1
63818,1
63819,0
63821,0
63824,1
63825,1
63835,1
63840,1
63842,1
63844,1
63845,1
63847,1
63848,0
63856,1
63858,1
63860,4
63861,1
63864,0
63868,1
63869,1
63870,3
63875,1
63880,1
63882,1
63885,1
63886,1
63889,1
63893,1
63896,4
63897,0
63899,0
63902,1
63903,1
63907,1
63909,1
63911,4
63913,1
63914,0
63916,1
63917,4
63919,1
63920,6
63921,1
63923,1
63924,1
63925,1
63928,1
63933,1
63936,0
63937,1
63938,1
63943,1
63944,1
63945,1
63946,1
63949,1
63950,0
63951,0
63953,0
63954,1
63955,1
63957,4
63958,1
63961,1
63964,1
63966,0
63967,1
63969,1
63973,1
63975,1
63976,1
63977,4
63978,1
63981,1
63983,1
63984,1
63992,1
63996,1
63998,4
64001,1
64003,0
64004,1
64006,5
64010,1
64011,1
64017,1
64018,1
64022,1
64023,1
64025,1
64028,0
64041,4
64045,1
64046,1
64050,4
64056,1
64057,1
64059,1
64062,1
64063,1
64064,1
64065,1
64067,1
64069,1
64070,1
64071,1
64073,1
64075,4
64076,1
64078,1
64079,1
64084,1
64089,0
64091,0
64092,4
64093,1
64098,1
64099,1
64100,1
64103,4
64105,1
64113,1
64114,2
64122,0
64123,6
64125,0
64126,1
64129,1
64132,1
64139,0
64142,1
64144,1
64149,1
64150,1
64152,1
64161,1
64168,4
64169,1
64170,0
64173,1
64174,1
64176,1
64185,1
64189,1
64194,4
64199,1
64202,1
64203,4
64208,0
64214,4
64216,1
64217,4
64219,1
64223,1
64224,1
64228,0
64235,1
64236,1
64237,1
64238,1
64239,0
64244,1
64249,1
64258,0
64263,0
64265,0
64266,1
64268,0
64272,1
64274,1
64279,0
64283,4
64284,1
64285,4
64291,1
64295,1
64297,1
64300,1
64303,1
64305,0
64309,1
64316,1
64319,0
64322,1
64325,4
64326,1
64329,1
64334,0
64336,1
64337,1
64339,1
64340,1
64341,1
64343,1
64349,1
64355,1
64357,1
64358,0
64359,1
64369,1
64371,0
64379,1
64380,1
64383,1
64387,1
64389,1
64390,1
64392,1
64397,1
64398,1
64399,1
64401,1
64402,1
64403,1
64408,1
64409,1
64411,1
64419,1
64421,1
64422,0
64424,1
64427,1
64428,1
64432,0
64433,1
64438,1
64439,1
64440,1
64441,1
64444,1
64446,1
64447,1
64448,0
64452,1
64453,1
64455,1
64464,0
64465,1
64469,0
64470,1
64471,1
64475,1
64479,1
64482,0
64483,1
64485,1
64487,1
64501,6
64502,1
64503,0
64507,0
64509,1
64519,1
64520,1
64532,1
64538,1
64545,0
64547,0
64549,0
64550,0
64553,0
64555,0
64558,4
64559,1
64560,1
64562,1
64565,1
64568,1
64572,0
64574,1
64575,1
64576,1
64577,1
64582,0
64587,1
64595,0
64597,1
64598,1
64604,1
64606,1
64608,1
64609,1
64610,1
64611,1
64616,1
64618,1
64621,0
64625,1
64626,1
64627,1
64628,1
64630,0
64632,1
64633,4
64634,1
64637,0
64638,1
64640,1
64645,0
64650,1
64652,1
64656,1
64657,5
64658,1
64666,0
64667,0
64668,1
64673,1
64675,1
64677,0
64679,1
64685,1
64686,1
64687,0
64692,1
64693,0
64695,0
64699,1
64702,6
64706,1
64711,1
64712,1
64720,4
64721,1
64726,1
64730,1
64732,1
64735,1
64736,1
64740,1
64742,4
64747,1
64748,1
64750,1
64751,4
64756,0
64759,0
64765,1
64768,1
64770,1
64771,1
64777,1
64778,1
64781,1
64785,1
64789,0
64792,1
64795,0
64799,1
64800,0
64805,0
64806,0
64807,5
64817,0
64818,1
64819,1
64820,1
64824,1
64828,1
64829,1
64833,1
64834,4
64835,1
64836,1
64840,4
64846,1
64848,1
64849,1
64850,1
64851,1
64853,1
64857,1
64862,1
64864,1
64865,1
64875,0
64878,1
64879,0
64888,0
64890,1
64891,4
64894,1
64895,0
64896,1
64897,1
64906,1
64908,1
64909,1
64910,1
64911,1
64914,1
64915,1
64916,1
64917,1
64918,1
64919,4
64922,0
64924,1
64927,1
64928,1
64929,1
64934,1
64935,1
64937,0
64938,6
64942,0
64952,0
64953,1
64955,1
64957,1
64960,1
64967,0
64968,1
64969,1
64971,1
64982,1
64986,1
64992,0
64994,0
64996,0
64997,1
64999,1
65005,0
65009,1
65011,1
65012,1
65014,1
65016,4
65021,1
65023,1
65024,1
65026,1
65028,1
65031,1
65035,1
65043,0
65045,1
65048,1
65049,1
65050,0
65051,0
65052,1
65059,1
65060,1
65061,1
65064,1
65065,1
65066,0
65069,1
65070,1
65072,1
65074,0
65077,1
65083,1
65089,2
65090,1
65093,1
65096,0
65098,0
65101,1
65111,1
65112,0
65113,1
65117,1
65121,1
65123,4
65125,1
65126,1
65127,1
65132,0
65136,0
65138,1
65141,1
65143,1
65146,0
65147,1
65150,1
65152,0
65153,1
65155,4
65156,1
65157,1
65162,0
65163,1
65164,0
65171,4
65173,1
65178,1
65181,1
65182,1
65191,0
65193,1
65194,1
65196,1
65197,1
65199,1
65200,1
65201,1
65202,1
65208,1
65211,4
65217,0
65219,1
65221,1
65222,4
65225,1
65226,1
65228,1
65233,1
65235,4
65237,1
65239,1
65244,0
65245,0
65248,1
65254,1
65259,1
65261,1
65262,1
65267,1
65269,1
65270,0
65272,4
65275,1
65278,1
65280,1
65283,1
65286,0
65287,1
65290,4
65291,1
65294,4
65298,0
65300,1
65301,4
65304,1
65306,1
65310,1
65312,1
65314,1
65316,0
65326,0
65331,1
65332,1
65334,1
65335,4
65337,1
65340,1
65342,1
65350,1
65351,1
65352,0
65353,1
65355,1
65356,6
65357,0
65360,1
65362,1
65365,1
65367,1
65377,1
65378,1
65379,3
65381,0
65382,1
65384,1
65387,1
65388,1
65389,1
65390,6
65391,1
65395,1
65397,0
65400,0
65404,1
65410,4
65414,1
65421,4
65424,1
65426,1
65428,0
65432,1
65435,1
65442,1
65443,1
65445,1
65447,0
65456,1
65458,1
65463,0
65466,1
65467,1
65471,1
65475,1
65476,1
65479,1
65482,1
65485,1
65487,4
65489,1
65490,1
65492,1
65493,0
65498,0
65503,1
65505,1
65509,1
65511,1
65512,1
65513,1
65514,1
65516,1
65520,1
65523,1
65524,1
65525,1
65531,1
65536,0
65540,1
65543,1
65544,1
65545,6
65546,1
65547,1
65549,0
65553,1
65557,1
65558,1
65559,1
65560,1
65562,0
65563,1
65574,1
65575,1
65576,1
65577,1
65580,1
65583,1
65588,1
65590,1
65591,1
65593,1
65594,1
65598,1
65604,1
65605,1
65607,0
65609,1
65614,0
65622,1
65623,1
65624,1
65628,1
65633,1
65637,1
65638,1
65640,0
65641,1
65643,0
65645,0
65646,1
65648,0
65649,1
65653,1
65654,1
65656,1
65661,1
65662,1
65668,1
65671,0
65672,0
65676,0
65680,1
65683,0
65684,0
65689,1
65690,1
65692,1
65694,1
65695,1
65696,1
65705,5
65706,0
65708,1
65712,1
65713,1
65723,1
65724,1
65730,1
65734,4
65735,1
65737,4
65740,1
65744,1
65749,4
65750,1
65751,1
65754,4
65755,1
65756,1
65758,0
65759,3
65760,1
65764,0
65769,1
65770,1
65771,1
65772,1
65774,1
65776,0
65778,1
65782,1
65784,0
65785,1
65786,1
65789,1
65795,0
65798,1
65799,1
65800,1
65802,1
65803,1
65805,4
65807,0
65809,1
65810,1
65816,1
65817,1
65820,1
65821,1
65823,4
65828,1
65830,1
65832,1
65836,1
65838,0
65845,0
65846,1
65856,1
65860,1
65861,1
65862,0
65864,0
65866,0
65868,1
65871,1
65881,1
65883,0
65886,1
65890,4
65894,1
65896,1
65899,1
65902,3
65903,1
65904,0
65906,1
65907,1
65908,0
65909,0
65910,0
65911,4
65919,1
65920,1
65921,1
65923,1
65925,1
65926,0
65927,1
65929,1
65933,1
65938,0
65939,0
65943,1
65945,1
65949,1
65951,0
65953,0
65956,0
65958,1
65959,1
65965,0
65966,0
65967,1
65971,1
65976,1
65982,1
65984,1
65986,1
65987,1
65988,1
65991,1
65996,1
66003,0
66004,1
66006,0
66007,0
66012,1
66013,1
66015,1
66016,1
66021,3
66023,1
66024,1
66025,1
66026,0
66027,1
66028,1
66030,6
66031,4
66032,1
66033,1
66036,1
66041,1
66042,1
66046,1
66049,1
66050,4
66052,0
66055,1
66061,1
66067,1
66071,1
66073,1
66075,1
66077,1
66080,1
66081,1
66085,0
66090,1
66091,1
66095,1
66099,1
66104,0
66106,4
66107,0
66108,0
66109,4
66111,0
66112,1
66119,1
66121,1
66126,1
66130,1
66131,1
66134,0
66138,1
66141,1
66144,1
66147,1
66149,1
66150,0
66154,1
66160,1
66166,4
66167,1
66173,1
66177,1
66179,0
66182,1
66184,1
66185,1
66186,0
66188,1
66191,1
66192,0
66193,1
66198,1
66200,0
66205,1
66209,1
66211,1
66212,1
66215,0
66216,1
66218,1
66220,1
66226,1
66228,1
66231,1
66235,1
66239,0
66241,1
66243,1
66245,1
66246,1
66247,0
66257,1
66269,1
66270,1
66273,4
66274,1
66276,1
66277,1
66286,1
66287,1
66292,0
66294,4
66295,1
66298,0
66302,1
66303,1
66304,1
66305,1
66308,1
66309,1
66310,1
66313,1
66314,1
66321,1
66326,1
66335,1
66337,1
66339,1
66340,1
66346,1
66348,0
66349,0
66352,1
66353,1
66354,1
66355,0
66356,1
66357,1
66368,1
66371,1
66373,0
66374,1
66376,1
66378,0
66380,1
66383,1
66391,1
66395,1
66396,1
66397,1
66399,1
66401,1
66407,1
66412,1
66413,1
66415,1
66417,1
66429,1
66431,0
66433,1
66438,1
66439,1
66440,1
66441,1
66442,1
66443,1
66444,1
66446,1
66449,1
66451,0
66452,1
66454,0
66458,1
66460,1
66461,0
66463,1
66466,1
66468,1
66469,1
66470,1
66473,0
66474,1
66475,1
66480,1
66484,0
66485,1
66488,0
66494,1
66497,1
66499,1
66500,1
66505,1
66511,0
66513,1
66514,1
66515,1
66517,1
66520,1
66521,1
66522,1
66523,0
66524,1
66526,1
66528,1
66532,0
66533,1
66534,1
66535,1
66537,1
66544,1
66547,1
66550,1
66555,1
66569,0
66571,1
66572,1
66576,1
66579,4
66582,1
66585,1
66587,0
66590,0
66592,4
66594,1
66597,1
66602,1
66610,1
66612,1
66616,1
66618,1
66620,0
66623,0
66626,1
66630,1
66633,0
66634,4
66635,1
66636,1
66637,1
66640,1
66642,0
66645,1
66652,1
66655,1
66657,0
66660,1
66663,1
66666,1
66674,1
66676,1
66677,6
66679,1
66681,0
66683,1
66685,1
66688,1
66689,1
66690,1
66695,1
66706,1
66707,1
66708,1
66711,1
66713,1
66716,1
66720,1
66721,0
66723,1
66728,0
66731,4
66733,1
66736,1
66738,1
66741,1
66742,0
66743,1
66750,1
66751,1
66752,1
66755,0
66763,1
66767,1
66769,4
66772,1
66777,0
66778,1
66779,1
66784,1
66785,1
66787,1
66790,1
66796,1
66797,1
66799,1
66800,0
66804,1
66809,1
66810,1
66814,1
66823,0
66829,4
66833,1
66834,0
66835,1
66838,0
66839,1
66843,1
66844,1
66846,1
66847,1
66848,1
66852,1
66855,1
66858,1
66859,1
66862,4
66863,1
66867,4
66868,1
66881,1
66886,1
66890,6
66891,1
66892,4
66893,1
66898,1
66900,1
66903,1
66904,1
66911,1
66913,1
66918,0
66920,1
66928,1
66929,0
66934,1
66935,1
66937,1
66941,0
66942,1
66943,1
66948,1
66949,1
66951,1
66953,0
66955,1
66956,0
66959,1
66960,0
66964,1
66966,0
66967,0
66968,1
66969,1
66972,1
66974,1
66981,1
66983,0
66984,1
66988,1
66991,0
66993,1
66999,1
67000,1
67003,1
67004,1
67005,1
67007,0
67008,1
67010,1
67011,1
67013,0
67014,1
67015,1
67019,1
67021,1
67023,1
67024,1
67027,1
67029,4
67033,1
67036,1
67037,1
67039,1
67041,1
67042,1
67043,1
67046,1
67047,1
67051,1
67052,1
67053,1
67055,1
67056,1
67060,1
67064,1
67065,1
67067,1
67068,5
67069,0
67071,1
67072,0
67082,1
67084,1
67087,1
67088,1
67093,1
67094,4
67097,0
67101,1
67103,0
67105,1
67106,1
67107,1
67113,1
67114,0
67117,1
67118,1
67119,1
67121,1
67123,1
67124,1
67127,1
67128,0
67129,0
67130,1
67133,1
67136,1
67143,1
67146,0
67147,0
67149,1
67155,1
67158,0
67166,1
67167,1
67168,1
67176,1
67178,0
67179,1
67182,0
67185,1
67187,1
67188,1
67196,0
67197,1
67201,1
67207,1
67209,1
67214,0
67215,1
67216,1
67217,1
67218,0
67219,1
67227,0
67231,1
67236,1
67239,1
67240,1
67242,1
67244,0
67245,1
67246,0
67251,0
67257,1
67259,1
67262,1
67268,1
67271,1
67272,1
67274,1
67276,1
67277,0
67278,6
67280,1
67281,1
67284,0
67285,1
67289,1
67291,1
67294,4
67295,1
67298,1
67311,1
67313,1
67314,1
67318,1
67324,1
67327,1
67330,1
67332,1
67333,1
67334,1
67337,1
67339,1
67341,1
67342,4
67349,1
67350,1
67351,0
67354,1
67357,1
67358,0
67361,1
67362,1
67387,1
67388,4
67389,1
67398,1
67400,4
67404,1
67405,1
67409,1
67410,1
67416,1
67417,1
67418,1
67419,1
67420,5
67421,1
67422,0
67424,4
67426,1
67432,1
67437,1
67440,0
67446,1
67448,1
67452,1
67457,0
67458,1
67459,0
67464,1
67465,1
67467,1
67468,1
67475,1
67476,1
67478,1
67480,1
67481,1
67482,0
67483,1
67484,1
67485,1
67489,0
67494,1
67496,0
67502,1
67503,0
67509,1
67510,1
67514,1
67518,3
67519,1
67524,1
67526,1
67529,1
67530,1
67534,1
67537,1
67538,1
67541,0
67543,1
67546,1
67547,1
67554,1
67557,1
67559,4
67563,1
67564,0
67565,1
67566,0
67567,1
67569,1
67571,1
67574,0
67576,1
67579,1
67581,1
67584,1
67586,1
67590,1
67592,0
67595,0
67599,1
67607,1
67611,0
67613,1
67614,1
67618,1
67621,1
67622,1
67623,0
67628,0
67629,1
67630,1
67639,1
67642,1
67643,0
67647,1
67648,1
67649,1
67651,0
67652,1
67654,1
67661,1
67665,1
67666,0
67668,1
67672,1
67674,0
67677,0
67678,1
67680,1
67681,1
67682,1
67685,1
67691,1
67692,1
67694,1
67695,0
67700,1
67702,0
67703,0
67705,1
67707,1
67708,1
67710,0
67711,1
67712,3
67714,1
67715,1
67720,1
67722,0
67724,1
67725,1
67728,1
67729,1
67731,1
67732,1
67735,1
67738,1
67743,1
67745,1
67748,1
67753,0
67755,1
67760,1
67763,0
67765,0
67767,1
67768,1
67773,1
67774,1
67775,1
67779,1
67781,1
67782,1
67787,1
67792,0
67795,1
67799,0
67800,1
67805,1
67809,1
67811,1
67817,1
67818,1
67825,0
67826,0
67827,1
67831,1
67838,1
67840,1
67841,1
67849,1
67851,0
67853,1
67855,1
67856,1
67860,0
67863,1
67864,1
67869,1
67875,4
67879,1
67880,1
67890,1
67891,1
67894,1
67896,1
67899,1
67901,4
67902,1
67904,1
67905,1
67906,1
67909,0
67910,1
67915,1
67919,1
67920,1
67922,1
67923,1
67924,1
67925,1
67926,0
67927,0
67928,0
67930,1
67932,1
67936,0
67939,1
67943,0
67948,1
67954,0
67955,0
67959,1
67961,1
67963,1
67964,1
67965,1
67968,0
67971,1
67972,1
67973,0
67974,0
67975,1
67980,1
67981,4
67983,1
67987,0
67990,0
67992,0
67998,0
68000,1
68001,1
68003,1
68006,1
68008,1
68010,1
68018,0
68022,1
68025,1
68026,1
68029,1
68030,1
68032,6
68034,1
68035,1
68036,0
68039,0
68040,1
68042,0
68044,1
68046,1
68052,1
68056,0
68060,0
68062,0
68066,1
68070,1
68073,1
68076,1
68080,1
68085,1
68099,1
68105,1
68107,0
68108,1
68110,0
68113,4
68114,1
68116,1
68119,1
68124,1
68126,1
68127,1
68129,5
68130,1
68136,1
68140,1
68142,1
68143,1
68144,1
68147,1
68149,4
68155,1
68156,4
68160,1
68165,0
68168,1
68170,1
68173,0
68174,0
68178,1
68184,1
68185,1
68188,1
68189,0
68191,1
68192,1
68196,1
68197,1
68199,1
68204,1
68207,1
68208,1
68215,1
68218,1
68219,1
68221,0
68224,1
68229,1
68233,1
68234,1
68235,1
68236,0
68242,1
68245,1
68248,1
68254,1
68256,1
68258,1
68259,1
68260,1
68264,1
68266,0
68270,1
68272,0
68276,1
68278,1
68281,1
68284,4
68286,1
68289,1
68295,0
68297,1
68304,1
68305,1
68306,1
68307,1
68314,1
68315,6
68318,1
68324,1
68331,6
68336,1
68338,1
68343,4
68347,1
68348,0
68349,1
68351,1
68352,0
68355,1
68359,0
68362,0
68364,0
68369,1
68371,1
68374,1
68377,1
68382,1
68386,1
68387,1
68388,1
68391,1
68396,0
68400,1
68402,0
68405,0
68408,1
68409,0
68413,0
68417,1
68419,4
68421,1
68422,1
68434,1
68436,1
68437,1
68441,1
68442,1
68443,1
68449,1
68450,1
68452,0
68453,1
68456,1
68457,1
68459,0
68460,1
68461,4
68462,0
68470,1
68473,1
68480,6
68486,1
68492,1
68495,1
68498,1
68503,1
68504,0
68505,1
68509,1
68512,1
68513,1
68515,1
68525,1
68530,1
68531,1
68536,1
68538,0
68539,1
68542,1
68544,1
68545,0
68552,0
68559,0
68560,0
68562,1
68569,1
68574,4
68578,0
68579,0
68580,1
68581,1
68586,0
68593,0
68594,0
68595,0
68597,1
68601,1
68603,1
68605,1
68606,1
68610,1
68613,4
68625,1
68626,1
68629,1
68631,1
68637,0
68643,1
68644,1
68645,1
68648,1
68649,0
68650,0
68651,1
68657,1
68659,1
68661,0
68662,1
68664,0
68665,1
68666,1
68668,1
68671,0
68673,1
68674,1
68675,1
68676,4
68677,1
68680,1
68681,1
68686,1
68688,1
68689,1
68695,1
68696,1
68697,1
68707,0
68711,1
68712,1
68713,1
68715,1
68716,1
68720,1
68721,1
68723,1
68726,0
68729,1
68736,1
68739,1
68742,1
68747,1
68751,1
68756,1
68757,1
68759,3
68760,1
68762,1
68763,1
68768,1
68774,1
68777,1
68779,4
68783,0
68785,1
68786,1
68787,1
68792,0
68799,1
68807,0
68810,0
68813,1
68814,1
68815,1
68818,1
68819,1
68822,0
68828,1
68829,1
68833,1
68839,1
68842,1
68843,0
68845,1
68847,1
68848,1
68851,1
68855,1
68856,0
68859,0
68861,1
68863,4
68865,1
68866,0
68868,1
68869,1
68872,1
68875,0
68879,0
68884,1
68885,0
68890,1
68891,1
68894,1
68898,1
68900,1
68904,1
68906,1
68907,1
68911,1
68913,0
68915,0
68916,1
68921,0
68924,1
68928,1
68933,0
68935,1
68936,1
68942,1
68943,1
68944,4
68946,0
68948,5
68951,0
68952,0
68957,1
68966,1
68974,0
68975,1
68977,0
68978,1
68980,1
68989,1
68991,0
68997,1
69000,1
69001,4
69003,0
69004,1
69006,1
69007,1
69008,1
69010,0
69012,0
69017,1
69019,0
69026,1
69028,1
69030,0
69031,1
69035,0
69038,1
69039,1
69041,0
69042,1
69044,1
69045,1
69046,1
69050,4
69054,1
69055,0
69058,1
69060,1
69065,1
69069,6
69070,0
69072,1
69075,0
69078,1
69079,1
69082,1
69085,1
69086,1
69087,1
69097,1
69098,1
69099,1
69101,0
69102,1
69103,1
69104,1
69106,1
69108,1
69109,1
69115,1
69117,1
69118,4
69119,1
69125,0
69129,1
69130,1
69133,1
69134,0
69137,0
69138,0
69139,1
69140,0
69141,1
69155,1
69159,0
69161,3
69169,1
69170,1
69171,1
69172,1
69174,1
69175,1
69179,1
69181,0
69184,1
69190,1
69193,1
69195,1
69196,1
69199,1
69200,1
69202,1
69208,1
69210,1
69212,1
69214,1
69217,1
69218,0
69221,1
69224,1
69231,0
69239,1
69242,1
69244,1
69248,1
69251,1
69252,0
69257,1
69259,1
69268,1
69269,1
69271,1
69272,0
69275,1
69278,1
69279,2
69280,0
69282,1
69284,1
69285,3
69286,1
69287,1
69298,1
69306,1
69307,0
69308,1
69311,1
69312,1
69314,1
69315,1
69317,1
69321,1
69333,1
69339,1
69340,0
69341,1
69342,0
69345,1
69350,1
69351,1
69352,1
69353,1
69354,1
69357,1
69360,1
69361,0
69363,0
69364,1
69365,0
69367,1
69369,1
69372,1
69375,1
69380,1
69381,1
69382,1
69389,1
69391,1
69394,1
69398,1
69399,1
69401,1
69404,1
69405,1
69407,0
69411,1
69412,1
69415,1
69416,1
69418,1
69420,0
69421,0
69423,1
69425,0
69426,1
69431,1
69436,0
69438,1
69440,1
69441,1
69444,0
69446,1
69450,1
69451,0
69453,0
69456,1
69457,1
69458,1
69459,1
69461,0
69464,1
69469,1
69470,0
69472,0
69475,1
69480,1
69484,1
69486,1
69488,0
69492,1
69502,1
69504,1
69506,1
69509,1
69512,1
69513,0
69514,1
69515,1
69517,1
69519,1
69522,1
69527,1
69528,1
69529,1
69532,1
69534,6
69545,1
69546,1
69549,1
69550,0
69552,1
69555,0
69559,0
69562,1
69565,1
69568,1
69571,1
69574,0
69575,1
69576,1
69578,1
69580,4
69581,1
69588,0
69589,1
69594,0
69595,1
69597,1
69600,1
69609,1
69619,1
69620,1
69621,4
69630,1
69636,1
69638,1
69642,1
69645,1
69646,1
69647,0
69648,1
69652,1
69657,1
69658,1
69659,1
69660,0
69662,0
69663,1
69665,1
69668,1
69669,1
69670,1
69678,1
69683,1
69686,1
69688,1
69690,1
69692,1
69693,0
69695,1
69696,1
69701,0
69705,1
69708,0
69709,1
69710,0
69712,1
69715,1
69720,1
69721,1
69722,1
69724,0
69731,0
69733,1
69737,4
69738,1
69741,1
69742,1
69744,0
69745,1
69749,0
69750,1
69754,0
69757,1
69758,1
69760,0
69761,1
69762,1
69769,4
69770,1
69771,1
69772,1
69773,0
69777,0
69797,1
69799,1
69801,1
69806,1
69809,1
69810,1
69812,1
69814,1
69817,1
69821,1
69823,1
69824,1
69825,1
69826,1
69828,1
69829,1
69831,1
69832,1
69837,0
69838,1
69839,1
69840,1
69844,1
69846,1
69849,1
69854,1
69855,1
69856,0
69858,1
69861,1
69862,4
69864,1
69878,0
69881,1
69883,6
69885,1
69888,0
69890,1
69893,0
69895,1
69897,1
69900,1
69901,1
69902,1
69907,1
69909,1
69911,1
69912,1
69920,1
69921,0
69925,1
69927,1
69928,0
69929,0
69930,0
69932,1
69939,1
69940,1
69941,1
69948,1
69949,4
69954,0
69962,1
69969,1
69971,1
69976,0
69980,0
69982,1
69983,0
69984,1
69985,1
69987,1
69989,0
69991,0
69992,1
69998,1
70007,1
70010,1
70019,1
70020,0
70023,0
70025,0
70032,1
70034,1
70038,1
70041,1
70042,1
70047,0
70048,1
70050,1
70051,0
70052,1
70067,1
70068,1
70069,1
70070,1
70072,4
70079,4
70084,1
70085,0
70087,1
70089,0
70094,4
70096,1
70097,0
70101,1
70108,1
70109,1
70112,1
70114,1
70116,1
70123,1
70127,1
70131,1
70133,1
70135,1
70138,0
70142,0
70146,1
70149,1
70158,1
70159,0
70160,0
70161,0
70164,0
70165,1
70168,1
70172,0
70179,1
70185,1
70186,1
70188,1
70195,0
70196,4
70198,1
70199,0
70200,1
70201,0
70203,1
70208,1
70210,0
70211,1
70212,1
70224,1
70226,1
70227,1
70228,1
70232,0
70238,0
70239,1
70241,1
70245,1
70247,1
70249,1
70252,1
70256,0
70258,1
70261,1
70263,1
70266,0
70274,1
70275,1
70277,1
70278,1
70285,1
70287,1
70291,1
70293,1
70298,1
70303,4
70305,1
70306,1
70311,1
70314,1
70317,1
70318,1
70319,1
70321,0
70323,1
70327,1
70328,1
70337,1
70338,1
70342,1
70343,1
70348,1
70356,1
70360,0
70363,1
70365,1
70374,0
70379,1
70383,1
70384,1
70394,1
70395,1
70399,1
70405,1
70406,3
70408,1
70410,0
70411,1
70412,0
70414,1
70417,1
70419,0
70420,1
70421,1
70422,0
70428,1
70429,1
70430,0
70432,1
70435,1
70440,1
70442,1
70443,1
70448,1
70457,1
70459,1
70460,1
70461,1
70462,0
70466,0
70471,4
70473,1
70474,1
70477,0
70485,1
70487,1
70488,1
70497,0
70500,1
70501,1
70504,1
70511,1
70514,1
70516,1
70517,4
70519,0
70521,0
70527,1
70528,1
70534,1
70537,1
70540,0
70542,1
70545,1
70547,1
70550,0
70556,1
70558,1
70560,1
70561,1
70564,0
70565,1
70569,1
70570,1
70571,1
70574,1
70577,1
70581,1
70582,1
70585,0
70586,1
70588,0
70589,1
70594,1
70603,1
70606,0
70612,1
70615,6
70617,0
70618,0
70619,1
70620,1
70624,1
70626,1
70627,1
70635,0
70638,1
70639,1
70642,0
70643,1
70646,1
70650,0
70652,1
70656,1
70659,1
70662,1
70668,4
70670,1
70679,0
70680,1
70681,1
70682,1
70685,1
70687,1
70689,1
70693,1
70696,1
70698,1
70701,1
70708,1
70718,1
70720,0
70721,0
70724,0
70729,1
70731,1
70736,0
70738,1
70740,1
70746,0
70747,1
70754,1
70756,1
70759,1
70761,0
70762,1
70767,1
70770,1
70772,0
70773,1
70777,4
70781,0
70782,1
70787,1
70788,6
70793,0
70797,1
70798,1
70801,1
70803,1
70808,1
70818,1
70821,1
70822,1
70823,1
70825,1
70826,0
70831,1
70832,0
70836,1
70837,1
70840,0
70841,0
70842,1
70843,1
70844,1
70847,1
70851,1
70860,0
70861,1
70864,1
70867,0
70869,1
70870,1
70871,1
70872,1
70875,1
70878,1
70880,0
70887,0
70888,1
70890,0
70893,1
70898,0
70901,1
70903,1
70910,1
70912,4
70913,0
70915,1
70919,0
70923,1
70926,1
70927,1
70932,1
70935,1
70937,1
70938,1
70939,1
70940,1
70943,1
70945,1
70947,0
70950,0
70951,1
70953,1
70955,4
70957,0
70958,1
70964,1
70965,1
70967,1
70969,0
70970,1
70972,0
70975,0
70978,1
70982,1
70986,1
70989,1
70993,1
70997,1
71001,1
71002,1
71004,3
71005,1
71006,1
71007,1
71015,4
71021,1
71022,1
71024,1
71027,1
71030,1
71032,0
71033,1
71039,1
71041,1
71042,0
71048,1
71054,1
71057,1
71059,1
71060,1
71061,1
71066,1
71067,0
71068,1
71075,0
71078,1
71080,1
71083,4
71084,1
71085,1
71093,1
71094,1
71099,0
71100,1
71102,1
71106,1
71108,1
71112,1
71114,1
71118,1
71119,1
71121,4
71125,1
71126,1
71129,1
71132,0
71136,1
71137,1
71138,1
71142,1
71144,0
71145,1
71147,0
71148,0
71149,1
71151,1
71153,1
71157,1
71160,1
71162,1
71164,1
71166,1
71167,0
71169,1
71174,0
71176,1
71178,1
71179,1
71184,1
71186,1
71193,1
71198,0
71200,1
71201,0
71204,1
71207,1
71209,0
71210,1
71213,1
71216,1
71219,1
71222,1
71225,0
71229,0
71236,1
71238,1
71242,1
71245,0
71246,1
71247,1
71261,1
71269,0
71270,1
71272,1
71287,1
71288,1
71289,4
71290,1
71294,1
71295,1
71297,1
71298,0
71300,1
71304,0
71306,1
71308,1
71315,1
71316,1
71319,4
71320,1
71322,1
71325,1
71326,1
71327,1
71333,1
71337,1
71338,1
71343,1
71350,1
71354,0
71355,1
71356,1
71360,1
71361,1
71363,0
71367,0
71368,0
71371,1
71378,1
71380,1
71382,4
71385,1
71390,1
71395,1
71396,1
71401,1
71411,1
71414,1
71415,1
71417,0
71419,1
71422,1
71423,1
71426,1
71429,1
71435,1
71444,4
71445,1
71451,1
71452,1
71457,1
71458,0
71462,0
71468,1
71470,1
71471,1
71475,0
71478,1
71481,0
71486,1
71488,1
71491,0
71492,1
71499,6
71500,0
71501,1
71502,1
71504,1
71505,0
71507,1
71509,1
71511,0
71512,4
71514,1
71515,1
71517,4
71520,1
71525,1
71527,1
71529,0
71532,1
71536,1
71543,4
71546,1
71547,0
71554,1
71558,1
71560,0
71561,4
71562,1
71565,1
71566,1
71567,1
71571,0
71572,1
71573,1
71574,1
71575,1
71576,1
71577,1
71580,4
71583,1
71584,1
71585,1
71586,1
71587,1
71594,1
71595,1
71597,3
71598,1
71599,4
71600,1
71603,1
71605,0
71606,1
71607,1
71610,1
71614,0
71615,1
71616,1
71622,1
71623,1
71624,0
71630,1
71633,4
71634,1
71636,1
71638,0
71645,1
71647,1
71650,1
71654,1
71656,1
71662,1
71664,1
71665,0
71667,1
71670,1
71672,0
71673,0
71675,1
71679,1
71680,1
71683,1
71687,1
71689,1
71691,1
71692,1
71694,1
71700,0
71705,1
71712,1
71716,1
71718,1
71719,1
71723,1
71725,0
71726,1
71730,0
71731,0
71732,1
71735,4
71736,1
71738,0
71740,1
71741,0
71749,1
71754,1
71757,1
71758,0
71760,1
71766,1
71768,1
71772,1
71773,1
71774,1
71775,0
71777,1
71791,1
71794,1
71799,1
71800,0
71801,1
71803,1
71804,0
71806,1
71810,1
71811,1
71814,0
71816,0
71817,1
71821,6
71822,0
71823,1
71826,0
71828,1
71833,1
71835,1
71836,1
71837,1
71839,1
71841,0
71844,1
71845,1
71847,1
71852,1
71858,1
71859,1
71863,1
71864,1
71865,1
71867,1
71871,0
71872,1
71873,0
71875,1
71879,0
71881,1
71885,1
71891,1
71893,1
71895,1
71905,1
71906,1
71908,0
71909,1
71910,1
71913,1
71917,0
71919,0
71923,1
71925,0
71928,0
71929,0
71932,0
71933,1
71934,1
71935,1
71938,1
71939,0
71943,1
71946,1
71949,1
71950,1
71952,0
71958,0
71963,1
71964,1
71967,1
71975,1
71979,0
71991,1
71992,1
71993,1
71994,1
71996,1
71998,1
71999,4
72001,1
72003,1
72004,1
72013,1
72015,1
72017,1
72019,4
72022,1
72023,0
72026,1
72027,1
72028,1
72031,1
72032,1
72034,1
72035,0
72038,1
72039,1
72046,1
72047,0
72049,0
72053,0
72054,1
72056,0
72057,1
72066,1
72067,1
72068,1
72071,1
72076,1
72081,1
72082,0
72083,1
72084,1
72085,1
72086,1
72095,1
72098,1
72099,1
72103,1
72104,1
72105,0
72107,1
72108,0
72110,1
72113,1
72114,0
72126,0
72130,0
72135,1
72139,1
72140,1
72148,0
72154,1
72155,4
72157,0
72159,0
72164,1
72167,1
72170,1
72172,1
72174,1
72179,0
72181,1
72182,1
72187,0
72188,1
72191,1
72193,0
72196,0
72198,0
72201,1
72202,1
72204,1
72213,1
72214,1
72217,1
72223,0
72224,1
72226,0
72228,1
72234,1
72235,1
72236,1
72237,1
72239,1
72241,0
72244,1
72245,1
72248,1
72249,1
72255,0
72259,1
72261,0
72262,1
72265,1
72275,0
72276,1
72277,1
72279,1
72294,1
72295,1
72297,0
72298,1
72299,1
72306,1
72307,1
72311,1
72312,0
72314,1
72316,0
72317,1
72321,1
72324,1
72326,1
72327,1
72330,0
72331,1
72332,0
72339,1
72340,1
72348,1
72352,1
72358,1
72362,1
72363,1
72370,1
72371,1
72379,1
72380,1
72383,0
72384,1
72386,6
72388,1
72395,1
72396,1
72399,1
72400,1
72404,1
72405,1
72406,1
72408,1
72410,0
72412,0
72414,6
72422,1
72423,1
72430,0
72431,0
72434,1
72435,1
72437,1
72444,1
72447,0
72450,1
72451,1
72452,1
72453,1
72454,0
72460,0
72462,1
72464,0
72469,1
72470,1
72471,1
72473,1
72474,1
72478,4
72483,0
72485,1
72495,1
72497,0
72498,1
72513,1
72514,1
72518,1
72519,1
72522,1
72523,1
72532,0
72534,1
72535,1
72538,0
72541,1
72544,1
72546,1
72548,1
72557,1
72560,1
72562,1
72564,1
72567,1
72568,6
72569,1
72570,0
72571,0
72578,0
72581,1
72586,1
72590,1
72591,1
72594,6
72600,1
72602,0
72604,1
72605,1
72608,1
72611,0
72612,1
72615,4
72617,1
72620,0
72621,0
72622,4
72630,1
72635,0
72637,0
72638,0
72642,1
72646,1
72648,0
72650,0
72651,1
72652,0
72655,4
72661,1
72663,1
72665,1
72666,0
72667,1
72669,1
72674,1
72676,0
72677,1
72683,0
72685,1
72686,1
72689,1
72690,1
72691,1
72692,0
72694,0
72696,1
72697,1
72702,1
72703,1
72705,1
72706,1
72707,1
72708,1
72709,1
72710,0
72711,1
72712,0
72714,1
72716,1
72717,1
72724,1
72726,4
72728,1
72730,4
72732,0
72733,1
72736,4
72740,0
72744,1
72745,1
72746,0
72750,1
72752,1
72753,1
72754,1
72756,1
72757,1
72759,0
72762,6
72763,0
72768,1
72769,1
72770,1
72772,1
72774,1
72778,1
72779,0
72780,1
72791,1
72796,1
72799,1
72806,1
72807,1
72818,1
72820,1
72825,0
72826,1
72830,1
72837,1
72838,0
72839,0
72843,0
72844,1
72846,0
72847,0
72853,1
72858,0
72859,0
72860,0
72862,1
72863,1
72866,4
72870,1
72872,0
72882,1
72886,1
72887,0
72888,1
72889,1
72890,1
72892,1
72893,1
72897,1
72898,1
72903,1
72908,1
72909,1
72912,1
72913,1
72915,0
72920,1
72921,6
72924,1
72927,1
72930,0
72932,1
72933,1
72936,1
72940,1
72952,1
72953,1
72955,1
72957,1
72958,4
72966,1
72967,0
72973,0
72980,0
72981,0
72984,1
72989,1
72994,1
72998,0
73002,0
73008,0
73010,1
73014,1
73017,0
73018,1
73023,1
73026,1
73028,0
73031,1
73033,1
73038,1
73041,1
73043,1
73044,0
73047,1
73050,1
73057,4
73062,1
73063,0
73064,1
73066,0
73067,1
73069,1
73074,1
73080,1
73082,1
73083,1
73093,1
73094,1
73101,1
73102,1
73105,1
73106,1
73115,1
73118,1
73120,1
73121,0
73122,1
73123,1
73126,0
73129,1
73130,0
73133,1
73134,1
73143,1
73146,1
73148,1
73150,4
73154,1
73159,1
73160,1
73162,1
73164,0
73169,1
73174,4
73178,1
73181,0
73182,1
73185,1
73187,1
73190,1
73192,1
73193,1
73195,1
73196,1
73205,1
73206,0
73209,1
73211,1
73216,0
73217,1
73220,1
73221,1
73222,1
73223,0
73224,1
73227,0
73230,1
73231,0
73235,1
73239,0
73241,1
73242,1
73244,1
73249,1
73251,1
73253,1
73255,1
73256,1
73258,1
73265,1
73270,1
73271,1
73274,4
73276,0
73281,0
73283,1
73287,1
73292,1
73296,0
73297,1
73303,1
73304,1
73306,1
73308,0
73309,1
73310,4
73311,1
73312,1
73314,1
73315,1
73317,1
73319,1
73320,1
73323,1
73324,1
73325,1
73327,1
73329,1
73330,0
73334,1
73338,0
73340,4
73351,1
73352,1
73353,1
73354,1
73355,1
73357,1
73358,1
73360,4
73363,1
73364,1
73365,0
73367,1
73370,0
73372,1
73374,1
73378,1
73379,0
73381,1
73382,0
73384,1
73386,0
73395,0
73396,1
73399,1
73405,1
73407,1
73409,0
73410,1
73414,1
73416,0
73417,0
73418,0
73423,1
73426,1
73427,0
73428,1
73432,0
73439,1
73440,0
73442,1
73444,1
73445,1
73446,0
73447,1
73451,1
73454,1
73460,1
73461,1
73462,1
73466,1
73467,5
73470,1
73472,1
73474,1
73476,1
73483,1
73484,0
73485,0
73486,1
73488,6
73490,1
73491,1
73496,1
73500,1
73501,4
73502,1
73503,1
73506,1
73507,1
73518,0
73523,0
73525,1
73527,1
73528,1
73529,1
73531,1
73535,1
73537,1
73540,1
73541,1
73543,1
73552,1
73555,1
73558,1
73560,1
73564,1
73568,1
73569,1
73572,1
73573,1
73575,1
73576,4
73577,1
73578,1
73583,0
73585,1
73589,1
73590,1
73591,0
73592,1
73593,0
73594,1
73596,1
73598,0
73601,1
73602,0
73605,1
73610,0
73617,1
73624,5
73626,0
73627,1
73628,0
73631,1
73634,1
73636,0
73641,1
73642,1
73645,0
73647,4
73648,4
73649,0
73651,1
73655,1
73658,1
73660,1
73661,0
73663,0
73664,1
73665,0
73666,1
73667,0
73668,1
73672,1
73675,1
73676,1
73678,1
73680,1
73681,1
73683,1
73686,1
73687,1
73690,1
73691,1
73692,1
73693,1
73696,0
73697,1
73700,1
73704,1
73710,1
73712,1
73715,4
73719,1
73720,4
73725,1
73731,1
73732,1
73734,0
73736,1
73738,0
73741,1
73742,1
73745,1
73746,0
73747,0
73751,1
73754,1
73760,1
73762,1
73763,1
73765,0
73766,0
73767,1
73768,1
73769,1
73770,1
73774,0
73777,1
73778,0
73782,1
73785,1
73788,1
73789,1
73791,1
73793,1
73794,1
73795,1
73797,1
73800,1
73801,0
73803,1
73805,1
73809,0
73818,1
73819,4
73820,0
73822,0
73824,0
73825,1
73829,1
73830,1
73831,1
73832,0
73835,1
73838,6
73841,1
73842,0
73843,1
73845,1
73846,1
73849,0
73853,1
73856,1
73858,4
73859,1
73864,1
73866,1
73868,1
73872,1
73875,1
73876,1
73878,1
73879,1
73883,1
73884,1
73887,0
73892,6
73894,1
73899,0
73904,1
73910,1
73912,1
73920,1
73922,1
73925,1
73926,1
73927,1
73933,1
73937,1
73938,0
73940,1
73943,1
73946,1
73948,1
73949,1
73951,1
73962,1
73964,1
73965,1
73969,0
73971,1
73972,1
73976,1
73977,1
73978,1
73979,0
73980,0
73982,1
73984,1
73986,1
73987,1
73995,0
73996,0
73997,1
74000,1
74009,0
74010,0
74015,1
74016,1
74017,1
74020,1
74022,0
74023,1
74026,1
74028,0
74032,1
74035,4
74036,1
74037,1
74038,0
74042,1
74043,1
74046,0
74048,1
74055,1
74057,1
74063,1
74065,0
74066,4
74068,1
74069,1
74071,1
74073,0
74074,0
74078,0
74082,0
74083,1
74084,1
74086,1
74088,1
74090,1
74091,1
74093,1
74094,0
74095,0
74096,1
74097,1
74098,1
74101,0
74108,0
74111,1
74114,0
74115,0
74117,1
74118,1
74121,1
74131,1
74132,1
74133,1
74135,1
74137,0
74138,1
74139,0
74140,4
74143,1
74145,1
74146,1
74147,0
74148,0
74151,0
74152,0
74156,0
74157,1
74159,0
74162,1
74163,1
74166,1
74168,1
74172,0
74173,1
74176,1
74177,1
74184,1
74187,1
74189,0
74191,1
74202,1
74204,1
74209,1
74212,1
74214,1
74220,1
74222,1
74225,1
74226,1
74230,0
74231,1
74233,1
74236,0
74238,1
74240,1
74241,0
74245,1
74246,0
74252,1
74258,0
74263,1
74264,0
74272,1
74274,0
74278,1
74281,1
74282,1
74289,0
74290,1
74296,4
74302,0
74304,1
74307,1
74309,1
74312,1
74313,1
74315,0
74316,1
74318,1
74319,1
74320,1
74325,0
74326,1
74328,1
74330,6
74334,1
74335,1
74336,1
74337,4
74338,1
74341,1
74342,0
74345,1
74347,1
74355,1
74356,1
74357,1
74360,1
74361,1
74362,0
74364,0
74366,1
74368,0
74369,1
74377,1
74379,1
74380,1
74382,1
74383,1
74384,1
74385,0
74390,0
74391,0
74394,1
74395,1
74397,1
74399,1
74401,1
74402,1
74404,1
74407,0
74408,1
74411,1
74416,1
74421,0
74431,1
74432,1
74438,0
74439,1
74440,1
74443,1
74447,0
74448,1
74449,1
74453,1
74459,1
74464,1
74466,6
74472,0
74474,0
74478,1
74481,4
74484,5
74487,1
74490,0
74492,1
74493,0
74500,1
74504,1
74505,1
74507,1
74510,1
74511,0
74512,1
74514,1
74516,1
74519,1
74524,0
74531,1
74532,1
74534,1
74535,4
74539,0
74541,1
74544,1
74546,1
74549,1
74559,0
74560,4
74564,1
74566,1
74574,1
74576,0
74577,0
74578,1
74584,1
74595,1
74602,1
74609,1
74614,1
74615,1
74616,0
74622,1
74624,1
74627,0
74629,0
74632,0
74639,1
74646,0
74648,3
74649,0
74650,0
74652,1
74658,1
74659,1
74663,0
74664,1
74667,1
74672,1
74675,0
74677,1
74683,1
74689,0
74691,1
74693,1
74694,1
74696,0
74701,0
74702,0
74710,1
74711,1
74720,0
74723,0
74726,1
74728,1
74729,1
74732,1
74734,1
74737,1
74738,0
74743,1
74744,1
74747,1
74749,1
74750,1
74752,1
74753,1
74756,1
74759,0
74769,1
74773,1
74774,0
74780,1
74781,1
74782,1
74784,0
74786,1
74790,0
74793,1
74799,1
74800,1
74801,1
74809,1
74812,1
74814,0
74815,1
74820,1
74823,1
74824,1
74825,1
74827,1
74829,1
74830,1
74833,1
74837,1
74839,1
74841,1
74843,1
74848,0
74860,0
74862,1
74865,1
74870,0
74872,0
74875,1
74876,0
74882,0
74887,1
74889,0
74890,1
74895,1
74899,0
74903,1
74905,1
74906,1
74907,0
74908,1
74910,1
74917,1
74920,1
74925,1
74928,0
74935,1
74937,1
74938,0
74940,1
74941,1
74944,1
74945,1
74947,1
74949,1
74950,1
74955,1
74956,1
74958,1
74959,1
74963,1
74964,1
74965,0
74970,1
74977,1
74978,1
74984,1
74985,1
74986,1
74988,1
74989,1
74993,1
74998,0
75005,0
75009,1
75010,0
75012,1
75013,1
75015,0
75017,1
75019,1
75021,1
75028,1
75029,1
75036,1
75038,1
75043,1
75045,1
75048,1
75049,1
75051,1
75055,1
75059,1
75060,1
75062,1
75063,0
75070,1
75072,1
75074,1
75076,0
75081,1
75083,1
75086,0
75091,1
75092,0
75093,1
75096,1
75097,1
75099,1
75104,0
75105,1
75114,0
75116,1
75117,1
75118,0
75119,1
75120,1
75121,1
75122,0
75124,1
75125,0
75126,1
75133,1
75137,1
75138,1
75140,1
75141,1
75142,1
75144,1
75145,0
75146,0
75147,0
75155,1
75158,1
75160,1
75162,1
75169,1
75170,0
75171,2
75177,1
75179,1
75181,1
75183,1
75185,1
75186,0
75189,1
75190,1
75192,1
75195,1
75198,0
75199,1
75202,1
75206,1
75212,1
75215,1
75218,0
75219,0
75220,1
75225,1
75227,1
75231,1
75240,0
75242,0
75243,1
75248,0
75249,0
75250,1
75251,6
75254,1
75257,1
75259,0
75263,1
75267,1
75268,1
75270,0
75271,1
75272,0
75275,1
75276,1
75278,1
75286,0
75287,1
75292,1
75293,0
75296,0
75297,6
75298,1
75299,1
75303,0
75304,1
75308,1
75311,1
75313,1
75314,1
75315,1
75316,1
75327,1
75329,1
75339,1
75340,0
75343,0
75347,1
75350,1
75352,1
75355,1
75358,1
75359,0
75363,1
75364,1
75366,1
75368,0
75372,1
75374,1
75375,1
75377,1
75379,1
75380,1
75382,1
75383,1
75388,0
75392,6
75393,1
75394,1
75398,1
75399,1
75407,1
75411,0
75414,0
75416,1
75417,1
75418,1
75419,0
75423,1
75425,1
75427,1
75433,1
75435,1
75441,1
75442,1
75444,1
75445,1
75447,1
75449,1
75454,1
75455,1
75457,1
75459,4
75464,1
75466,1
75470,0
75474,4
75476,1
75479,0
75480,1
75481,1
75483,1
75485,1
75494,0
75495,1
75498,1
75499,0
75501,1
75502,1
75509,1
75512,0
75514,1
75516,1
75518,0
75520,0
75525,1
75528,1
75531,1
75532,1
75534,1
75536,1
75543,1
75545,1
75547,1
75548,1
75549,1
75552,1
75553,1
75555,1
75556,0
75562,1
75563,0
75565,1
75566,1
75568,1
75569,1
75570,1
75575,0
75577,0
75582,1
75585,0
75586,1
75587,1
75590,1
75596,1
75597,1
75599,0
75603,1
75606,1
75609,0
75610,1
75613,0
75614,1
75616,1
75619,1
75622,1
75623,1
75626,1
75630,1
75634,1
75637,1
75639,1
75640,0
75641,0
75643,0
75644,1
75647,0
75656,1
75659,1
75660,1
75664,1
75666,0
75669,0
75670,1
75671,1
75672,1
75674,0
75676,0
75677,1
75678,1
75683,0
75686,1
75688,1
75690,1
75691,1
75694,1
75697,1
75698,0
75702,1
75705,4
75707,0
75710,1
75712,0
75715,1
75716,1
75722,1
75725,0
75727,1
75728,4
75729,1
75730,1
75732,0
75733,1
75737,4
75739,1
75740,1
75742,1
75746,0
75747,0
75748,1
75751,0
75755,1
75756,1
75757,1
75759,1
75760,1
75769,1
75774,0
75776,0
75778,1
75784,0
75785,1
75790,1
75791,1
75795,1
75804,1
75805,1
75809,1
75812,1
75813,1
75814,1
75820,1
75821,1
75822,1
75823,4
75825,1
75829,0
75832,0
75833,1
75835,0
75840,0
75844,0
75846,1
75850,1
75853,1
75854,1
75856,1
75859,1
75860,0
75865,1
75868,1
75871,1
75872,1
75873,0
75874,1
75876,1
75884,1
75887,1
75889,1
75891,1
75895,0
75896,1
75897,1
75898,1
75900,1
75906,1
75907,1
75908,1
75913,1
75915,1
75922,1
75926,1
75927,1
75931,1
75934,1
75935,0
75936,0
75948,1
75949,1
75952,1
75957,0
75960,1
75965,1
75966,1
75968,1
75971,1
75972,1
75974,1
75975,1
75977,1
75984,1
75986,1
75987,1
75992,0
75993,1
75994,0
75997,1
75998,1
75999,1
76001,1
76003,0
76005,1
76009,1
76010,1
76011,1
76015,1
76019,1
76022,4
76026,1
76030,1
76032,1
76036,1
76038,1
76039,0
76040,0
76041,1
76044,1
76045,0
76049,1
76051,1
76072,0
76074,0
76077,1
76079,1
76083,1
76084,1
76085,1
76089,1
76090,1
76092,1
76096,1
76097,0
76098,1
76100,0
76103,1
76104,1
76107,0
76112,1
76113,0
76115,1
76117,1
76120,1
76121,1
76122,0
76123,1
76124,1
76129,1
76132,1
76135,0
76137,1
76138,0
76141,1
76144,1
76145,1
76147,1
76148,1
76149,1
76151,1
76154,1
76156,1
76162,0
76164,0
76165,1
76170,1
76172,1
76173,1
76175,1
76178,1
76184,0
76188,1
76190,1
76191,1
76192,0
76193,1
76195,1
76196,1
76199,0
76201,1
76206,1
76212,1
76214,1
76218,1
76224,1
76227,1
76232,1
76235,1
76236,0
76237,1
76243,1
76244,1
76246,1
76258,0
76259,0
76261,1
76268,0
76281,1
76286,1
76288,1
76289,0
76293,1
76297,1
76299,1
76307,1
76308,1
76309,1
76312,1
76318,1
76319,1
76324,0
76329,1
76331,1
76334,1
76335,1
76338,1
76340,0
76342,1
76344,4
76346,1
76347,1
76349,1
76351,0
76352,1
76353,3
76357,1
76359,0
76363,0
76375,1
76377,0
76378,1
76385,1
76394,0
76395,0
76396,1
76400,1
76410,0
76411,1
76413,0
76422,1
76426,1
76427,0
76429,1
76434,1
76438,1
76439,1
76443,4
76447,1
76453,0
76454,0
76457,0
76459,1
76462,0
76464,0
76468,4
76469,1
76471,1
76475,1
76476,1
76477,1
76479,1
76487,1
76488,1
76491,1
76493,1
76494,1
76496,1
76497,0
76498,1
76504,0
76505,1
76506,6
76510,1
76512,1
76516,1
76517,1
76518,1
76520,0
76521,1
76528,1
76531,0
76532,0
76534,1
76538,1
76542,1
76545,1
76556,1
76558,1
76559,0
76560,1
76562,1
76564,1
76569,1
76574,1
76575,0
76576,1
76582,0
76587,0
76588,0
76589,1
76592,1
76593,1
76595,1
76597,1
76598,1
76606,1
76608,6
76610,1
76611,1
76614,1
76620,1
76622,0
76623,0
76626,1
76629,1
76630,0
76631,1
76632,1
76634,1
76635,0
76636,1
76638,1
76642,1
76648,1
76649,1
76653,0
76654,1
76655,1
76657,1
76659,1
76660,0
76662,1
76670,1
76671,1
76675,1
76678,1
76679,1
76682,1
76685,0
76690,0
76695,1
76698,0
76701,1
76705,1
76710,1
76711,1
76712,1
76713,1
76714,1
76722,1
76724,1
76729,1
76731,1
76732,1
76734,1
76735,0
76740,1
76742,1
76743,1
76750,1
76751,1
76756,1
76758,0
76762,0
76764,1
76768,1
76771,1
76772,1
76773,1
76774,1
76776,0
76777,1
76778,1
76780,1
76783,1
76784,1
76788,1
76790,1
76791,1
76792,1
76794,1
76803,1
76806,0
76808,1
76813,1
76817,1
76819,0
76823,1
76827,1
76828,0
76829,1
76830,1
76834,1
76835,1
76836,1
76838,1
76840,1
76843,1
76844,1
76845,1
76846,1
76847,1
76849,1
76854,1
76857,1
76863,1
76867,0
76869,0
76872,1
76876,1
76878,1
76884,1
76887,1
76888,1
76891,0
76895,1
76898,1
76901,1
76903,1
76904,1
76905,1
76908,1
76911,1
76912,1
76914,1
76915,1
76917,1
76918,0
76922,4
76925,1
76927,1
76929,1
76931,1
76934,1
76936,1
76938,1
76939,0
76943,1
76945,1
76947,1
76951,1
76953,1
76955,1
76956,0
76959,1
76962,1
76963,0
76964,1
76965,1
76968,1
76969,0
76972,1
76973,0
76979,1
76981,0
76983,1
76986,1
76992,1
76995,1
76996,0
76998,1
77002,1
77003,1
77010,1
77013,1
77025,1
77029,1
77031,1
77035,1
77039,1
77044,1
77046,4
77049,1
77050,0
77051,1
77055,1
77057,1
77058,6
77059,0
77060,0
77062,0
77064,0
77068,1
77070,4
77071,0
77072,1
77078,2
77084,1
77085,0
77086,1
77087,1
77088,1
77091,1
77093,1
77094,1
77097,1
77100,1
77102,1
77104,0
77108,1
77109,1
77110,1
77111,0
77113,0
77114,1
77116,1
77121,2
77122,1
77124,0
77125,0
77126,1
77129,1
77134,0
77136,0
77137,1
77138,1
77139,1
77141,0
77144,1
77146,1
77149,4
77151,1
77152,0
77154,1
77156,1
77157,1
77160,3
77161,1
77162,1
77166,1
77167,6
77176,1
77178,1
77181,0
77182,1
77187,0
77191,1
77193,4
77195,1
77196,0
77206,1
77207,1
77208,1
77213,1
77215,1
77216,0
77226,1
77227,0
77228,1
77229,1
77230,1
77234,1
77235,1
77236,1
77237,1
77239,0
77241,1
77242,1
77245,1
77248,1
77251,0
77258,1
77259,1
77264,4
77265,1
77268,1
77269,1
77270,1
77273,0
77274,1
77277,1
77279,1
77280,0
77285,1
77287,0
77289,1
77290,1
77293,1
77295,1
77298,1
77300,1
77301,1
77303,1
77304,1
77305,1
77309,0
77313,1
77315,1
77317,1
77319,1
77323,1
77325,1
77327,0
77328,0
77330,1
77338,1
77339,1
77341,1
77343,1
77346,0
77348,0
77349,1
77356,1
77357,0
77361,1
77362,0
77364,0
77366,1
77367,1
77370,0
77371,1
77372,0
77373,1
77375,1
77376,1
77378,1
77384,1
77385,1
77387,1
77390,1
77397,1
77401,1
77409,0
77410,1
77411,1
77414,1
77417,1
77418,0
77420,0
77422,1
77424,0
77428,0
77430,1
77433,1
77436,0
77437,1
77439,1
77441,1
77442,1
77443,1
77444,1
77445,1
77447,0
77449,4
77451,0
77454,0
77457,1
77458,1
77460,1
77461,1
77462,1
77465,1
77467,1
77468,1
77470,1
77471,0
77472,1
77476,0
77479,1
77481,1
77482,1
77485,1
77495,1
77496,1
77498,1
77499,0
77502,0
77504,1
77505,0
77508,0
77512,1
77515,0
77517,0
77524,0
77526,1
77529,1
77530,1
77531,1
77540,1
77542,0
77545,1
77550,1
77556,1
77558,0
77559,1
77560,1
77563,1
77564,0
77571,1
77578,1
77582,0
77583,1
77585,0
77587,1
77591,0
77593,1
77598,0
77602,1
77603,1
77607,1
77610,1
77611,1
77614,1
77619,1
77620,1
77623,1
77624,6
77626,1
77627,1
77639,1
77640,1
77646,0
77654,1
77656,1
77657,0
77658,0
77661,0
77663,1
77664,1
77665,1
77668,0
77670,1
77672,1
77673,2
77678,0
77688,0
77693,0
77694,0
77703,1
77706,1
77711,0
77713,0
77720,1
77723,0
77724,1
77725,1
77726,0
77727,0
77731,1
77733,1
77735,1
77739,0
77742,0
77743,1
77746,1
77747,0
77748,1
77751,0
77755,0
77759,1
77760,0
77761,0
77762,1
77763,0
77776,1
77777,0
77779,1
77781,1
77790,1
77796,1
77799,1
77801,1
77802,1
77804,1
77805,0
77808,1
77810,1
77811,1
77815,1
77818,1
77820,1
77825,1
77826,1
77832,1
77834,1
77838,1
77841,0
77842,1
77843,1
77858,0
77862,1
77863,0
77868,0
77873,1
77876,1
77882,0
77884,1
77886,1
77887,0
77890,1
77891,1
77892,1
77897,1
77899,0
77904,0
77905,1
77906,1
77907,0
77908,0
77911,1
77913,0
77917,0
77918,1
77924,1
77929,1
77933,1
77936,1
77939,1
77955,0
77960,1
77963,0
77964,1
77965,1
77976,0
77977,1
77978,1
77981,1
77982,0
77988,1
77991,1
77993,1
77998,1
78000,1
78003,1
78007,1
78008,1
78009,1
78010,0
78011,1
78014,1
78015,1
78016,1
78019,1
78023,1
78024,1
78028,1
78035,0
78037,1
78038,0
78040,1
78041,1
78042,1
78044,1
78046,0
78048,1
78049,0
78050,1
78052,1
78053,0
78056,0
78058,0
78059,1
78061,1
78067,1
78068,0
78072,1
78073,0
78074,0
78076,1
78077,1
78080,1
78084,0
78086,5
78087,1
78089,1
78090,1
78093,1
78096,1
78099,1
78101,1
78111,1
78114,1
78130,1
78132,1
78134,0
78140,0
78141,1
78145,1
78146,0
78147,6
78153,0
78155,0
78157,1
78163,1
78164,1
78166,1
78169,1
78172,1
78174,1
78175,0
78178,1
78183,1
78188,4
78191,1
78192,1
78193,1
78194,0
78195,1
78196,1
78204,0
78207,1
78212,1
78214,1
78215,0
78216,0
78218,1
78219,0
78221,1
78224,1
78227,0
78228,0
78229,0
78230,1
78231,1
78234,1
78239,1
78244,1
78245,0
78248,1
78250,0
78251,0
78256,1
78259,0
78261,1
78264,4
78266,1
78267,0
78268,1
78271,1
78272,1
78274,0
78276,0
78285,1
78286,0
78288,1
78291,1
78292,1
78293,1
78298,1
78301,1
78303,1
78305,1
78306,1
78307,1
78308,1
78311,1
78314,1
78317,1
78318,1
78320,1
78323,0
78324,0
78325,0
78326,1
78327,1
78329,1
78332,1
78335,1
78336,0
78337,0
78342,1
78346,1
78348,1
78349,1
78352,1
78353,1
78356,1
78358,0
78360,1
78363,1
78366,1
78367,1
78370,0
78371,0
78376,1
78378,1
78381,0
78383,1
78385,1
78388,1
78390,1
78391,1
78405,0
78406,1
78407,1
78408,1
78411,1
78415,0
78417,0
78423,1
78424,1
78433,0
78436,1
78437,1
78440,1
78445,1
78448,1
78452,1
78461,1
78465,1
78466,1
78469,1
78472,1
78474,1
78475,1
78477,1
78481,1
78482,1
78484,1
78485,1
78488,1
78489,1
78490,1
78492,1
78493,0
78499,1
78500,1
78502,1
78503,6
78507,1
78508,1
78511,1
78512,1
78513,1
78514,1
78523,1
78526,1
78527,0
78528,1
78530,1
78531,0
78532,1
78539,1
78540,1
78542,1
78543,0
78544,1
78550,1
78552,0
78554,1
78562,1
78569,0
78570,0
78572,1
78575,0
78579,1
78590,0
78593,1
78598,1
78600,1
78601,1
78604,1
78605,4
78606,1
78607,1
78608,1
78609,0
78610,0
78611,6
78617,1
78618,0
78620,1
78621,1
78625,0
78626,1
78629,1
78633,1
78637,1
78639,4
78640,1
78641,1
78644,1
78645,1
78647,1
78648,1
78652,1
78658,1
78662,0
78663,1
78665,1
78668,0
78670,1
78671,1
78676,1
78677,1
78680,1
78682,0
78684,1
78685,1
78687,1
78690,1
78691,0
78695,0
78697,1
78699,0
78703,1
78704,0
78709,1
78713,1
78716,1
78720,1
78724,1
78725,1
78730,1
78731,1
78732,1
78736,1
78738,1
78739,1
78750,1
78752,1
78754,0
78755,1
78757,1
78758,1
78759,1
78762,0
78765,1
78767,1
78772,1
78773,1
78775,1
78777,0
78778,1
78779,0
78783,1
78785,0
78786,0
78788,1
78789,0
78790,1
78794,0
78796,1
78800,1
78803,1
78805,1
78811,1
78812,1
78814,1
78815,1
78818,6
78820,0
78821,0
78822,1
78825,1
78828,1
78830,1
78837,1
78839,1
78841,1
78842,1
78845,1
78848,1
78852,1
78854,1
78863,1
78864,0
78866,0
78868,1
78871,1
78872,0
78875,0
78876,1
78877,4
78878,1
78880,1
78883,1
78888,0
78889,1
78892,1
78896,1
78897,0
78898,1
78899,1
78904,0
78905,1
78910,1
78913,1
78921,1
78922,1
78929,1
78931,1
78935,0
78938,1
78939,1
78948,1
78958,1
78959,1
78962,1
78963,0
78964,1
78966,1
78969,0
78972,1
78973,0
78976,0
78979,1
78980,1
78981,1
78986,1
78988,0
78989,1
78991,1
78995,1
78998,1
78999,1
79001,0
79004,0
79007,1
79009,0
79011,1
79012,0
79013,4
79014,1
79016,1
79020,1
79025,3
79026,0
79033,1
79035,1
79036,0
79037,1
79038,1
79039,1
79044,1
79045,1
79048,1
79049,1
79050,0
79053,1
79055,1
79058,0
79064,1
79070,1
79073,0
79081,1
79085,1
79088,1
79090,0
79093,0
79099,1
79100,1
79102,1
79104,1
79107,1
79111,1
79113,1
79114,1
79115,1
79118,0
79119,1
79120,1
79122,0
79128,1
79130,0
79133,1
79135,1
79136,1
79137,1
79141,1
79145,1
79147,1
79148,0
79150,1
79151,0
79157,0
79159,1
79160,1
79166,1
79169,1
79171,1
79176,1
79181,1
79183,1
79186,1
79187,1
79188,1
79193,0
79195,1
79201,1
79203,1
79204,1
79205,0
79206,1
79211,1
79212,1
79215,0
79216,0
79226,0
79229,1
79230,1
79231,1
79236,1
79241,1
79244,0
79248,1
79249,1
79254,1
79259,0
79260,1
79261,0
79263,1
79266,1
79269,1
79271,1
79272,1
79273,0
79274,1
79279,1
79289,1
79291,1
79292,0
79294,1
79296,1
79298,1
79299,1
79300,1
79309,1
79310,1
79311,1
79312,1
79313,1
79316,1
79319,1
79334,1
79336,1
79339,1
79340,1
79345,1
79346,1
79351,1
79352,0
79355,0
79356,1
79359,1
79361,1
79363,1
79367,1
79368,1
79373,0
79375,1
79377,1
79379,1
79381,1
79389,0
79391,0
79394,0
79396,0
79401,1
79402,1
79406,1
79407,1
79410,0
79411,1
79415,0
79422,1
79424,1
79426,1
79431,1
79432,0
79433,1
79439,1
79440,0
79449,0
79450,1
79452,0
79457,1
79460,1
79464,0
79466,0
79468,1
79470,1
79472,1
79475,1
79476,1
79481,0
79486,1
79490,1
79494,0
79496,1
79497,1
79501,0
79503,1
79504,1
79505,1
79507,1
79508,1
79509,1
79510,1
79518,1
79519,1
79522,0
79525,1
79526,0
79528,1
79530,0
79533,1
79534,1
79535,0
79540,0
79548,3
79549,1
79552,1
79555,1
79556,0
79561,0
79562,0
79565,1
79567,4
79569,1
79572,1
79575,1
79578,0
79580,1
79582,1
79587,1
79589,1
79593,0
79596,1
79602,1
79605,0
79607,0
79608,0
79612,1
79613,0
79615,1
79617,1
79618,0
79619,1
79620,1
79621,1
79623,1
79625,1
79630,1
79631,1
79633,1
79641,1
79642,1
79648,0
79651,6
79654,1
79657,0
79663,1
79667,1
79671,1
79672,1
79675,1
79681,1
79685,1
79686,1
79688,1
79692,1
79695,1
79700,0
79701,0
79706,1
79713,0
79717,1
79718,1
79721,1
79722,1
79726,0
79728,1
79731,0
79733,1
79734,1
79739,1
79741,1
79742,1
79744,3
79751,1
79753,1
79754,1
79758,1
79761,1
79763,0
79765,0
79766,1
79767,0
79770,1
79773,1
79775,1
79776,1
79777,1
79783,1
79785,1
79789,1
79790,1
79791,1
79792,0
79795,1
79797,0
79799,1
79803,1
79804,1
79807,1
79808,0
79809,4
79810,6
79813,0
79816,1
79820,1
79822,0
79823,1
79826,1
79833,0
79834,0
79838,1
79841,1
79845,1
79846,1
79850,1
79853,1
79856,1
79857,0
79858,1
79862,1
79863,0
79864,1
79865,1
79868,0
79869,1
79872,1
79873,0
79877,1
79879,0
79882,1
79883,1
79886,1
79896,1
79897,0
79898,0
79904,0
79905,0
79906,1
79908,1
79912,1
79917,0
79921,1
79924,1
79930,1
79936,1
79945,0
79948,1
79950,1
79952,1
79955,0
79956,1
79958,1
79959,1
79961,1
79963,1
79965,1
79967,0
79968,1
79969,0
79970,0
79974,1
79976,1
79977,1
79979,1
79980,1
79985,1
79989,0
79993,1
79997,0
79999,1
80002,0
80005,1
80007,1
80009,1
80011,0
80013,0
80014,1
80016,1
80018,0
80020,1
80021,1
80025,1
80028,6
80030,0
80032,1
80033,1
80034,1
80036,1
80037,0
80039,0
80041,1
80043,0
80044,0
80049,0
80054,1
80057,4
80059,1
80062,0
80063,1
80064,1
80065,1
80069,1
80070,1
80072,1
80075,1
80081,1
80083,1
80084,0
80089,0
80091,0
80093,1
80094,1
80095,4
80096,1
80102,0
80106,1
80112,0
80113,1
80115,1
80119,1
80126,1
80128,0
80130,0
80136,6
80140,4
80143,1
80149,1
80150,1
80155,1
80156,0
80158,1
80159,1
80160,1
80161,1
80168,1
80171,1
80181,1
80183,1
80186,1
80190,0
80203,0
80208,1
80210,1
80212,0
80215,0
80220,1
80223,1
80225,1
80226,0
80227,0
80231,1
80233,1
80234,1
80242,1
80243,1
80244,0
80247,1
80250,1
80252,1
80258,1
80261,1
80263,0
80264,1
80266,1
80267,1
80269,0
80270,0
80271,1
80275,0
80278,0
80286,1
80291,1
80292,0
80295,0
80298,1
80302,0
80304,1
80310,1
80313,1
80322,1
80323,1
80325,1
80328,1
80329,1
80330,0
80339,1
80340,1
80342,0
80347,1
80352,6
80358,0
80367,1
80369,1
80374,1
80378,1
80379,0
80380,1
80381,1
80387,1
80389,1
80391,1
80403,1
80404,1
80408,4
80417,1
80420,0
80424,0
80428,0
80435,1
80437,1
80439,0
80440,1
80441,1
80442,0
80443,1
80447,1
80449,0
80452,1
80458,6
80459,1
80464,1
80467,1
80468,1
80470,1
80471,1
80472,0
80477,1
80484,0
80488,1
80494,1
80496,1
80497,1
80499,1
80501,1
80502,1
80504,0
80507,1
80511,1
80512,0
80513,1
80521,0
80531,1
80536,0
80537,1
80539,1
80540,1
80541,1
80543,1
80551,1
80554,1
80557,1
80558,1
80559,1
80560,1
80561,1
80563,1
80568,1
80569,1
80570,1
80574,1
80575,1
80578,1
80579,1
80590,1
80594,0
80595,1
80596,1
80597,1
80603,1
80606,1
80607,0
80612,0
80615,1
80616,0
80617,0
80620,0
80626,0
80627,0
80630,1
80635,1
80638,1
80640,1
80641,0
80642,1
80647,1
80650,1
80656,1
80658,1
80667,1
80675,1
80677,1
80680,0
80681,0
80682,0
80683,1
80687,1
80692,1
80693,0
80696,1
80698,1
80702,0
80703,1
80705,1
80706,0
80707,1
80709,1
80713,1
80714,1
80715,0
80717,1
80718,1
80719,1
80722,1
80723,1
80724,1
80726,1
80730,0
80731,1
80734,1
80740,0
80743,1
80752,4
80757,1
80764,1
80766,0
80767,1
80773,6
80774,0
80775,1
80776,1
80783,0
80795,1
80796,0
80797,1
80803,1
80806,1
80808,1
80810,0
80812,1
80813,1
80819,0
80823,1
80824,1
80828,0
80829,1
80830,1
80833,1
80837,1
80841,1
80842,1
80843,1
80845,1
80846,1
80847,1
80851,1
80852,1
80853,1
80855,0
80856,0
80858,1
80860,1
80864,0
80865,1
80871,1
80884,0
80887,0
80900,1
80905,1
80908,4
80911,1
80915,1
80916,0
80921,0
80926,1
80930,1
80931,1
80932,0
80933,1
80935,1
80937,1
80939,1
80940,0
80944,0
80947,1
80948,1
80954,1
80955,1
80960,1
80962,1
80963,1
80964,0
80966,1
80968,1
80972,1
80973,1
80976,0
80979,0
80980,1
80981,1
80983,1
80984,0
80986,0
80989,0
80992,1
80994,1
80995,6
80997,1
81000,1
81005,0
81006,1
81007,0
81008,1
81009,4
81011,1
81014,0
81019,0
81021,0
81025,1
81027,0
81028,1
81029,1
81031,1
81034,1
81044,1
81047,0
81048,0
81053,1
81055,1
81058,1
81061,1
81062,1
81065,1
81067,1
81073,1
81082,1
81085,1
81086,1
81088,0
81089,1
81094,1
81095,0
81096,1
81097,1
81098,1
81099,1
81100,0
81102,0
81103,0
81104,1
81106,0
81107,1
81108,1
81109,1
81115,0
81116,6
81117,1
81122,1
81136,1
81137,1
81142,0
81143,1
81144,1
81145,1
81148,1
81151,1
81154,1
81157,1
81159,0
81165,1
81167,0
81168,1
81169,1
81171,1
81173,0
81174,1
81176,1
81178,0
81179,1
81183,1
81189,1
81190,0
81191,0
81192,1
81196,0
81197,1
81198,1
81199,0
81206,1
81208,1
81209,1
81213,1
81219,1
81221,1
81223,1
81225,1
81228,1
81229,1
81232,1
81233,0
81235,0
81237,1
81240,1
81242,1
81246,0
81248,0
81252,0
81257,1
81261,0
81262,1
81268,1
81269,0
81273,1
81284,1
81285,1
81288,0
81291,0
81293,0
81294,1
81296,1
81297,1
81298,1
81301,1
81313,1
81314,0
81316,1
81322,1
81324,0
81327,1
81331,0
81333,1
81334,0
81336,0
81342,1
81343,1
81346,1
81350,1
81351,0
81352,1
81353,1
81356,1
81357,1
81360,1
81362,0
81364,1
81366,1
81370,0
81371,1
81373,1
81375,1
81377,1
81379,1
81381,0
81383,0
81385,1
81386,1
81389,1
81390,0
81394,1
81397,1
81398,1
81399,1
81400,1
81405,1
81406,1
81407,1
81413,1
81418,0
81419,1
81420,1
81421,1
81422,0
81426,0
81427,1
81432,1
81435,1
81436,0
81438,1
81447,0
81457,1
81458,1
81462,1
81463,1
81467,1
81470,1
81475,0
81481,1
81483,1
81490,4
81493,0
81496,0
81498,1
81501,1
81507,1
81508,1
81509,0
81511,0
81512,1
81519,0
81520,1
81521,1
81523,1
81527,1
81530,1
81532,1
81537,1
81538,1
81544,0
81545,4
81551,0
81554,1
81562,1
81567,1
81568,1
81570,0
81572,1
81573,1
81576,1
81577,1
81590,1
81591,1
81592,1
81594,1
81596,1
81600,1
81601,1
81604,1
81605,1
81609,1
81610,1
81612,1
81613,0
81617,1
81618,1
81619,1
81620,1
81621,1
81622,0
81623,0
81630,1
81632,1
81633,1
81635,1
81638,1
81639,1
81644,1
81648,0
81649,1
81657,0
81658,0
81669,1
81670,0
81678,1
81680,1
81681,1
81683,1
81684,1
81686,1
81687,0
81688,1
81690,1
81692,1
81693,1
81694,1
81697,1
81699,0
81701,1
81705,1
81709,0
81710,1
81712,1
81713,1
81714,1
81718,1
81719,0
81721,1
81722,0
81723,1
81724,1
81725,1
81728,0
81731,1
81732,1
81733,0
81736,1
81737,0
81738,1
81742,1
81743,1
81744,1
81745,1
81746,0
81747,1
81752,0
81753,1
81754,1
81756,1
81757,4
81762,1
81766,1
81767,1
81768,0
81771,1
81772,0
81774,1
81777,1
81779,1
81781,1
81783,0
81784,0
81786,1
81796,1
81797,1
81800,1
81802,1
81803,0
81804,1
81805,1
81808,1
81824,0
81826,1
81828,0
81831,1
81833,1
81834,1
81835,1
81837,1
81838,0
81840,0
81845,1
81847,1
81854,1
81857,1
81858,0
81861,1
81862,1
81864,1
81868,1
81872,1
81874,1
81877,1
81878,4
81880,1
81881,0
81884,1
81886,0
81887,1
81888,1
81890,1
81892,0
81894,1
81895,1
81896,1
81897,4
81899,1
81900,1
81901,1
81906,0
81908,1
81909,1
81916,1
81919,1
81922,1
81924,1
81927,0
81929,0
81939,1
81940,1
81942,1
81946,1
81947,1
81952,1
81956,1
81958,0
81963,0
81965,1
81969,1
81973,0
81979,0
81983,1
81985,0
81988,1
81992,1
81993,1
81995,0
81996,1
81998,0
82015,1
82026,1
82028,1
82029,1
82034,1
82038,1
82039,1
82050,1
82053,1
82055,0
82059,1
82060,1
82067,1
82069,1
82072,0
82074,1
82076,4
82080,1
82083,1
82085,1
82086,4
82090,0
82105,1
82110,1
82116,1
82121,1
82122,1
82123,0
82127,1
82128,0
82131,1
82134,1
82140,1
82142,1
82145,1
82146,0
82148,1
82156,1
82157,1
82165,1
82166,1
82172,1
82175,1
82181,1
82184,1
82185,1
82186,4
82187,0
82190,1
82194,1
82195,1
82197,1
82198,0
82202,1
82206,1
82208,1
82210,1
82215,1
82216,1
82221,0
82222,1
82225,0
82226,1
82229,1
82230,1
82232,1
82237,1
82244,1
82245,0
82248,1
82253,1
82254,1
82255,0
82256,1
82257,1
82260,1
82263,1
82266,1
82277,1
82279,0
82280,1
82282,1
82285,0
82290,1
82291,1
82296,1
82298,1
82301,1
82306,1
82311,1
82312,1
82318,1
82322,1
82323,1
82325,1
82329,0
82334,1
82338,1
82339,1
82348,1
82349,0
82350,1
82351,1
82352,1
82358,1
82359,1
82360,0
82361,1
82363,1
82364,1
82365,1
82367,0
82368,1
82371,0
82374,1
82375,0
82378,1
82379,1
82382,0
82385,0
82388,1
82390,1
82393,0
82399,1
82400,1
82403,0
82405,1
82407,0
82408,0
82409,0
82411,1
82412,1
82415,1
82417,1
82419,1
82420,1
82421,1
82425,1
82427,1
82434,1
82439,1
82444,0
82445,1
82446,2
82453,1
82458,1
82463,1
82464,0
82469,6
82471,1
82473,1
82474,6
82477,1
82481,0
82482,1
82491,1
82498,1
82501,0
82506,1
82508,0
82511,0
82519,1
82520,1
82521,1
82523,1
82528,1
82530,1
82535,0
82541,1
82545,1
82546,1
82550,0
82554,1
82556,0
82558,1
82559,1
82563,1
82565,1
82566,1
82568,1
82570,1
82574,1
82575,1
82578,0
82581,0
82585,1
82588,1
82589,1
82592,1
82593,4
82597,1
82598,1
82607,6
82609,0
82614,1
82619,0
82620,0
82625,1
82626,1
82631,1
82633,1
82634,1
82635,1
82636,1
82647,1
82648,1
82650,1
82651,1
82654,0
82655,0
82656,1
82658,0
82662,0
82664,4
82667,0
82670,0
82676,0
82677,1
82678,1
82681,0
82682,1
82683,1
82684,1
82685,1
82688,1
82690,1
82691,1
82692,1
82695,1
82697,1
82700,1
82701,1
82705,1
82708,1
82711,1
82712,0
82714,1
82716,1
82721,1
82723,1
82726,1
82729,0
82731,1
82733,1
82735,1
82738,0
82739,0
82741,1
82742,1
82743,3
82745,0
82746,1
82750,0
82751,6
82753,1
82755,0
82758,0
82765,1
82767,1
82770,1
82775,0
82776,0
82778,0
82780,1
82783,1
82785,1
82790,1
82795,0
82796,1
82800,1
82810,1
82818,1
82819,1
82821,1
82827,1
82829,1
82832,1
82833,1
82834,1
82835,1
82836,1
82837,0
82841,0
82846,1
82847,1
82848,0
82849,1
82855,0
82856,1
82859,1
82860,0
82866,1
82869,0
82875,0
82883,1
82886,1
82887,1
82890,1
82892,0
82896,1
82901,0
82902,1
82906,0
82912,1
82915,1
82921,1
82925,1
82927,1
82935,1
82940,1
82942,1
82945,1
82947,0
82949,1
82963,0
82965,0
82969,1
82971,0
82972,1
82973,1
82975,0
82977,0
82979,1
82980,0
82981,0
82982,1
82986,0
82988,1
82989,1
82991,1
82995,0
82997,1
82999,1
83005,1
83006,0
83009,1
83011,1
83012,1
83018,1
83020,0
83021,1
83023,4
83024,0
83025,1
83026,1
83027,1
83032,1
83033,1
83034,1
83038,1
83039,0
83041,1
83042,1
83044,4
83048,0
83052,1
83054,4
83056,1
83057,1
83059,1
83062,0
83063,1
83064,1
83075,1
83077,0
83083,1
83084,1
83086,0
83090,1
83092,1
83093,1
83094,0
83095,1
83097,1
83099,1
83100,1
83102,1
83103,1
83113,1
83114,4
83120,1
83121,1
83122,1
83124,1
83125,1
83126,0
83128,0
83134,1
83135,6
83136,4
83137,0
83138,1
83139,1
83140,1
83141,1
83144,4
83145,0
83149,1
83151,1
83152,0
83154,0
83158,4
83164,0
83169,1
83170,0
83171,1
83172,1
83173,0
83174,0
83175,1
83177,0
83178,1
83179,1
83180,0
83181,0
83183,1
83186,6
83187,1
83192,1
83195,1
83199,1
83203,0
83206,1
83208,1
83210,1
83215,0
83217,1
83220,1
83226,1
83229,1
83230,1
83232,0
83234,0
83241,1
83242,1
83244,1
83247,0
83259,1
83260,0
83261,1
83264,1
83265,1
83270,1
83275,1
83278,0
83282,1
83283,1
83284,1
83285,1
83291,1
83292,1
83297,1
83306,1
83309,1
83310,1
83314,0
83315,1
83316,0
83318,0
83319,1
83320,1
83321,1
83328,1
83334,1
83335,1
83339,1
83340,0
83344,0
83346,1
83347,1
83348,1
83349,1
83350,1
83352,0
83353,1
83355,1
83358,0
83359,0
83362,1
83369,1
83379,0
83380,1
83383,0
83385,1
83388,1
83392,0
83393,1
83396,1
83397,1
83400,1
83401,1
83402,1
83404,1
83405,0
83407,0
83408,1
83410,1
83414,1
83417,1
83421,0
83422,1
83423,0
83424,1
83425,1
83427,0
83428,1
83434,1
83435,1
83436,1
83437,1
83438,0
83439,1
83440,0
83441,0
83449,1
83450,0
83451,1
83454,1
83458,1
83459,0
83463,0
83476,0
83480,1
83481,1
83487,0
83489,0
83490,1
83493,1
83495,1
83501,1
83503,1
83506,1
83514,1
83519,1
83525,1
83526,1
83527,1
83530,0
83536,0
83539,1
83542,0
83543,0
83546,1
83547,1
83549,1
83550,0
83553,0
83554,1
83558,1
83563,0
83568,0
83574,0
83575,1
83577,1
83578,1
83579,1
83586,1
83588,1
83590,1
83593,0
83597,1
83598,1
83603,0
83609,1
83610,1
83611,1
83612,1
83613,1
83617,1
83618,0
83621,1
83622,1
83623,0
83627,0
83632,0
83637,1
83639,1
83646,1
83647,1
83652,1
83653,1
83657,0
83659,0
83662,1
83668,1
83669,1
83671,1
83672,1
83673,0
83674,1
83675,1
83676,1
83680,1
83683,1
83686,0
83687,1
83688,0
83689,0
83692,1
83693,1
83695,1
83697,1
83700,1
83703,1
83705,1
83711,0
83713,1
83714,0
83716,1
83721,1
83722,1
83726,1
83731,1
83735,0
83741,0
83742,0
83747,1
83752,1
83754,0
83755,1
83756,1
83758,0
83768,1
83770,1
83772,1
83773,1
83777,0
83779,1
83787,1
83788,1
83790,0
83791,0
83793,1
83796,0
83799,0
83805,1
83806,1
83809,1
83810,1
83811,1
83813,1
83815,1
83817,1
83819,0
83820,1
83829,1
83830,0
83838,1
83842,1
83848,1
83853,0
83860,0
83861,0
83867,1
83869,1
83874,1
83879,0
83884,0
83889,0
83894,0
83895,0
83897,0
83900,0
83903,0
83904,0
83905,0
83907,1
83908,0
83913,1
83915,0
83917,1
83919,0
83922,1
83923,1
83924,0
83928,1
83929,1
83933,1
83935,0
83940,1
83941,1
83942,1
83949,1
83953,1
83955,6
83956,1
83960,1
83961,1
83969,1
83971,0
83973,1
83978,0
83982,1
83984,0
83988,4
83993,1
83998,1
83999,0
84000,1
84002,1
84003,1
84004,1
84005,0
84007,1
84010,1
84012,1
84017,1
84024,1
84031,1
84033,1
84036,1
84037,0
84040,1
84041,1
84047,1
84049,1
84050,0
84052,0
84057,1
84066,1
84069,1
84070,1
84071,1
84075,1
84077,1
84079,1
84094,1
84097,1
84100,1
84103,0
84105,0
84106,1
84108,0
84115,0
84117,1
84119,1
84120,0
84128,1
84130,0
84131,1
84133,1
84139,1
84140,1
84141,1
84142,1
84146,1
84147,1
84151,1
84155,1
84157,1
84158,0
84167,1
84170,0
84176,1
84178,0
84180,0
84181,1
84192,1
84193,0
84196,0
84197,1
84198,1
84200,0
84201,1
84208,1
84211,1
84214,1
84215,0
84216,1
84218,0
84219,1
84222,1
84228,1
84229,1
84234,1
84237,0
84240,0
84241,1
84244,0
84246,0
84247,1
84249,1
84252,1
84254,1
84258,0
84260,1
84261,1
84266,1
84267,1
84269,1
84275,0
84279,1
84283,0
84285,1
84288,1
84290,1
84291,1
84293,1
84294,1
84295,1
84301,0
84304,0
84305,1
84306,0
84307,1
84308,1
84309,1
84311,1
84312,1
84313,1
84316,1
84317,1
84318,1
84319,0
84321,1
84322,0
84323,1
84330,1
84334,1
84335,1
84336,0
84337,1
84339,1
84340,1
84343,1
84346,1
84353,1
84357,1
84359,1
84361,0
84362,0
84364,1
84367,1
84369,1
84377,0
84382,1
84383,1
84387,0
84389,0
84395,1
84397,0
84399,0
84403,1
84405,0
84408,1
84409,1
84416,1
84419,1
84420,1
84434,1
84437,1
84438,1
84441,0
84444,0
84450,0
84453,0
84457,1
84460,1
84464,1
84469,0
84474,1
84475,1
84482,1
84488,0
84489,1
84491,1
84492,1
84494,0
84501,0
84504,1
84506,1
84507,1
84517,1
84523,0
84524,1
84528,1
84529,1
84536,0
84539,1
84540,0
84543,0
84547,1
84553,0
84554,1
84555,1
84557,1
84558,1
84564,0
84565,1
84568,0
84573,1
84576,1
84584,1
84592,1
84594,0
84595,0
84597,0
84601,1
84602,1
84604,1
84609,1
84610,1
84612,0
84615,1
84617,1
84622,0
84623,0
84629,1
84630,0
84631,1
84636,1
84637,1
84638,0
84640,0
84647,1
84650,1
84653,1
84659,1
84661,1
84662,1
84665,1
84667,1
84669,0
84670,0
84675,1
84676,0
84682,1
84690,1
84692,1
84693,1
84694,1
84695,1
84698,1
84701,1
84704,1
84706,1
84716,1
84721,1
84723,1
84730,1
84731,1
84732,1
84733,1
84734,1
84735,0
84736,1
84737,1
84749,0
84755,6
84759,1
84760,0
84761,0
84764,1
84766,1
84769,1
84771,1
84773,0
84774,0
84775,0
84777,1
84778,1
84779,1
84785,1
84786,0
84788,1
84789,1
84794,0
84797,0
84799,1
84803,0
84805,1
84807,1
84808,1
84812,0
84813,1
84814,1
84815,1
84816,1
84818,1
84821,1
84822,0
84824,0
84827,1
84828,1
84832,1
84835,1
84838,1
84839,1
84841,0
84842,4
84851,0
84854,1
84857,1
84859,1
84863,1
84864,1
84868,1
84870,1
84871,1
84879,0
84881,0
84885,1
84886,1
84887,1
84888,1
84889,1
84890,1
84893,1
84895,1
84896,0
84899,1
84900,0
84903,1
84907,1
84909,6
84911,1
84912,1
84914,1
84917,1
84919,1
84925,0
84929,1
84932,1
84933,1
84939,0
84942,1
84943,0
84944,1
84946,0
84952,1
84955,1
84960,0
84965,0
84966,1
84968,1
84969,1
84970,1
84972,1
84973,1
84977,1
84979,1
84983,1
84988,1
84990,1
84994,1
84995,1
84998,1
85001,1
85005,0
85006,1
85007,1
85012,1
85018,1
85020,0
85026,0
85027,0
85032,0
85033,0
85035,0
85036,1
85037,0
85038,0
85040,1
85041,1
85050,1
85055,1
85056,0
85059,0
85064,1
85069,1
85072,1
85073,1
85082,1
85085,1
85087,1
85088,0
85089,1
85093,1
85111,1
85114,1
85115,1
85117,0
85119,1
85121,1
85122,1
85123,1
85125,0
85126,1
85127,1
85128,1
85131,1
85134,1
85135,1
85137,1
85141,1
85146,1
85147,1
85149,1
85153,1
85158,1
85161,1
85162,0
85163,0
85165,1
85168,1
85169,0
85172,1
85174,0
85176,1
85183,1
85184,1
85185,1
85191,1
85194,1
85195,0
85196,0
85202,0
85203,1
85207,0
85208,1
85210,0
85211,1
85212,1
85215,1
85224,1
85225,1
85229,0
85231,1
85232,1
85238,0
85240,1
85242,1
85244,1
85246,0
85247,0
85248,0
85249,0
85250,1
85251,1
85256,1
85257,0
85263,1
85269,0
85274,1
85280,0
85282,0
85286,0
85295,0
85296,1
85302,1
85303,1
85305,4
85307,0
85308,4
85320,0
85326,1
85329,1
85330,1
85332,1
85336,0
85338,1
85339,1
85340,0
85345,1
85346,1
85348,1
85352,0
85354,1
85357,0
85364,0
85371,1
85374,1
85377,1
85379,1
85383,1
85388,0
85389,1
85392,1
85395,1
85397,0
85399,1
85402,0
85403,0
85406,1
85408,0
85412,1
85413,0
85418,1
85420,1
85421,1
85424,1
85425,1
85426,1
85431,1
85432,0
85433,1
85434,0
85438,1
85440,1
85441,1
85446,0
85447,0
85449,0
85453,0
85462,1
85467,1
85473,0
85476,1
85480,1
85484,0
85487,1
85489,1
85492,1
85494,0
85501,0
85506,1
85507,1
85509,1
85521,1
85524,6
85526,1
85537,1
85538,1
85539,1
85540,1
85545,0
85546,1
85547,1
85549,0
85556,0
85557,0
85562,1
85567,1
85568,1
85569,1
85571,4
85572,0
85574,0
85580,0
85581,1
85583,1
85590,1
85592,1
85595,1
85599,1
85604,1
85607,1
85609,1
85610,1
85615,1
85617,1
85618,1
85619,1
85621,1
85622,0
85623,1
85624,0
85627,1
85628,0
85629,0
85631,1
85632,1
85633,1
85636,1
85639,1
85640,1
85647,1
85649,1
85650,0
85657,1
85662,1
85664,0
85669,1
85670,1
85673,0
85679,1
85682,0
85684,0
85687,1
85688,1
85693,1
85696,1
85697,1
85698,1
85701,1
85702,1
85708,0
85709,0
85710,1
85715,1
85717,1
85718,0
85719,4
85720,1
85722,1
85726,1
85727,1
85728,1
85731,1
85732,1
85733,0
85735,1
85736,1
85739,1
85743,0
85746,0
85749,0
85752,0
85753,1
85757,1
85762,1
85764,1
85766,0
85769,1
85770,1
85771,0
85777,1
85788,4
85790,0
85791,0
85792,1
85796,1
85797,1
85799,1
85800,0
85802,1
85809,0
85810,1
85813,1
85822,0
85823,1
85826,1
85831,0
85835,1
85836,1
85840,1
85843,0
85845,0
85846,1
85847,1
85848,0
85850,0
85852,1
85853,1
85857,0
85862,1
85863,1
85865,1
85868,1
85869,1
85870,1
85872,1
85873,1
85875,1
85876,1
85881,0
85886,1
85887,1
85892,0
85893,1
85898,1
85899,1
85900,1
85902,1
85906,1
85910,0
85913,1
85915,0
85917,0
85918,1
85921,1
85923,1
85927,0
85933,4
85941,1
85945,1
85949,1
85950,1
85952,1
85954,1
85956,0
85960,0
85963,1
85971,1
85974,0
85976,1
85978,1
85981,1
85982,1
85983,1
85984,1
85986,0
85988,0
85989,1
85991,1
85993,1
85999,1
86000,0
86002,1
86003,0
86004,1
86006,1
86007,1
86010,1
86011,1
86013,0
86021,1
86024,1
86026,1
86030,1
86035,0
86038,1
86041,0
86043,1
86047,0
86048,0
86050,1
86051,1
86053,1
86062,0
86064,1
86065,1
86066,0
86067,1
86068,0
86069,1
86071,0
86074,1
86078,0
86079,1
86080,1
86082,1
86085,1
86089,1
86092,6
86093,1
86094,1
86104,0
86107,1
86109,0
86111,1
86112,1
86116,0
86117,1
86120,1
86134,1
86139,1
86146,1
86147,0
86148,1
86149,1
86151,0
86156,0
86157,1
86164,1
86166,1
86170,0
86173,1
86174,1
86178,1
86187,1
86189,1
86192,0
86193,1
86195,1
86197,1
86198,1
86200,1
86202,1
86205,1
86207,1
86208,0
86211,0
86212,0
86221,0
86222,1
86226,1
86231,1
86234,1
86237,0
86240,1
86241,0
86245,0
86249,1
86250,0
86251,1
86255,0
86256,1
86258,0
86260,1
86265,1
86266,1
86267,1
86268,0
86271,1
86272,1
86276,0
86279,1
86282,1
86287,1
86289,1
86291,0
86293,0
86294,1
86295,1
86298,1
86302,0
86303,0
86305,1
86306,0
86311,0
86313,1
86315,1
86317,1
86318,1
86319,1
86321,0
86325,0
86334,1
86337,1
86338,1
86343,1
86344,1
86349,0
86350,1
86352,1
86355,1
86356,1
86357,1
86358,0
86360,1
86366,1
86369,0
86373,1
86374,0
86377,1
86378,0
86380,1
86381,1
86386,0
86388,0
86390,1
86394,1
86396,1
86398,1
86400,1
86404,1
86409,1
86410,1
86413,1
86415,1
86418,1
86420,0
86421,0
86422,0
86423,1
86435,1
86436,1
86438,1
86439,1
86440,0
86441,1
86443,1
86444,1
86445,0
86447,1
86449,0
86451,1
86452,1
86453,0
86454,1
86457,1
86458,1
86462,0
86465,4
86470,1
86471,0
86476,0
86478,1
86479,1
86480,1
86483,1
86484,1
86487,1
86488,1
86490,1
86491,0
86492,1
86494,1
86495,1
86496,1
86498,6
86500,1
86501,1
86504,1
86505,1
86511,1
86512,1
86517,0
86521,1
86522,1
86525,1
86526,1
86527,1
86537,1
86539,6
86540,1
86542,0
86544,1
86548,1
86552,1
86555,1
86556,1
86557,1
86562,1
86565,1
86569,1
86573,1
86574,1
86576,1
86577,1
86583,1
86585,1
86587,1
86589,1
86591,1
86593,1
86595,1
86596,0
86599,0
86602,1
86607,1
86608,0
86614,1
86617,1
86618,0
86619,0
86620,0
86625,1
86626,1
86633,1
86636,1
86647,1
86648,1
86651,0
86656,1
86658,0
86659,1
86661,1
86662,0
86664,0
86665,0
86668,1
86671,1
86673,1
86676,1
86681,1
86682,1
86683,1
86685,1
86692,0
86694,1
86695,1
86697,1
86700,0
86702,1
86703,0
86704,1
86705,1
86706,0
86707,0
86709,1
86710,0
86712,0
86713,1
86716,1
86717,1
86718,1
86724,1
86725,1
86727,1
86730,0
86731,1
86735,0
86737,0
86742,0
86747,1
86748,1
86749,1
86751,0
86752,1
86755,0
86757,1
86760,0
86764,1
86767,1
86769,1
86770,0
86771,1
86775,0
86776,1
86778,0
86779,1
86780,1
86782,0
86786,1
86798,1
86800,1
86803,1
86804,1
86805,0
86807,1
86808,0
86809,0
86811,1
86816,1
86817,1
86818,1
86819,1
86822,1
86824,1
86826,0
86839,0
86847,1
86848,1
86849,1
86850,0
86853,1
86854,1
86858,0
86863,1
86864,1
86867,1
86870,0
86872,1
86873,1
86876,1
86877,1
86882,0
86883,1
86884,1
86885,1
86892,0
86897,1
86903,1
86904,1
86910,1
86913,1
86914,1
86915,1
86916,1
86917,0
86922,1
86924,0
86926,0
86929,0
86930,1
86931,1
86938,1
86940,1
86941,1
86943,1
86945,4
86947,1
86950,0
86953,1
86957,1
86958,1
86964,1
86968,1
86970,1
86971,0
86974,0
86980,1
86983,0
86984,1
86986,4
86987,0
86994,1
86998,1
86999,0
87004,0
87006,0
87009,1
87011,0
87012,1
87013,1
87015,0
87017,1
87018,1
87019,0
87020,1
87027,1
87029,1
87032,1
87034,0
87035,1
87036,1
87041,0
87045,0
87046,0
87050,0
87052,1
87053,1
87055,1
87056,1
87058,1
87062,6
87068,0
87070,0
87071,0
87073,1
87078,0
87081,0
87082,1
87084,0
87085,1
87087,1
87088,1
87089,0
87090,1
87100,1
87103,1
87104,1
87105,1
87109,0
87113,0
87114,1
87116,1
87128,1
87133,1
87135,1
87140,1
87145,1
87147,1
87148,1
87150,1
87152,1
87153,1
87156,0
87158,1
87161,1
87162,0
87165,1
87166,0
87169,1
87170,1
87173,1
87176,1
87179,1
87180,1
87183,1
87186,1
87193,0
87202,1
87205,0
87206,1
87220,0
87222,1
87223,1
87229,1
87232,1
87237,1
87239,1
87240,1
87242,1
87243,1
87244,0
87245,1
87251,1
87252,1
87253,1
87257,1
87263,0
87265,1
87266,1
87268,1
87272,0
87275,1
87279,0
87282,1
87289,1
87294,1
87295,0
87297,1
87305,1
87309,1
87311,0
87313,1
87316,0
87324,0
87325,1
87328,1
87336,1
87339,0
87340,1
87344,0
87357,0
87358,0
87362,0
87365,1
87372,1
87375,0
87377,1
87378,1
87379,0
87382,1
87396,1
87398,1
87402,0
87403,0
87404,0
87405,1
87406,0
87413,0
87414,1
87417,0
87419,6
87421,0
87424,0
87430,1
87433,1
87440,0
87441,1
87444,1
87445,1
87448,1
87453,1
87457,0
87458,1
87462,1
87467,1
87469,1
87472,1
87477,1
87481,0
87485,1
87486,1
87487,1
87489,1
87491,0
87495,1
87503,0
87505,0
87506,1
87509,1
87511,0
87514,1
87516,1
87518,6
87523,1
87524,0
87526,1
87528,1
87529,1
87533,1
87535,1
87540,0
87543,1
87547,0
87548,1
87551,0
87555,0
87556,1
87558,1
87563,0
87564,0
87570,1
87571,1
87572,1
87573,1
87579,1
87585,0
87587,1
87588,1
87589,1
87592,1
87593,1
87594,1
87599,1
87600,1
87601,1
87603,1
87609,1
87610,1
87611,1
87612,1
87615,0
87617,4
87618,1
87619,0
87620,1
87624,1
87626,1
87627,0
87630,1
87635,0
87637,1
87639,1
87640,1
87641,1
87644,0
87647,1
87648,0
87649,1
87654,1
87659,1
87662,1
87664,1
87668,1
87669,1
87673,1
87676,1
87678,1
87679,1
87682,1
87683,0
87684,0
87685,1
87687,1
87689,0
87690,0
87692,1
87693,1
87694,1
87698,1
87699,0
87700,1
87701,1
87704,1
87706,0
87709,1
87711,0
87715,1
87718,1
87719,1
87721,1
87722,0
87725,1
87726,0
87727,1
87728,1
87730,1
87734,1
87744,0
87748,1
87749,1
87751,1
87755,1
87760,1
87762,0
87764,0
87769,0
87778,0
87780,1
87781,1
87782,1
87784,1
87787,1
87788,1
87791,1
87792,1
87808,1
87811,1
87814,1
87815,1
87816,1
87818,1
87821,1
87822,0
87823,0
87824,1
87829,1
87834,1
87836,0
87840,0
87842,1
87849,1
87853,1
87854,0
87856,1
87858,1
87859,1
87860,0
87861,1
87868,1
87875,1
87882,1
87883,1
87887,1
87888,1
87889,1
87893,0
87894,0
87897,1
87898,1
87900,0
87906,0
87907,0
87909,1
87913,1
87914,1
87916,0
87925,1
87926,1
87927,1
87931,1
87934,0
87935,0
87937,0
87945,1
87946,1
87947,0
87951,0
87952,1
87953,1
87954,1
87957,1
87959,0
87964,1
87965,1
87967,1
87971,1
87972,1
87975,0
87981,1
87984,1
87989,0
87994,1
87999,1
88003,1
88005,1
88006,0
88008,1
88010,0
88013,0
88017,1
88019,1
88022,1
88023,1
88027,0
88030,1
88038,1
88039,1
88041,1
88047,1
88049,1
88054,1
88056,1
88059,1
88061,0
88065,0
88068,0
88069,0
88070,1
88071,1
88073,1
88074,1
88075,1
88079,1
88082,0
88083,1
88087,6
88088,0
88089,0
88097,0
88105,1
88107,1
88110,1
88111,1
88116,1
88121,1
88128,1
88132,1
88133,1
88138,0
88139,1
88140,1
88141,0
88143,1
88146,1
88151,1
88152,1
88155,1
88161,1
88162,1
88163,1
88169,1
88173,0
88176,0
88177,1
88179,0
88180,1
88186,1
88187,1
88194,1
88196,1
88197,0
88198,1
88201,1
88204,0
88205,1
88207,0
88212,1
88216,0
88223,0
88225,1
88227,1
88228,0
88231,1
88234,1
88237,0
88240,1
88242,1
88243,0
88250,1
88251,1
88255,1
88258,0
88259,1
88260,1
88261,1
88263,0
88264,1
88273,0
88274,0
88275,1
88276,1
88278,1
88280,0
88285,0
88290,1
88295,1
88296,1
88300,1
88304,1
88306,1
88307,0
88314,0
88315,1
88320,0
88321,0
88323,0
88326,1
88327,1
88331,0
88332,1
88339,1
88340,1
88343,0
88352,1
88354,1
88357,0
88360,1
88361,1
88362,1
88363,1
88364,0
88366,1
88369,0
88370,0
88372,1
88377,0
88380,1
88384,1
88386,1
88387,1
88388,0
88390,1
88395,0
88399,1
88407,0
88409,1
88414,1
88417,0
88418,1
88419,1
88420,0
88422,0
88427,1
88428,1
88430,1
88431,1
88437,1
88439,1
88442,1
88443,1
88450,1
88453,1
88454,1
88457,1
88458,0
88459,0
88462,1
88463,6
88465,0
88469,1
88471,1
88476,1
88477,0
88487,1
88488,1
88490,1
88491,1
88493,1
88495,0
88513,1
88515,1
88516,1
88519,1
88521,1
88523,1
88525,0
88530,0
88536,1
88543,1
88544,0
88546,0
88548,1
88549,1
88551,1
88556,1
88558,1
88561,1
88563,0
88565,1
88566,1
88571,1
88575,0
88577,1
88578,1
88580,0
88586,0
88588,0
88591,0
88592,1
88593,1
88595,1
88596,1
88597,1
88608,1
88610,1
88613,1
88615,0
88616,1
88621,0
88622,1
88627,1
88631,0
88633,1
88634,0
88637,1
88640,0
88642,1
88644,1
88646,0
88648,0
88649,0
88654,0
88658,1
88659,1
88661,1
88662,0
88672,1
88676,1
88678,1
88681,1
88684,0
88686,1
88687,1
88688,0
88692,1
88695,0
88696,1
88701,1
88702,0
88703,1
88704,1
88706,1
88708,1
88712,0
88721,1
88723,1
88724,0
88725,1
88726,1
88729,1
88732,1
88734,1
88736,1
88739,1
88740,1
88741,1
88742,1
88747,1
88749,1
88751,1
88756,0
88763,1
88767,1
88770,1
88771,1
88772,1
88779,0
88780,1
88784,0
88785,1
88791,0
88792,1
88793,1
88795,1
88798,0
88801,1
88803,1
88808,1
88809,1
88819,1
88822,0
88823,0
88827,1
88828,1
88831,0
88835,1
88839,1
88841,1
88843,1
88846,1
88852,1
88853,0
88858,1
88859,1
88860,1
88869,0
88871,1
88876,1
88877,1
88878,1
88881,0
88883,0
88885,0
88892,0
88895,0
88899,1
88903,0
88906,1
88907,1
88910,1
88912,1
88917,1
88919,1
88920,1
88921,1
88922,1
88927,4
88928,1
88929,0
88931,1
88936,1
88938,1
88939,1
88943,1
88944,0
88945,1
88946,1
88947,0
88948,1
88950,1
88952,1
88953,1
88954,0
88960,6
88961,1
88965,1
88966,0
88967,1
88968,1
88974,1
88977,1
88978,0
88984,1
88987,1
88990,1
88998,1
88999,0
89004,1
89005,6
89006,0
89007,1
89012,1
89013,0
89014,1
89015,1
89020,0
89029,1
89033,1
89034,1
89035,0
89036,0
89037,0
89038,0
89039,1
89046,0
89047,6
89051,1
89052,1
89053,1
89061,1
89062,0
89065,1
89066,1
89067,0
89071,1
89074,0
89076,0
89079,1
89087,1
89088,1
89089,1
89090,0
89091,1
89100,1
89101,1
89104,0
89108,1
89109,1
89111,0
89113,0
89115,1
89117,1
89118,1
89123,1
89125,1
89127,1
89131,0
89132,1
89133,1
89137,1
89138,1
89141,1
89142,0
89146,0
89147,1
89148,1
89149,1
89150,1
89152,1
89155,0
89160,0
89170,1
89172,1
89178,1
89183,1
89185,0
89194,1
89195,1
89200,0
89202,1
89205,4
89212,1
89213,1
89218,0
89219,1
89220,1
89223,0
89224,1
89227,1
89230,1
89233,1
89234,1
89236,1
89239,0
89240,0
89243,0
89245,1
89249,1
89250,1
89251,1
89253,6
89256,0
89258,1
89267,1
89268,0
89270,1
89273,1
89276,1
89279,1
89280,1
89281,1
89282,1
89285,1
89288,1
89289,1
89295,1
89296,1
89297,0
89302,0
89306,1
89307,1
89309,1
89310,1
89313,1
89315,0
89317,1
89319,1
89324,1
89328,0
89331,1
89333,0
89334,1
89335,1
89337,1
89338,1
89339,0
89342,0
89345,1
89347,1
89348,1
89349,1
89351,0
89356,1
89357,1
89358,1
89359,0
89360,1
89369,1
89377,1
89378,0
89383,1
89384,1
89387,1
89389,1
89390,1
89392,1
89393,1
89396,1
89397,0
89399,0
89401,1
89403,1
89406,1
89408,0
89409,0
89411,0
89412,1
89415,0
89416,0
89420,1
89423,0
89425,1
89427,1
89428,1
89429,0
89430,1
89434,0
89435,1
89437,0
89444,0
89445,0
89448,1
89449,4
89456,1
89457,1
89458,1
89459,0
89460,1
89461,0
89462,1
89464,0
89466,1
89468,0
89478,1
89479,1
89486,1
89487,0
89488,0
89490,1
89491,0
89496,0
89503,0
89504,1
89507,1
89508,0
89511,1
89516,1
89518,1
89520,1
89521,0
89522,1
89524,0
89535,0
89537,1
89540,1
89542,1
89544,1
89547,1
89549,1
89551,1
89552,1
89561,0
89568,1
89569,1
89574,1
89577,0
89578,1
89580,1
89583,1
89584,0
89585,0
89589,1
89590,1
89591,1
89592,1
89597,0
89598,1
89600,0
89603,1
89605,1
89606,0
89607,0
89612,0
89614,0
89617,1
89621,1
89622,1
89623,1
89625,1
89627,0
89630,1
89632,1
89634,0
89635,1
89636,1
89641,1
89642,0
89646,1
89650,0
89656,0
89658,1
89659,1
89663,1
89664,1
89665,0
89666,0
89669,1
89670,1
89671,1
89672,1
89673,1
89679,1
89680,0
89681,1
89683,0
89686,1
89688,1
89696,1
89704,0
89705,1
89706,1
89710,1
89717,1
89718,1
89721,0
89722,1
89723,1
89724,1
89726,1
89728,1
89729,1
89731,1
89733,0
89735,1
89739,0
89743,1
89745,6
89746,0
89749,1
89755,0
89756,0
89759,1
89761,0
89762,1
89765,1
89767,1
89768,1
89769,0
89775,1
89778,1
89779,1
89780,0
89781,1
89788,1
89791,0
89792,0
89793,1
89794,0
89795,1
89796,0
89799,1
89800,1
89802,1
89807,1
89820,1
89822,1
89824,0
89827,1
89828,1
89829,0
89838,0
89840,1
89841,0
89842,1
89844,1
89845,1
89848,0
89850,0
89851,0
89852,1
89853,1
89858,1
89860,0
89863,0
89868,0
89870,1
89876,1
89877,1
89881,1
89883,4
89886,1
89888,1
89889,1
89890,0
89893,1
89895,1
89896,1
89901,1
89902,1
89903,1
89904,1
89910,1
89912,1
89914,1
89918,0
89919,0
89923,0
89928,1
89929,1
89931,0
89935,0
89938,1
89944,1
89946,1
89948,0
89952,0
89953,1
89958,6
89962,1
89972,1
89980,1
89981,1
89982,0
89983,1
89985,0
89986,1
89988,1
89990,1
89991,1
89992,0
89994,1
89995,1
89997,1
89998,0
90001,1
90002,1
90003,1
90004,1
90005,0
90006,0
90010,0
90011,1
90012,1
90015,1
90016,0
90025,1
90026,0
90030,1
90033,0
90037,0
90040,0
90042,1
90045,1
90046,0
90047,0
90048,1
90049,0
90054,1
90060,1
90062,0
90067,1
90072,1
90073,1
90076,1
90077,1
90078,1
90080,1
90081,0
90083,1
90085,1
90089,0
90091,1
90093,1
90098,1
90100,1
90102,1
90106,1
90110,0
90111,1
90115,1
90129,0
90131,1
90136,1
90140,1
90145,0
90146,0
90148,0
90151,1
90152,0
90153,1
90156,1
90162,1
90167,1
90168,0
90169,0
90170,0
90171,1
90174,1
90186,1
90187,0
90188,1
90192,0
90197,1
90200,1
90204,1
90207,1
90208,1
90212,1
90213,1
90214,1
90215,1
90218,1
90220,1
90225,0
90226,0
90228,1
90231,1
90234,0
90236,1
90238,0
90245,1
90247,0
90253,1
90260,0
90262,1
90263,0
90268,1
90271,1
90272,1
90275,1
90277,0
90279,1
90283,1
90287,1
90292,0
90294,1
90295,1
90300,1
90304,1
90307,0
90313,1
90314,1
90316,1
90317,1
90319,6
90326,1
90329,1
90336,1
90342,0
90343,1
90344,0
90348,1
90352,0
90353,1
90354,0
90355,1
90356,1
90357,1
90358,1
90360,0
90361,1
90364,0
90365,0
90368,0
90371,0
90373,0
90374,0
90375,0
90382,0
90388,1
90389,1
90391,0
90392,1
90394,0
90397,1
90399,0
90400,1
90401,1
90406,0
90407,0
90408,1
90409,0
90410,1
90414,0
90418,1
90419,1
90420,1
90424,1
90432,1
90435,0
90437,0
90441,0
90444,0
90445,0
90453,1
90455,0
90460,1
90462,0
90467,1
90468,0
90471,1
90473,0
90476,1
90483,1
90487,1
90488,1
90489,1
90491,0
90493,1
90494,0
90502,1
90504,1
90507,0
90512,1
90513,0
90516,0
90521,0
90523,1
90525,0
90526,1
90533,1
90535,1
90536,1
90538,1
90539,1
90546,0
90549,1
90550,0
90553,1
90555,0
90559,1
90560,1
90562,1
90566,1
90568,1
90571,0
90575,0
90581,1
90583,1
90585,1
90586,1
90587,1
90588,1
90596,1
90599,0
90600,1
90601,1
90605,1
90607,1
90609,1
90610,0
90614,1
90615,0
90616,1
90617,1
90619,1
90623,1
90626,1
90627,0
90629,1
90641,0
90642,1
90646,1
90647,1
90651,0
90652,1
90653,0
90654,0
90655,0
90657,0
90658,1
90659,1
90667,0
90668,1
90671,1
90677,1
90679,1
90684,1
90689,1
90691,1
90692,1
90694,1
90695,0
90699,0
90703,0
90704,1
90713,0
90714,1
90716,1
90718,0
90719,1
90720,1
90722,0
90723,1
90729,1
90731,1
90735,1
90737,1
90740,1
90741,1
90746,0
90749,0
90752,0
90754,1
90756,0
90757,1
90759,0
90762,1
90763,1
90768,1
90769,1
90771,1
90773,1
90775,0
90781,1
90782,1
90789,0
90791,1
90794,1
90801,1
90807,0
90810,6
90814,0
90815,1
90822,0
90827,1
90828,0
90829,1
90833,0
90837,1
90838,0
90842,0
90846,1
90847,1
90848,0
90850,1
90852,1
90860,1
90861,1
90865,1
90866,1
90867,1
90868,0
90869,1
90871,0
90876,1
90878,1
90879,0
90881,1
90884,1
90885,0
90888,1
90891,1
90892,1
90893,1
90895,0
90898,1
90901,0
90904,0
90905,0
90908,1
90910,1
90916,1
90918,1
90920,0
90921,1
90923,0
90925,1
90927,1
90928,1
90934,0
90935,0
90936,1
90938,1
90939,1
90941,0
90942,1
90944,1
90945,0
90946,0
90947,1
90949,1
90952,1
90954,0
90959,0
90962,1
90968,1
90970,1
90971,1
90974,1
90975,1
90980,0
90982,1
90984,1
90986,1
90988,1
90989,0
90990,1
90991,1
90993,1
90994,1
90995,1
91002,1
91004,1
91007,0
91013,1
91023,1
91028,1
91037,0
91038,1
91039,1
91041,1
91043,1
91049,1
91051,1
91052,0
91053,1
91054,0
91061,1
91063,0
91064,1
91066,0
91069,0
91070,1
91072,0
91073,0
91076,1
91078,1
91080,1
91085,1
91087,0
91089,1
91090,0
91094,0
91096,1
91098,0
91099,0
91101,0
91102,0
91103,1
91104,1
91107,0
91115,1
91119,1
91120,0
91121,0
91122,1
91124,1
91126,1
91129,1
91130,0
91134,1
91136,0
91143,1
91144,4
91145,1
91147,1
91150,1
91153,1
91156,1
91158,1
91160,1
91162,1
91164,1
91166,1
91168,1
91169,1
91172,0
91174,0
91175,0
91176,0
91178,1
91179,1
91181,1
91182,1
91183,0
91185,1
91186,1
91194,1
91195,1
91198,1
91200,0
91209,1
91210,1
91215,0
91217,1
91219,1
91226,1
91227,1
91230,1
91231,1
91236,1
91237,1
91241,1
91242,0
91244,1
91246,1
91248,0
91253,0
91261,1
91262,0
91263,0
91265,1
91268,1
91269,1
91279,1
91281,0
91289,1
91290,1
91292,0
91304,1
91305,1
91308,1
91309,1
91310,0
91312,1
91315,1
91316,1
91320,1
91322,1
91323,1
91324,1
91326,1
91330,1
91332,0
91334,1
91337,0
91338,1
91340,1
91341,1
91342,0
91348,1
91349,1
91350,1
91353,1
91357,1
91358,1
91359,0
91360,0
91361,1
91366,1
91367,1
91373,0
91374,1
91376,1
91378,1
91382,0
91383,1
91386,0
91388,0
91390,1
91397,0
91401,0
91403,1
91404,0
91406,1
91409,1
91412,1
91413,1
91415,1
91416,1
91417,1
91419,1
91424,1
91425,1
91433,0
91434,0
91435,1
91439,0
91440,0
91443,1
91444,0
91445,1
91454,1
91456,1
91458,0
91462,1
91464,1
91465,1
91467,0
91471,1
91473,0
91476,1
91480,1
91483,1
91485,1
91486,1
91489,0
91490,1
91491,1
91492,1
91493,1
91497,0
91499,1
91500,1
91501,1
91504,1
91505,1
91509,1
91511,0
91512,1
91513,0
91517,1
91530,1
91532,1
91536,0
91539,1
91549,1
91551,0
91552,1
91556,1
91569,1
91570,0
91572,1
91573,1
91575,1
91578,1
91584,1
91588,1
91590,0
91592,1
91598,1
91599,1
91600,1
91601,1
91604,1
91608,1
91609,1
91612,1
91615,0
91620,1
91621,1
91622,0
91623,1
91629,0
91631,1
91636,0
91646,1
91647,1
91649,0
91651,1
91652,1
91657,1
91664,1
91666,1
91671,1
91672,1
91675,0
91677,0
91679,1
91681,0
91682,1
91689,1
91690,1
91693,1
91695,1
91701,0
91703,1
91705,1
91706,1
91707,1
91708,0
91709,0
91716,1
91717,1
91722,1
91723,1
91724,1
91728,0
91729,0
91730,0
91734,1
91743,1
91745,1
91748,0
91749,0
91751,1
91752,0
91753,0
91755,0
91757,1
91768,1
91771,1
91772,0
91775,0
91776,1
91780,1
91781,0
91785,1
91787,1
91788,0
91792,0
91793,1
91794,1
91797,1
91798,1
91800,1
91801,0
91803,1
91807,1
91809,1
91810,1
91812,1
91814,0
91820,1
91822,1
91827,1
91829,1
91833,1
91834,0
91835,1
91836,1
91841,1
91848,1
91851,0
91853,0
91855,1
91862,1
91863,1
91870,1
91875,1
91877,1
91880,1
91885,1
91886,1
91890,1
91893,1
91897,1
91898,0
91907,1
91914,1
91915,1
91922,1
91924,1
91927,0
91931,0
91933,0
91934,1
91937,1
91938,1
91940,1
91944,1
91947,1
91948,0
91954,0
91960,1
91961,1
91963,1
91967,1
91969,1
91972,0
91973,1
91975,1
91980,1
91981,2
91982,1
91984,1
91988,0
91989,0
91994,1
91995,1
91997,1
91999,0
92000,1
92001,1
92003,1
92006,0
92007,1
92014,0
92019,1
92021,0
92023,1
92027,0
92028,1
92029,1
92030,0
92033,1
92035,1
92038,1
92039,1
92040,0
92044,1
92047,1
92048,0
92049,1
92050,0
92051,1
92053,1
92054,1
92057,1
92061,1
92062,0
92063,1
92068,1
92071,1
92072,1
92075,1
92077,0
92078,1
92083,1
92084,1
92086,1
92088,0
92089,0
92090,1
92091,1
92093,0
92099,0
92101,0
92102,1
92103,1
92112,0
92113,0
92115,1
92117,1
92123,1
92132,1
92136,1
92137,0
92138,1
92141,1
92145,1
92149,1
92154,0
92155,0
92160,1
92161,0
92164,1
92165,0
92170,1
92174,0
92176,1
92178,1
92179,1
92181,1
92182,0
92184,1
92185,1
92186,0
92188,1
92189,1
92190,0
92194,0
92195,0
92196,1
92197,0
92199,0
92200,0
92204,0
92207,1
92208,0
92210,1
92213,0
92214,1
92219,0
92221,1
92225,0
92229,0
92230,0
92234,1
92236,1
92237,1
92238,0
92242,0
92246,1
92247,0
92250,1
92251,0
92257,1
92259,0
92268,1
92270,1
92276,1
92277,1
92278,1
92279,1
92284,0
92285,0
92286,1
92289,1
92292,1
92294,1
92296,1
92297,1
92299,1
92303,1
92306,1
92307,1
92310,1
92311,1
92313,0
92330,0
92334,0
92335,1
92337,1
92341,1
92344,1
92345,1
92346,1
92348,1
92351,0
92352,1
92356,1
92357,1
92361,0
92368,1
92369,1
92371,1
92378,6
92380,0
92381,1
92392,1
92395,1
92397,0
92401,1
92402,1
92403,0
92406,0
92407,0
92414,1
92418,1
92420,1
92421,1
92422,1
92424,1
92426,1
92427,1
92428,1
92430,0
92432,0
92433,1
92435,0
92436,1
92439,1
92440,1
92452,0
92455,1
92457,1
92459,1
92466,1
92468,1
92469,0
92471,1
92473,1
92476,1
92479,1
92481,0
92482,1
92484,1
92487,1
92488,6
92490,0
92491,0
92493,1
92495,1
92501,0
92506,1
92508,1
92509,0
92510,1
92511,0
92512,1
92517,0
92518,1
92526,0
92528,0
92531,1
92532,0
92538,0
92545,1
92547,0
92551,1
92552,1
92553,1
92557,0
92563,1
92565,0
92571,1
92572,1
92574,0
92576,1
92577,1
92579,0
92580,1
92583,1
92588,0
92590,0
92599,1
92600,1
92605,1
92607,0
92609,0
92611,1
92612,0
92613,1
92616,1
92619,0
92621,1
92623,0
92626,1
92627,0
92628,1
92632,1
92633,0
92637,1
92638,1
92639,0
92643,1
92645,0
92649,0
92650,1
92652,0
92656,0
92658,1
92665,0
92667,1
92670,0
92671,1
92672,0
92674,1
92678,1
92681,1
92683,1
92685,0
92691,1
92699,1
92705,1
92710,1
92712,0
92713,1
92719,0
92720,0
92722,0
92724,1
92725,0
92726,1
92730,1
92733,1
92738,0
92739,1
92740,1
92743,0
92744,0
92746,1
92748,1
92751,1
92755,1
92759,0
92760,0
92761,0
92766,1
92768,0
92770,1
92772,1
92775,1
92778,1
92781,1
92782,1
92787,0
92788,0
92790,0
92793,0
92795,1
92796,1
92797,1
92800,1
92803,1
92806,1
92809,1
92810,0
92811,1
92815,1
92816,0
92819,1
92820,0
92821,1
92828,1
92829,1
92831,0
92834,1
92838,1
92839,1
92841,1
92842,1
92843,0
92844,6
92848,0
92852,1
92853,0
92856,0
92859,0
92868,0
92871,1
92872,0
92874,1
92876,0
92877,1
92879,1
92882,0
92884,0
92889,0
92892,0
92894,1
92895,0
92898,0
92899,1
92900,0
92901,0
92902,1
92910,1
92911,1
92920,1
92922,1
92924,0
92928,0
92932,0
92934,1
92940,1
92941,1
92942,0
92943,1
92944,1
92946,1
92948,1
92950,1
92952,1
92957,1
92964,0
92967,1
92969,1
92970,1
92977,1
92979,1
92981,1
92982,1
92983,1
92986,0
92989,1
92990,0
92994,0
92996,1
93000,0
93003,1
93009,1
93010,1
93011,1
93013,1
93017,1
93018,1
93021,1
93023,0
93027,1
93033,1
93037,1
93045,1
93047,1
93048,1
93053,1
93054,1
93058,1
93062,1
93063,1
93066,1
93069,1
93075,1
93078,1
93079,0
93080,0
93081,0
93084,1
93087,1
93092,0
93093,0
93094,1
93095,0
93098,0
93101,1
93102,1
93104,0
93106,0
93111,0
93114,1
93119,0
93120,1
93123,1
93127,1
93129,0
93130,1
93137,1
93140,1
93143,1
93152,1
93156,1
93159,1
93161,1
93162,0
93166,1
93167,0
93170,1
93171,1
93172,1
93176,1
93185,1
93191,1
93192,1
93197,1
93200,1
93201,1
93202,1
93208,1
93214,1
93219,1
93221,1
93226,0
93227,1
93229,0
93232,0
93234,1
93235,1
93242,1
93243,0
93245,1
93246,1
93248,0
93249,1
93251,1
93252,1
93253,1
93254,0
93257,1
93258,0
93260,1
93268,1
93280,1
93282,0
93283,0
93288,1
93289,0
93290,1
93292,1
93296,0
93297,1
93311,1
93312,1
93313,1
93315,1
93319,1
93320,1
93321,1
93322,1
93323,0
93329,1
93330,1
93336,1
93338,1
93341,1
93344,0
93345,0
93349,1
93350,0
93353,0
93356,1
93357,0
93359,1
93364,1
93366,1
93368,1
93371,1
93373,1
93374,1
93377,1
93381,1
93382,1
93387,1
93389,1
93390,1
93392,0
93394,1
93396,1
93398,1
93403,1
93404,1
93408,1
93412,1
93415,1
93416,1
93417,0
93421,0
93428,1
93430,1
93431,6
93434,1
93443,1
93446,0
93447,0
93451,1
93452,1
93454,1
93455,0
93456,1
93458,1
93461,1
93463,0
93464,1
93465,0
93466,1
93467,0
93468,1
93469,1
93471,1
93473,1
93482,1
93483,0
93491,0
93492,1
93493,1
93499,1
93500,0
93501,0
93502,0
93514,1
93516,0
93518,1
93520,1
93521,1
93522,0
93523,0
93524,0
93531,0
93534,1
93537,1
93539,1
93540,0
93541,0
93544,1
93550,1
93554,0
93556,1
93557,1
93563,1
93566,0
93567,1
93568,1
93572,1
93573,1
93575,0
93577,1
93580,0
93582,1
93585,1
93586,0
93587,0
93591,0
93593,0
93594,0
93595,1
93597,0
93598,0
93599,0
93601,1
93603,1
93607,1
93611,0
93612,0
93614,1
93620,1
93622,1
93626,1
93627,1
93631,1
93632,1
93635,0
93639,1
93640,1
93644,0
93647,1
93649,1
93650,1
93655,1
93656,1
93661,1
93663,1
93665,0
93668,0
93669,0
93672,0
93673,1
93674,1
93675,1
93681,1
93682,1
93683,1
93686,1
93687,0
93689,1
93690,1
93691,1
93698,1
93701,0
93714,1
93715,1
93718,1
93719,1
93721,1
93723,0
93724,1
93725,1
93726,1
93729,1
93730,1
93744,1
93746,1
93748,1
93752,1
93754,1
93756,1
93759,0
93763,0
93764,0
93771,4
93773,1
93779,0
93781,1
93786,1
93787,0
93788,0
93791,1
93793,1
93796,1
93797,0
93798,1
93807,1
93814,0
93816,1
93822,1
93824,1
93828,1
93829,1
93830,1
93831,1
93834,1
93838,0
93839,1
93841,1
93842,1
93846,1
93848,0
93849,1
93852,0
93853,1
93857,1
93861,1
93868,1
93877,1
93881,1
93884,0
93886,1
93888,1
93891,0
93892,0
93901,1
93902,1
93903,1
93904,0
93908,1
93912,1
93914,1
93917,1
93918,0
93923,1
93926,1
93928,1
93930,1
93939,0
93941,1
93942,1
93943,1
93951,1
93953,1
93957,0
93975,1
93976,1
93977,0
93980,0
93982,1
93988,1
93989,0
93990,1
93991,1
93992,0
93993,1
93995,1
93998,1
93999,1
94002,1
94005,0
94007,1
94010,1
94012,0
94013,1
94018,1
94020,1
94022,1
94027,1
94028,1
94030,0
94035,1
94039,1
94040,0
94042,1
94043,1
94044,1
94051,1
94055,0
94056,1
94057,1
94068,0
94070,1
94077,1
94084,1
94088,1
94094,0
94099,1
94101,1
94115,0
94117,1
94121,0
94123,1
94130,0
94131,0
94133,1
94135,1
94137,1
94139,1
94141,0
94143,0
94148,1
94151,1
94154,1
94157,1
94159,1
94160,1
94162,1
94165,1
94169,0
94171,0
94173,1
94176,0
94178,1
94179,0
94187,1
94190,1
94195,0
94196,1
94197,1
94202,1
94203,0
94204,1
94210,1
94213,1
94218,1
94219,1
94220,1
94223,0
94224,1
94229,0
94230,0
94237,0
94238,1
94240,0
94241,0
94243,1
94244,1
94253,0
94254,1
94255,1
94258,1
94261,1
94263,1
94267,1
94269,1
94270,0
94272,0
94273,1
94274,1
94281,0
94283,1
94284,0
94286,0
94289,0
94295,0
94296,0
94304,1
94314,1
94316,1
94318,1
94319,1
94320,1
94321,1
94322,1
94324,0
94327,1
94331,1
94340,1
94347,1
94348,1
94349,0
94350,1
94358,1
94359,0
94363,1
94365,1
94366,1
94368,0
94369,0
94371,1
94372,1
94377,0
94383,1
94386,1
94388,1
94389,1
94391,0
94392,1
94394,0
94395,1
94397,0
94398,0
94401,0
94406,0
94407,0
94410,1
94411,0
94418,1
94426,1
94433,1
94440,1
94444,0
94448,0
94452,1
94454,1
94467,6
94468,1
94469,1
94478,1
94482,1
94483,0
94495,1
94496,1
94499,1
94500,1
94501,0
94505,0
94507,1
94509,1
94518,1
94520,6
94521,1
94527,0
94528,1
94531,1
94532,1
94535,1
94536,1
94537,1
94540,1
94549,1
94551,1
94552,0
94553,0
94554,1
94558,1
94563,1
94564,1
94569,1
94571,0
94572,1
94574,1
94576,6
94583,1
94584,1
94589,1
94591,1
94597,0
94602,0
94603,1
94605,1
94609,1
94610,1
94611,0
94613,1
94614,1
94617,1
94620,1
94629,0
94631,1
94633,1
94634,1
94635,1
94636,0
94640,1
94641,1
94643,0
94645,1
94655,1
94657,1
94658,1
94659,0
94666,0
94667,0
94668,1
94669,0
94670,1
94677,0
94679,1
94683,1
94684,0
94688,0
94696,1
94700,0
94701,1
94703,1
94706,1
94708,1
94713,1
94714,0
94719,1
94720,0
94722,1
94723,1
94727,1
94730,1
94732,0
94735,1
94740,1
94744,1
94745,1
94751,1
94752,1
94753,0
94756,0
94759,0
94761,0
94762,0
94766,0
94771,1
94772,1
94773,0
94776,1
94777,1
94783,0
94785,1
94787,0
94788,1
94795,1
94796,0
94799,1
94802,1
94808,1
94812,1
94816,0
94823,1
94825,1
94826,1
94837,1
94840,0
94843,1
94847,0
94848,1
94854,1
94860,1
94864,0
94870,0
94872,1
94880,1
94881,1
94888,1
94890,1
94891,0
94896,0
94900,1
94901,1
94905,0
94907,0
94918,1
94919,0
94922,1
94925,1
94932,1
94933,1
94935,0
94936,0
94937,0
94941,1
94942,1
94947,0
94948,1
94950,1
94958,0
94961,1
94962,0
94965,1
94968,1
94969,0
94971,1
94978,1
94979,1
94984,0
94985,1
94986,0
94988,0
94993,0
95007,1
95008,1
95009,0
95012,1
95016,1
95017,1
95020,0
95024,1
95025,0
95032,1
95035,0
95040,0
95044,1
95046,0
95052,0
95053,1
95055,0
95056,0
95057,0
95059,0
95068,0
95073,1
95075,1
95076,1
95079,1
95080,0
95083,0
95095,1
95111,0
95113,0
95116,1
95118,0
95120,0
95123,1
95129,1
95132,1
95134,0
95135,1
95138,1
95139,1
95143,1
95152,1
95153,1
95154,1
95160,0
95162,0
95164,0
95166,1
95167,0
95168,1
95169,1
95174,1
95175,1
95179,1
95181,1
95182,1
95188,1
95189,1
95191,1
95194,1
95196,1
95199,0
95202,1
95204,1
95206,1
95208,0
95209,0
95210,1
95214,0
95217,0
95221,0
95222,1
95225,1
95226,0
95228,1
95230,1
95232,1
95239,1
95241,0
95244,0
95246,0
95250,1
95257,1
95260,1
95265,0
95267,0
95268,1
95270,1
95276,0
95278,1
95282,1
95286,1
95287,0
95291,1
95292,0
95293,1
95296,1
95297,0
95299,1
95307,1
95310,1
95312,1
95314,0
95315,1
95316,0
95323,0
95324,0
95325,1
95329,1
95331,1
95332,0
95333,0
95337,0
95338,1
95340,1
95345,0
95349,1
95353,1
95355,0
95357,0
95359,1
95364,0
95368,1
95369,1
95371,1
95372,1
95381,1
95382,1
95386,0
95389,1
95391,0
95393,0
95394,1
95395,0
95396,0
95397,0
95401,1
95402,1
95404,1
95406,1
95408,1
95409,1
95412,0
95414,0
95416,0
95420,0
95423,1
95429,1
95431,0
95432,1
95433,1
95434,0
95439,1
95440,1
95441,1
95446,1
95449,0
95451,0
95453,0
95459,1
95462,1
95469,1
95470,1
95473,0
95476,1
95477,1
95481,0
95482,1
95486,0
95489,1
95490,1
95492,1
95494,1
95495,1
95496,0
95498,1
95500,0
95501,0
95503,1
95504,1
95505,1
95506,0
95508,0
95512,1
95515,1
95517,1
95521,1
95524,1
95526,1
95527,1
95530,1
95531,1
95532,1
95535,1
95537,1
95539,0
95544,6
95545,0
95551,1
95552,1
95554,1
95556,1
95558,1
95559,1
95561,1
95562,1
95565,1
95568,0
95569,1
95570,1
95572,0
95574,1
95576,1
95577,1
95578,1
95581,1
95582,0
95587,1
95589,1
95590,0
95591,0
95592,1
95596,1
95598,0
95602,0
95603,0
95605,0
95607,1
95613,0
95614,0
95616,1
95619,1
95635,1
95642,0
95645,0
95656,1
95671,0
95673,1
95675,1
95676,1
95683,1
95684,1
95687,1
95688,0
95692,1
95698,0
95701,1
95702,0
95706,1
95707,1
95709,1
95714,0
95715,0
95716,1
95718,1
95720,1
95722,1
95725,1
95726,0
95732,1
95734,0
95735,1
95736,1
95738,0
95741,1
95747,0
95749,0
95750,0
95752,1
95753,1
95754,1
95756,1
95760,0
95761,1
95769,1
95771,1
95773,0
95775,1
95776,1
95777,0
95783,0
95786,1
95792,0
95793,0
95795,0
95796,0
95799,0
95801,1
95803,0
95807,1
95808,1
95809,1
95812,1
95816,0
95819,1
95825,0
95826,0
95827,1
95837,0
95838,1
95842,1
95843,1
95845,1
95849,1
95851,1
95856,1
95858,0
95859,1
95862,0
95863,0
95864,0
95865,0
95870,0
95872,1
95873,1
95874,0
95876,1
95878,1
95883,1
95891,1
95892,1
95894,1
95896,1
95897,1
95898,0
95900,0
95902,1
95905,0
95906,1
95908,1
95909,1
95910,1
95913,1
95914,0
95915,0
95918,1
95919,1
95921,1
95922,1
95923,0
95925,1
95926,1
95927,1
95928,1
95929,1
95939,1
95940,1
95946,0
95948,0
95959,0
95964,0
95967,1
95969,1
95970,1
95971,0
95973,0
95974,1
95976,1
95977,1
95979,1
95980,0
95982,1
95984,0
95990,1
95997,1
96000,1
96001,0
96002,1
96006,1
96011,1
96014,0
96015,1
96016,1
96018,1
96019,0
96020,1
96024,1
96029,1
96031,1
96037,1
96048,0
96049,0
96050,1
96052,1
96054,1
96055,1
96056,0
96058,1
96065,1
96066,1
96071,1
96075,0
96077,1
96079,0
96082,1
96083,1
96084,0
96086,1
96091,0
96092,2
96097,0
96099,1
96108,0
96109,1
96110,1
96111,0
96114,1
96119,0
96120,1
96122,1
96124,0
96126,0
96127,1
96129,1
96130,0
96138,0
96139,0
96142,1
96143,1
96144,1
96147,1
96148,1
96149,1
96150,1
96153,1
96156,1
96157,1
96158,0
96160,1
96166,1
96171,1
96173,0
96176,1
96181,1
96182,1
96183,1
96184,0
96185,0
96186,1
96187,1
96191,1
96197,1
96200,1
96201,1
96207,1
96208,0
96210,0
96213,1
96214,0
96216,1
96217,1
96219,0
96220,0
96224,0
96229,0
96230,1
96231,1
96232,1
96238,0
96243,1
96247,1
96253,1
96254,1
96259,1
96268,0
96270,1
96271,1
96276,1
96277,1
96279,0
96283,1
96286,0
96291,0
96297,0
96299,1
96300,1
96301,1
96302,1
96303,1
96304,0
96309,0
96310,1
96311,1
96313,1
96314,1
96316,1
96317,0
96318,1
96321,1
96323,0
96327,1
96329,1
96336,1
96337,0
96338,1
96342,1
96346,1
96348,1
96349,0
96351,0
96352,1
96353,1
96354,0
96357,1
96360,1
96362,1
96363,0
96364,0
96368,0
96369,0
96374,1
96375,0
96376,0
96383,0
96385,0
96393,1
96394,1
96403,1
96404,1
96412,0
96413,1
96415,1
96421,1
96423,1
96425,1
96427,1
96431,1
96434,0
96435,1
96442,1
96443,0
96447,1
96448,1
96450,1
96451,0
96452,1
96454,1
96464,1
96465,1
96466,0
96469,1
96470,1
96471,1
96474,0
96482,1
96491,1
96493,1
96494,1
96495,0
96496,0
96497,1
96501,1
96505,1
96509,1
96511,0
96514,1
96520,1
96521,1
96523,1
96524,0
96525,1
96526,1
96529,0
96531,1
96534,1
96537,0
96538,0
96539,0
96540,1
96547,1
96549,0
96550,1
96554,1
96557,0
96560,0
96563,0
96565,1
96566,0
96567,1
96568,1
96571,0
96575,0
96577,1
96578,1
96579,0
96583,1
96586,1
96588,1
96593,1
96596,1
96598,1
96600,1
96602,1
96607,1
96609,1
96611,1
96612,1
96616,1
96620,0
96624,1
96625,0
96628,1
96632,1
96636,1
96639,1
96641,1
96645,6
96646,1
96647,1
96648,1
96656,1
96671,0
96674,0
96675,0
96676,0
96680,1
96681,1
96683,0
96684,1
96691,1
96695,1
96697,1
96700,0
96702,1
96709,1
96711,1
96713,1
96714,1
96715,0
96716,1
96720,1
96722,1
96728,1
96729,1
96731,1
96732,0
96733,1
96735,1
96740,1
96741,1
96743,1
96745,1
96751,1
96752,0
96756,1
96759,1
96760,1
96765,1
96766,1
96769,1
96771,1
96775,1
96777,1
96779,1
96780,0
96783,1
96787,1
96792,0
96795,0
96797,0
96803,0
96804,1
96809,1
96820,1
96822,0
96827,1
96829,1
96840,1
96843,1
96845,1
96846,1
96848,1
96850,0
96853,0
96855,1
96859,1
96860,1
96867,1
96869,0
96874,0
96879,0
96886,0
96887,1
96888,1
96894,1
96897,1
96898,1
96899,1
96902,1
96904,0
96906,0
96912,0
96914,1
96915,0
96916,1
96926,0
96932,1
96937,0
96939,1
96944,1
96946,1
96947,0
96953,1
96958,1
96963,1
96965,0
96969,1
96970,1
96971,1
96974,1
96981,1
96990,1
96992,1
96993,0
96994,1
96995,0
96996,1
96998,1
97000,1
97001,0
97005,1
97006,1
97007,1
97010,1
97012,1
97014,0
97019,1
97022,0
97025,0
97026,0
97028,0
97029,1
97031,1
97035,1
97037,1
97038,0
97039,1
97040,0
97044,1
97049,1
97051,1
97054,1
97055,1
97057,1
97063,1
97067,1
97068,0
97069,0
97071,0
97072,0
97075,1
97083,1
97084,0
97088,1
97089,0
97091,1
97093,0
97101,1
97103,1
97108,0
97114,1
97117,0
97118,0
97120,0
97122,1
97124,1
97125,1
97129,0
97130,0
97131,0
97132,1
97133,0
97135,0
97136,1
97137,1
97138,1
97144,1
97145,1
97149,0
97150,1
97151,1
97155,1
97157,0
97166,1
97170,0
97174,0
97175,1
97189,1
97191,0
97192,1
97193,1
97198,0
97202,0
97203,0
97204,1
97207,1
97208,1
97209,1
97215,1
97216,1
97218,0
97220,1
97222,1
97226,1
97231,1
97232,1
97235,1
97237,0
97241,1
97243,0
97245,1
97246,1
97248,1
97249,1
97250,0
97253,0
97254,1
97255,1
97256,0
97258,1
97262,1
97266,1
97267,1
97268,1
97271,1
97275,1
97277,1
97283,1
97292,0
97298,1
97303,1
97305,1
97306,1
97308,1
97313,1
97318,1
97322,0
97323,1
97330,1
97333,1
97338,1
97342,0
97343,1
97345,1
97351,1
97354,1
97355,0
97356,0
97357,0
97360,0
97361,0
97366,0
97367,1
97368,0
97377,1
97380,1
97381,1
97383,0
97386,1
97387,1
97394,1
97395,0
97396,1
97398,0
97399,1
97400,0
97401,0
97402,1
97405,0
97406,1
97409,0
97410,0
97413,0
97414,1
97415,1
97418,1
97422,0
97424,0
97425,0
97426,0
97432,0
97437,0
97438,0
97440,1
97442,1
97444,1
97445,1
97448,1
97450,0
97454,0
97457,1
97458,1
97460,1
97462,1
97463,1
97464,0
97467,0
97469,1
97475,0
97478,0
97480,0
97483,1
97484,0
97486,0
97491,1
97493,0
97495,1
97496,0
97497,1
97503,1
97504,1
97505,1
97507,1
97508,1
97510,1
97512,1
97515,1
97516,0
97519,1
97521,0
97527,0
97528,1
97534,1
97535,1
97537,1
97539,1
97543,1
97544,1
97547,1
97550,1
97552,1
97553,1
97554,0
97556,0
97557,1
97560,1
97565,0
97572,0
97573,1
97574,1
97576,0
97578,1
97579,0
97584,1
97587,1
97588,1
97589,0
97595,1
97606,0
97607,0
97609,1
97615,1
97619,1
97620,1
97621,0
97622,0
97624,1
97634,1
97635,1
97637,0
97639,0
97640,1
97641,1
97643,1
97645,0
97646,0
97647,0
97648,0
97651,1
97654,1
97655,1
97656,1
97657,1
97658,1
97662,1
97663,1
97666,1
97671,1
97677,1
97680,1
97686,1
97687,0
97692,0
97698,1
97701,1
97702,0
97703,1
97704,1
97705,1
97708,1
97710,1
97711,0
97714,0
97716,1
97717,1
97718,1
97722,1
97724,1
97729,0
97734,1
97738,1
97739,0
97743,1
97750,1
97752,1
97753,1
97766,0
97768,1
97771,0
97772,1
97774,0
97775,1
97781,1
97784,1
97787,0
97795,1
97798,1
97801,1
97806,1
97807,1
97808,1
97810,0
97814,0
97816,1
97819,1
97820,0
97822,1
97825,1
97826,1
97827,0
97828,1
97832,1
97834,1
97838,1
97842,0
97847,6
97848,1
97849,0
97853,1
97856,1
97857,1
97858,1
97860,0
97862,1
97866,0
97870,0
97872,0
97875,1
97880,1
97881,0
97884,0
97885,1
97887,1
97889,1
97890,0
97891,0
97892,1
97895,1
97896,1
97899,1
97901,0
97909,0
97912,1
97916,0
97918,0
97921,0
97922,1
97923,0
97925,0
97935,1
97936,0
97940,0
97942,1
97943,1
97945,1
97946,1
97947,1
97948,1
97953,0
97957,1
97965,1
97966,1
97970,1
97975,1
97977,1
97982,1
97987,0
97988,0
97999,1
98000,1
98001,1
98006,1
98007,1
98009,1
98011,0
98012,1
98019,1
98020,1
98022,1
98024,1
98027,1
98028,1
98029,1
98031,0
98033,1
98036,0
98037,1
98038,1
98053,0
98055,0
98056,1
98057,0
98058,1
98063,1
98064,1
98070,0
98071,0
98073,0
98080,1
98092,1
98095,0
98097,1
98098,1
98099,0
98106,0
98107,0
98108,1
98112,1
98113,0
98114,1
98116,1
98117,0
98119,1
98120,0
98122,1
98126,1
98131,1
98134,0
98141,1
98146,0
98148,1
98150,1
98154,1
98157,1
98159,0
98161,1
98162,0
98163,1
98166,1
98167,0
98169,1
98170,1
98174,0
98176,1
98181,1
98186,1
98187,1
98189,0
98195,1
98199,1
98203,1
98205,1
98206,1
98208,1
98210,0
98211,1
98212,1
98213,1
98214,1
98215,0
98216,1
98223,1
98225,1
98226,0
98227,1
98229,0
98230,1
98231,1
98233,0
98235,1
98236,1
98239,0
98240,1
98244,1
98245,0
98246,1
98247,0
98248,1
98250,1
98252,0
98257,1
98259,1
98260,0
98265,0
98271,0
98274,1
98275,0
98276,1
98277,1
98280,1
98283,1
98284,0
98296,1
98297,1
98299,0
98300,1
98303,1
98309,1
98310,0
98311,1
98315,0
98318,1
98321,0
98325,1
98335,1
98338,1
98341,0
98347,1
98352,1
98356,1
98363,1
98366,0
98377,1
98384,1
98388,0
98393,0
98396,0
98398,1
98401,1
98403,1
98404,0
98407,0
98413,0
98425,0
98428,1
98430,1
98431,1
98432,0
98434,1
98436,0
98442,1
98448,1
98450,0
98455,0
98457,1
98461,1
98462,1
98464,0
98466,1
98467,1
98469,0
98471,1
98472,0
98473,1
98474,1
98476,0
98477,1
98483,1
98484,1
98487,1
98489,1
98492,1
98496,0
98497,0
98499,1
98501,1
98502,0
98503,0
98505,0
98506,0
98507,1
98511,1
98515,1
98516,0
98517,0
98524,1
98525,0
98526,1
98527,0
98530,0
98532,1
98535,1
98536,0
98540,1
98542,1
98545,1
98550,1
98551,1
98552,0
98553,0
98555,0
98557,0
98559,1
98561,1
98563,1
98565,0
98566,1
98567,0
98569,1
98572,1
98575,1
98579,1
98581,1
98586,1
98587,0
98588,1
98589,6
98590,1
98593,0
98594,0
98600,1
98602,1
98603,1
98605,1
98607,0
98610,1
98615,0
98618,1
98620,1
98623,1
98626,1
98627,1
98629,0
98633,1
98636,1
98643,0
98645,0
98647,1
98655,0
98658,1
98661,1
98665,1
98666,1
98668,0
98669,1
98670,1
98673,1
98674,1
98675,1
98676,0
98679,1
98680,1
98682,1
98683,0
98684,0
98687,0
98688,1
98689,0
98690,1
98692,1
98693,0
98694,1
98697,1
98699,1
98701,1
98703,0
98704,0
98705,1
98710,0
98711,0
98712,0
98716,1
98717,1
98720,0
98721,0
98722,0
98723,0
98724,1
98729,1
98734,1
98738,1
98739,1
98740,1
98742,0
98746,1
98747,0
98752,0
98753,0
98756,0
98758,1
98760,1
98764,1
98767,1
98768,1
98769,1
98772,1
98781,0
98784,0
98786,1
98787,1
98789,0
98791,0
98792,1
98793,1
98794,0
98795,1
98797,0
98800,1
98805,1
98807,1
98808,0
98809,1
98810,0
98811,0
98813,1
98815,1
98816,0
98818,0
98819,1
98824,1
98826,0
98829,1
98835,1
98837,1
98838,0
98841,1
98842,0
98850,1
98854,1
98856,1
98857,0
98859,1
98861,1
98862,1
98863,0
98865,1
98866,1
98868,1
98870,1
98873,0
98876,1
98877,1
98883,1
98891,1
98894,0
98895,1
98896,1
98899,1
98901,1
98905,1
98907,0
98910,1
98917,1
98919,1
98921,1
98922,1
98924,0
98925,0
98926,0
98927,0
98929,1
98930,1
98935,0
98936,0
98938,0
98939,0
98944,1
98946,1
98953,1
98955,0
98957,1
98960,1
98962,0
98965,1
98966,1
98967,0
98973,1
98974,1
98975,1
98981,1
98985,0
98986,0
98992,1
98996,0
98997,1
99003,1
99004,1
99006,1
99008,0
99009,1
99011,1
99017,1
99021,0
99024,1
99025,0
99026,1
99028,1
99035,1
99036,1
99037,0
99038,0
99041,1
99045,1
99048,1
99050,1
99051,1
99052,1
99056,1
99058,1
99060,1
99063,1
99064,0
99065,0
99067,1
99070,0
99074,0
99076,0
99079,1
99081,0
99082,1
99086,1
99091,1
99098,0
99099,0
99100,0
99102,0
99103,1
99105,1
99107,1
99108,1
99114,1
99123,0
99129,1
99131,0
99132,1
99133,1
99135,1
99136,0
99137,0
99145,0
99146,1
99147,1
99150,0
99154,0
99156,0
99175,1
99176,0
99178,0
99180,0
99181,1
99182,0
99183,1
99185,0
99187,0
99188,1
99189,1
99191,0
99192,1
99199,1
99200,1
99201,1
99202,0
99203,1
99205,1
99209,1
99212,0
99213,0
99214,1
99215,1
99216,1
99217,0
99218,1
99221,1
99226,1
99230,1
99234,0
99237,1
99239,0
99243,0
99245,1
99248,1
99249,1
99253,0
99254,1
99255,1
99256,1
99259,1
99261,1
99263,0
99266,0
99269,0
99270,1
99285,0
99286,1
99288,0
99289,1
99290,1
99291,1
99293,1
99298,1
99299,1
99302,1
99303,1
99304,0
99308,1
99311,1
99313,0
99317,0
99321,1
99322,0
99328,0
99333,1
99335,1
99339,1
99341,0
99343,0
99346,1
99351,1
99352,1
99354,0
99355,1
99356,0
99357,1
99361,1
99367,0
99368,1
99369,1
99370,0
99378,0
99381,0
99382,0
99387,1
99389,0
99391,0
99400,1
99406,1
99407,1
99409,1
99410,0
99411,0
99413,0
99418,1
99422,1
99425,1
99427,1
99433,1
99434,1
99435,0
99437,1
99440,1
99441,0
99443,1
99448,1
99454,1
99455,0
99462,1
99466,1
99470,1
99471,1
99472,1
99478,1
99481,1
99482,0
99485,0
99486,1
99487,0
99488,1
99489,1
99495,1
99497,0
99506,1
99510,1
99511,1
99513,1
99517,1
99524,1
99525,1
99526,0
99528,0
99530,1
99534,1
99539,0
99540,1
99545,1
99546,0
99548,1
99550,1
99553,0
99556,1
99559,1
99566,1
99567,1
99568,0
99569,1
99571,0
99573,0
99581,1
99584,1
99587,1
99590,1
99591,1
99593,1
99594,1
99598,0
99599,1
99601,1
99602,1
99610,1
99611,1
99615,0
99618,0
99620,1
99622,4
99629,1
99631,1
99634,1
99638,1
99641,1
99643,1
99647,0
99648,1
99649,1
99653,1
99659,1
99660,0
99662,1
99665,0
99666,1
99667,0
99672,1
99673,0
99674,1
99675,0
99677,1
99679,1
99680,0
99685,1
99690,1
99695,1
99696,0
99698,0
99699,1
99701,0
99702,0
99708,1
99709,1
99719,6
99723,1
99724,1
99727,0
99732,0
99733,1
99734,0
99737,1
99738,0
99739,1
99746,0
99747,0
99750,1
99752,1
99753,1
99757,0
99760,0
99763,1
99769,1
99771,1
99772,6
99782,1
99785,0
99788,1
99790,0
99791,0
99792,1
99798,0
99805,0
99807,1
99810,0
99812,1
99815,1
99817,0
99818,1
99824,1
99825,1
99829,0
99832,0
99839,1
99840,0
99845,0
99846,0
99850,0
99852,0
99859,0
99860,0
99865,1
99873,1
99875,0
99880,0
99882,1
99883,0
99888,0
99889,1
99896,1
99900,1
99901,1
99902,0
99904,0
99910,0
99911,1
99913,1
99914,1
99915,1
99920,0
99924,1
99929,1
99933,0
99935,1
99936,1
99937,1
99941,1
99942,0
99944,0
99945,1
99948,1
99949,1
99951,1
99952,1
99953,0
99968,1
99970,1
99972,0
99975,1
99976,1
99977,0
99978,1
99980,1
99981,1
99982,0
99984,1
99985,0
99989,1
99991,1
99992,1
99995,1
100002,0
100003,1
100004,4
100008,1
100012,1
100014,1
100015,1
100018,0
100019,1
100020,1
100023,1
100031,1
100036,1
100038,0
100039,0
100042,1
100047,0
100048,1
100050,1
100051,0
100055,1
100059,0
100060,1
100062,1
100066,0
100069,0
100071,1
100073,0
100075,1
100076,1
100078,0
100081,0
100086,0
100087,0
100088,1
100090,0
100091,1
100095,0
100102,0
100104,1
100106,1
100107,1
100119,1
100131,1
100133,0
100134,0
100136,0
100143,0
100145,0
100146,1
100147,1
100150,1
100153,0
100161,1
100162,0
100165,0
100166,0
100169,1
100171,1
100173,1
100175,0
100176,1
100185,0
100190,1
100193,1
100196,0
100198,1
100199,0
100204,0
100205,1
100206,0
100212,0
100213,1
100215,1
100219,1
100222,0
100223,1
100234,1
100237,1
100240,1
100241,1
100243,1
100252,0
100253,1
100254,0
100256,0
100262,0
100265,0
100268,1
100269,0
100271,0
100272,1
100274,1
100278,1
100279,0
100282,0
100284,1
100289,1
100290,1
100291,1
100292,1
100293,1
100294,1
100297,1
100298,1
100304,0
100305,0
100307,1
100308,1
100310,1
100312,1
100314,1
100315,0
100316,1
100317,1
100323,1
100325,1
100326,1
100330,1
100331,1
100333,0
100335,1
100336,1
100338,1
100339,1
100341,1
100343,1
100346,1
100347,1
100349,0
100350,1
100352,1
100354,0
100356,1
100359,1
100363,0
100368,1
100370,1
100371,1
100375,1
100376,1
100379,1
100381,1
100387,1
100389,0
100392,0
100394,1
100397,1
100402,0
100403,0
100404,1
100406,1
100407,1
100408,0
100412,0
100413,0
100420,0
100421,1
100422,1
100424,0
100428,1
100429,1
100434,1
100440,1
100444,0
100449,1
100452,1
100458,1
100459,1
100460,0
100464,1
100465,0
100467,0
100469,1
100470,0
100476,1
100477,1
100478,1
100483,0
100484,0
100488,1
100499,1
100503,1
100504,1
100505,0
100507,0
100510,1
100512,1
100513,0
100514,1
100517,1
100523,1
100527,1
100528,1
100532,1
100533,1
100535,0
100539,0
100543,1
100549,1
100551,0
100552,1
100558,1
100562,1
100564,0
100568,1
100578,1
100579,1
100587,1
100589,1
100591,1
100597,1
100598,1
100605,1
100606,0
100607,1
100609,1
100610,1
100614,0
100616,0
100620,1
100625,0
100627,0
100632,1
100637,0
100638,1
100640,0
100644,1
100647,1
100648,0
100649,1
100651,0
100655,0
100657,1
100658,0
100659,1
100661,1
100662,0
100663,1
100664,1
100667,1
100671,1
100674,1
100677,1
100683,1
100689,0
100695,1
100697,0
100699,0
100701,1
100702,1
100705,0
100706,0
100707,1
100708,1
100713,0
100719,1
100722,0
100728,0
100733,1
100734,1
100735,1
100736,1
100740,0
100741,1
100742,0
100745,0
100748,0
100750,1
100753,1
100758,1
100760,1
100763,0
100766,1
100768,1
100772,1
100773,1
100776,0
100787,1
100788,0
100789,0
100791,1
100792,1
100793,1
100795,1
100797,0
100801,1
100802,1
100804,1
100807,0
100808,1
100811,1
100813,1
100815,1
100818,0
100820,1
100822,0
100825,1
100826,0
100828,1
100832,0
100833,1
100834,0
100835,1
100836,1
100837,1
100838,1
100842,1
100845,0
100847,0
100849,1
100852,1
100854,1
100858,0
100862,1
100863,1
100870,0
100871,1
100873,1
100877,1
100886,1
100890,1
100891,1
100892,1
100893,0
100896,0
100901,0
100904,1
100908,0
100910,1
100911,1
100913,0
100914,1
100917,1
100918,1
100922,1
100924,0
100927,1
100928,0
100933,1
100935,1
100936,0
100938,1
100941,0
100942,0
100945,0
100955,0
100956,0
100957,1
100958,1
100961,0
100963,1
100965,1
100969,0
100974,1
100977,0
100978,1
100980,1
100983,1
100984,1
100986,1
100987,1
100991,1
100992,1
100999,0
101003,1
101005,1
101011,1
101013,0
101014,1
101020,1
101022,1
101029,1
101030,1
101031,1
101033,0
101036,1
101037,1
101039,0
101040,1
101041,1
101042,1
101045,1
101047,0
101053,0
101054,1
101056,1
101058,1
101062,1
101065,0
101072,1
101074,0
101075,1
101078,1
101080,0
101081,1
101086,0
101090,0
101092,0
101096,1
101099,1
101105,0
101107,1
101108,1
101111,1
101112,0
101115,0
101117,1
101119,0
101123,1
101125,0
101126,0
101132,0
101134,1
101138,1
101142,0
101149,0
101157,1
101162,0
101164,0
101166,1
101167,0
101168,1
101171,0
101173,0
101174,0
101180,0
101184,0
101187,1
101190,0
101196,1
101198,0
101202,0
101205,1
101206,0
101209,1
101214,1
101215,0
101216,0
101219,1
101222,1
101224,1
101225,1
101226,1
101229,1
101230,1
101231,0
101232,1
101233,0
101235,0
101237,1
101238,1
101240,1
101243,1
101244,1
101248,1
101252,1
101254,0
101255,1
101256,1
101259,0
101262,0
101264,0
101267,1
101271,1
101279,1
101280,0
101281,0
101284,0
101285,0
101286,0
101288,0
101293,1
101300,1
101303,1
101308,0
101312,1
101313,1
101321,1
101324,1
101327,1
101337,1
101338,0
101340,1
101344,0
101346,0
101349,1
101352,1
101358,0
101360,1
101366,1
101367,1
101368,0
101369,1
101370,1
101372,1
101373,0
101376,1
101379,0
101381,1
101390,1
101392,0
101393,1
101394,1
101397,0
101400,1
101402,1
101403,1
101405,1
101408,0
101413,1
101414,1
101416,1
101418,0
101419,1
101421,1
101422,0
101423,1
101424,1
101427,1
101429,1
101432,1
101434,1
101435,1
101438,0
101439,0
101448,1
101451,1
101453,0
101457,1
101461,0
101464,0
101473,1
101474,1
101479,0
101482,0
101483,0
101488,1
101489,1
101490,0
101496,1
101497,0
101499,1
101500,1
101502,0
101510,0
101513,1
101518,1
101520,0
101529,1
101533,1
101535,1
101536,1
101538,0
101540,1
101542,0
101543,0
101556,0
101558,1
101560,1
101561,1
101564,1
101566,0
101580,1
101582,1
101584,0
101591,1
101592,1
101594,1
101595,0
101596,1
101599,0
101600,1
101601,1
101603,1
101604,0
101606,0
101613,1
101614,0
101620,1
101623,1
101625,0
101629,1
101630,1
101632,0
101633,1
101634,0
101637,0
101641,1
101643,1
101644,0
101656,1
101657,0
101659,0
101660,1
101662,1
101665,0
101670,0
101671,1
101672,1
101673,1
101674,1
101679,1
101680,1
101686,1
101687,1
101692,1
101697,1
101702,0
101706,0
101708,0
101709,1
101711,1
101712,1
101715,1
101716,1
101719,0
101721,1
101735,0
101736,0
101741,1
101742,0
101743,1
101749,0
101751,0
101754,0
101756,1
101758,1
101759,1
101765,1
101766,1
101772,1
101776,1
101777,1
101782,0
101786,1
101789,1
101793,1
101794,0
101799,1
101800,0
101802,1
101805,1
101809,0
101813,0
101815,0
101817,0
101819,1
101824,1
101826,1
101827,1
101830,1
101831,0
101832,0
101835,1
101837,0
101841,1
101846,1
101849,0
101850,1
101856,0
101857,1
101859,1
101861,0
101862,1
101865,0
101866,1
101867,0
101874,0
101882,0
101883,0
101890,1
101894,1
101895,0
101896,1
101904,1
101907,1
101912,1
101915,0
101916,0
101925,1
101927,1
101928,0
101930,1
101934,0
101935,1
101939,1
101941,1
101944,0
101945,1
101946,0
101948,1
101953,1
101955,1
101957,1
101958,1
101959,0
101960,1
101962,0
101963,0
101964,1
101968,1
101970,1
101971,1
101975,1
101977,1
101981,0
101983,0
101984,1
101985,1
101994,1
102000,0
102003,0
102007,1
102009,1
102010,1
102012,1
102018,1
102019,1
102020,1
102029,0
102031,1
102037,0
102052,0
102054,1
102055,1
102056,1
102062,0
102063,0
102065,1
102067,0
102070,1
102072,0
102073,1
102074,1
102075,1
102079,1
102087,0
102088,0
102091,0
102102,0
102106,1
102108,0
102114,1
102116,1
102118,0
102120,1
102122,1
102125,1
102127,0
102129,0
102132,0
102133,1
102134,1
102135,1
102138,1
102142,0
102144,1
102145,0
102146,0
102147,1
102151,0
102153,1
102156,1
102165,0
102167,1
102168,1
102170,1
102171,1
102172,1
102174,1
102177,1
102178,0
102183,0
102185,1
102186,1
102191,0
102193,1
102196,1
102201,0
102203,0
102204,1
102205,1
102209,1
102214,1
102217,0
102225,1
102226,0
102227,1
102232,1
102233,0
102235,0
102237,1
102241,0
102242,0
102243,1
102244,1
102250,0
102253,0
102255,0
102259,1
102265,1
102266,0
102267,0
102268,1
102269,0
102271,0
102272,0
102275,1
102280,1
102281,0
102282,0
102292,0
102294,0
102299,1
102304,1
102310,1
102314,1
102317,0
102322,0
102324,1
102327,1
102329,1
102331,0
102343,0
102347,1
102348,1
102350,1
102351,1
102352,1
102355,1
102356,1
102358,1
102360,1
102373,1
102377,1
102382,1
102386,1
102391,1
102394,0
102398,1
102400,1
102402,0
102404,0
102410,1
102412,0
102416,1
102419,1
102427,1
102434,1
102436,0
102441,0
102443,1
102445,1
102450,1
102457,1
102462,1
102464,0
102466,1
102474,1
102475,0
102478,1
102479,1
102480,1
102482,1
102486,0
102487,1
102489,0
102493,1
102496,1
102498,0
102503,0
102504,0
102505,0
102508,0
102509,0
102513,0
102516,1
102520,0
102527,1
102528,1
102529,1
102534,1
102537,1
102540,1
102548,0
102549,1
102551,1
102553,0
102556,1
102562,0
102565,0
102567,1
102573,0
102575,1
102576,1
102580,0
102583,1
102585,1
102586,0
102591,1
102594,0
102595,1
102597,0
102598,0
102599,1
102600,1
102604,1
102606,1
102607,0
102608,1
102610,1
102612,0
102613,1
102614,1
102616,1
102620,0
102622,1
102625,1
102628,0
102629,1
102634,1
102636,0
102642,1
102647,0
102650,1
102651,0
102655,1
102658,1
102659,1
102664,1
102671,1
102673,1
102674,1
102678,1
102680,0
102681,1
102686,0
102695,0
102696,0
102698,1
102700,0
102701,1
102709,1
102710,1
102716,0
102717,1
102723,1
102728,1
102741,1
102744,1
102745,1
102749,1
102752,1
102755,0
102757,0
102759,0
102760,1
102763,0
102767,1
102770,0
102774,1
102784,1
102789,0
102799,0
102800,0
102801,1
102802,0
102808,0
102809,1
102810,0
102811,1
102812,1
102813,1
102817,0
102819,1
102826,0
102827,1
102828,0
102829,0
102836,1
102837,1
102840,1
102845,0
102847,1
102857,0
102865,1
102872,1
102874,0
102880,0
102881,1
102885,0
102889,1
102895,0
102896,1
102898,0
102902,0
102903,1
102904,0
102905,1
102908,0
102914,1
102917,1
102920,1
102924,1
102927,1
102928,1
102931,1
102932,1
102933,1
102935,1
102938,0
102939,1
102941,1
102943,1
102944,1
102951,0
102952,1
102954,1
102956,0
102959,1
102961,1
102962,1
102967,0
102968,0
102973,1
102975,1
102979,1
102983,1
102984,1
102985,1
102987,0
102988,1
102992,0
102995,1
102996,0
102997,1
102999,1
103004,1
103006,1
103015,1
103017,1
103018,0
103020,0
103021,1
103022,0
103023,0
103025,1
103026,1
103038,1
103040,0
103042,0
103043,0
103044,0
103045,1
103046,0
103047,1
103048,0
103050,1
103053,1
103054,1
103056,1
103060,1
103062,0
103065,1
103067,0
103069,1
103071,1
103075,1
103076,1
103077,1
103079,1
103082,0
103083,1
103087,0
103090,1
103092,1
103093,1
103094,0
103096,1
103100,1
103104,0
103108,0
103113,0
103116,0
103117,0
103119,1
103120,0
103123,1
103130,0
103134,0
103142,0
103143,1
103144,1
103149,1
103151,0
103152,1
103153,0
103155,1
103156,1
103158,0
103159,1
103161,1
103162,1
103168,1
103172,1
103176,1
103178,0
103179,0
103180,0
103185,1
103189,0
103193,0
103195,0
103196,1
103197,0
103201,0
103205,1
103208,0
103210,1
103212,1
103214,1
103216,1
103217,1
103220,0
103223,1
103224,1
103226,1
103229,0
103231,1
103236,0
103237,1
103238,1
103245,1
103246,0
103252,1
103253,0
103256,1
103259,1
103260,1
103261,1
103265,0
103270,1
103271,1
103274,6
103275,0
103279,1
103280,0
103282,0
103283,1
103285,1
103293,1
103294,1
103295,1
103302,1
103304,0
103306,0
103307,1
103310,1
103311,1
103316,1
103325,1
103327,1
103329,1
103330,0
103335,1
103336,1
103339,0
103340,1
103342,1
103343,0
103349,1
103354,1
103364,0
103372,1
103381,0
103382,1
103385,1
103388,1
103389,1
103391,1
103410,0
103416,0
103417,0
103423,0
103431,1
103437,1
103440,1
103443,0
103449,1
103450,0
103454,1
103455,1
103460,1
103461,1
103463,0
103464,1
103466,1
103467,1
103469,1
103472,1
103475,0
103485,1
103489,0
103490,1
103491,1
103492,1
103494,0
103496,1
103500,1
103504,1
103505,0
103507,0
103522,0
103524,0
103525,0
103527,1
103530,1
103531,1
103532,1
103534,0
103536,1
103537,0
103538,0
103542,0
103545,1
103547,1
103552,1
103555,1
103557,1
103558,0
103563,0
103565,0
103567,0
103573,1
103574,0
103577,1
103578,0
103581,1
103584,1
103586,1
103587,1
103591,0
103597,0
103601,1
103602,1
103606,1
103609,1
103612,0
103613,1
103617,0
103629,1
103632,0
103635,0
103638,0
103641,1
103643,0
103644,0
103646,0
103647,1
103653,0
103654,1
103658,1
103666,1
103672,0
103675,0
103676,1
103677,1
103678,0
103681,1
103683,1
103684,1
103687,0
103689,1
103690,1
103694,1
103699,1
103704,1
103707,0
103708,1
103709,1
103710,0
103715,1
103716,1
103717,0
103718,1
103720,1
103721,1
103727,1
103728,1
103731,0
103733,1
103735,0
103737,1
103738,1
103740,1
103745,1
103748,0
103750,0
103758,0
103765,0
103766,1
103767,0
103768,1
103769,1
103770,0
103774,0
103779,0
103783,0
103784,0
103787,1
103788,1
103790,0
103792,0
103793,0
103799,0
103800,0
103801,1
103803,1
103814,1
103818,1
103821,1
103829,0
103830,1
103836,1
103838,1
103840,0
103841,1
103843,1
103849,1
103851,1
103854,0
103855,1
103860,0
103862,1
103865,1
103867,0
103868,1
103870,1
103872,1
103873,1
103875,0
103878,1
103883,1
103885,1
103886,0
103888,0
103889,1
103890,0
103891,1
103894,0
103895,1
103898,1
103903,1
103904,0
103909,1
103914,1
103917,0
103920,0
103922,1
103923,1
103927,1
103928,1
103932,1
103936,1
103937,1
103938,1
103948,1
103950,1
103951,0
103952,6
103955,1
103958,0
103960,1
103968,1
103970,1
103971,1
103972,0
103973,1
103975,1
103976,0
103980,1
103983,1
103984,1
103989,0
103991,1
103992,1
103994,0
103997,1
103999,1
104015,1
104018,1
104020,0
104022,0
104026,1
104032,0
104034,1
104035,0
104036,1
104039,1
104042,1
104043,1
104049,1
104052,1
104054,0
104055,0
104056,0
104061,1
104065,0
104067,1
104072,1
104073,1
104074,0
104075,1
104076,1
104077,1
104078,0
104081,1
104083,0
104088,0
104093,0
104094,1
104095,1
104098,1
104099,0
104103,0
104104,1
104105,1
104108,0
104114,1
104116,0
104118,0
104119,0
104122,0
104123,0
104126,0
104127,0
104132,0
104134,0
104136,1
104138,1
104142,0
104145,0
104148,1
104150,1
104151,1
104154,0
104157,0
104160,1
104162,0
104165,1
104167,1
104168,1
104170,1
104177,1
104181,1
104182,1
104185,1
104191,0
104194,1
104197,0
104199,1
104201,1
104202,1
104203,0
104206,1
104211,0
104218,1
104219,0
104220,0
104221,0
104222,1
104225,1
104226,1
104227,1
104229,1
104237,0
104239,1
104240,1
104241,1
104242,1
104244,1
104246,1
104252,0
104254,0
104256,1
104261,0
104266,1
104268,1
104270,1
104272,0
104277,1
104278,0
104279,0
104280,1
104282,0
104284,0
104290,0
104294,1
104297,0
104304,1
104305,1
104306,0
104311,1
104312,1
104315,1
104316,0
104325,1
104331,0
104338,1
104341,1
104343,1
104344,0
104346,1
104348,1
104350,0
104351,0
104355,1
104356,1
104358,1
104361,1
104364,1
104371,1
104373,1
104374,1
104375,0
104378,1
104380,1
104382,0
104387,1
104389,0
104390,1
104392,1
104395,1
104396,0
104397,1
104400,1
104402,1
104408,0
104410,0
104417,0
104421,1
104422,1
104423,1
104424,0
104426,1
104428,1
104430,0
104431,1
104434,1
104435,1
104438,0
104441,0
104444,0
104445,1
104457,1
104459,1
104462,1
104463,1
104464,1
104470,1
104472,1
104473,1
104475,0
104477,0
104483,0
104486,1
104488,1
104489,1
104493,1
104494,1
104495,0
104496,0
104504,1
104507,0
104508,1
104509,1
104514,0
104515,0
104516,0
104518,0
104521,0
104523,1
104527,0
104530,1
104533,1
104534,0
104535,0
104536,1
104538,1
104539,0
104542,1
104544,0
104545,1
104548,1
104549,1
104554,1
104555,0
104559,0
104564,1
104567,0
104568,1
104571,0
104579,1
104580,1
104581,0
104585,1
104588,1
104592,1
104594,1
104595,0
104597,1
104598,1
104599,1
104602,0
104611,1
104615,1
104616,1
104617,1
104619,1
104620,1
104622,1
104623,1
104626,1
104627,1
104628,0
104632,1
104633,1
104635,0
104639,0
104643,1
104644,0
104647,1
104654,0
104658,1
104659,1
104664,1
104665,0
104667,1
104670,1
104671,0
104675,0
104677,0
104678,1
104683,1
104684,0
104690,1
104693,1
104694,1
104695,0
104699,1
104706,0
104711,1
104712,1
104717,1
104722,1
104723,1
104724,0
104725,0
104729,0
104731,1
104736,0
104738,0
104740,1
104744,1
104751,0
104754,0
104755,1
104756,0
104757,1
104759,0
104765,0
104768,1
104772,1
104773,1
104777,1
104778,1
104785,1
104786,1
104787,0
104789,0
104790,1
104791,1
104798,1
104810,0
104811,1
104812,1
104819,1
104820,1
104823,0
104833,1
104840,1
104841,1
104842,1
104846,1
104850,1
104851,0
104852,0
104853,0
104855,0
104856,0
104862,1
104863,1
104865,1
104867,1
104868,1
104869,0
104871,1
104874,1
104876,1
104878,1
104883,0
104884,1
104891,0
104892,1
104896,1
104898,1
104901,1
104902,1
104903,1
104906,0
104908,0
104909,0
104913,1
104915,1
104921,0
104922,1
104925,0
104926,1
104927,1
104932,1
104935,1
104941,1
104942,1
104943,1
104947,1
104949,0
104950,1
104951,0
104953,0
104956,1
104961,0
104964,0
104966,0
104968,0
104969,0
104972,1
104973,1
104974,1
104976,1
104983,1
104988,1
104992,1
104995,0
104996,1
105000,1
105003,1
105008,1
105009,0
105010,1
105015,1
105019,0
105020,0
105022,0
105026,1
105029,0
105030,1
105033,1
105034,1
105036,0
105037,1
105045,1
105049,0
105055,0
105057,1
105061,1
105062,0
105070,0
105078,1
105079,0
105081,1
105082,1
105083,0
105089,1
105090,0
105095,1
105098,1
105100,1
105101,1
105102,1
105104,0
105106,0
105107,1
105108,1
105110,0
105112,0
105117,1
105118,1
105124,1
105125,0
105127,0
105128,0
105129,1
105131,0
105132,0
105134,1
105135,1
105137,0
105140,0
105145,0
105147,0
105148,0
105149,1
105150,1
105157,0
105159,0
105162,1
105175,0
105176,1
105179,1
105181,1
105186,1
105187,1
105188,1
105190,0
105191,0
105192,1
105195,1
105196,1
105201,1
105202,1
105205,1
105209,0
105212,0
105215,0
105217,0
105220,1
105223,0
105229,1
105232,1
105239,1
105241,1
105242,1
105243,1
105245,0
105249,0
105258,1
105261,0
105266,1
105270,0
105272,1
105278,1
105280,1
105282,1
105283,1
105284,1
105287,1
105294,1
105298,0
105299,0
105301,0
105302,1
105303,1
105309,1
105311,0
105313,1
105317,1
105321,1
105325,1
105326,1
105329,1
105334,1
105336,1
105338,0
105340,0
105342,1
105343,0
105345,0
105346,1
105348,0
105349,0
105350,0
105351,0
105352,1
105353,1
105355,1
105356,1
105359,1
105363,1
105364,0
105365,0
105367,1
105372,1
105373,1
105375,0
105380,1
105381,0
105384,1
105386,1
105388,0
105390,1
105399,1
105403,1
105404,0
105406,0
105407,0
105415,0
105419,0
105423,1
105426,1
105429,0
105430,1
105431,1
105433,1
105434,0
105435,1
105436,1
105437,1
105438,1
105439,1
105441,0
105442,1
105444,0
105450,1
105451,0
105460,0
105461,1
105464,1
105465,0
105468,0
105470,1
105471,1
105473,1
105476,1
105477,1
105479,1
105483,0
105486,0
105487,1
105488,0
105490,0
105491,0
105492,1
105494,0
105495,1
105496,0
105499,0
105505,1
105514,1
105515,1
105516,1
105519,0
105522,0
105525,1
105526,0
105527,1
105528,1
105529,0
105534,0
105535,1
105541,0
105542,1
105550,0
105553,0
105556,0
105567,1
105569,1
105571,1
105573,1
105574,1
105575,0
105578,0
105579,0
105580,1
105581,1
105582,1
105584,1
105585,1
105586,0
105588,1
105595,1
105598,1
105600,1
105602,1
105605,0
105606,1
105607,0
105608,0
105613,1
105617,1
105623,0
105624,1
105626,1
105631,1
105633,0
105634,0
105640,1
105644,1
105647,1
105651,1
105658,1
105661,1
105663,1
105671,0
105672,1
105673,1
105677,0
105680,0
105685,0
105686,0
105687,1
105689,1
105691,1
105695,1
105697,0
105701,0
105706,0
105712,0
105713,0
105715,0
105716,0
105719,0
105721,0
105727,1
105730,0
105738,1
105740,1
105743,1
105744,1
105746,1
105747,0
105751,1
105752,0
105757,1
105761,1
105767,0
105769,1
105773,0
105779,0
105782,1
105783,1
105784,1
105786,1
105789,0
105791,0
105795,1
105803,0
105806,1
105809,1
105819,1
105824,1
105831,1
105832,1
105833,0
105834,0
105835,0
105842,1
105843,1
105845,0
105847,0
105849,1
105850,0
105855,1
105860,0
105863,1
105866,1
105873,0
105874,0
105878,1
105879,0
105884,1
105886,1
105892,0
105895,0
105896,1
105903,1
105905,0
105906,0
105907,1
105909,1
105911,1
105912,1
105914,1
105915,1
105916,0
105917,1
105921,0
105922,0
105923,0
105924,1
105925,1
105926,1
105927,1
105928,0
105930,0
105932,1
105933,0
105934,1
105945,1
105948,0
105949,0
105957,0
105958,0
105959,1
105964,1
105966,0
105968,1
105969,1
105973,1
105976,0
105978,0
105980,1
105981,1
105982,1
105983,1
105986,0
105990,1
105991,0
105993,0
105994,0
105995,0
106008,1
106009,0
106014,1
106015,0
106019,1
106023,1
106029,1
106033,0
106034,1
106039,1
106040,1
106041,1
106042,1
106044,1
106045,1
106050,1
106051,1
106052,0
106056,1
106057,1
106060,0
106066,1
106075,1
106082,0
106085,0
106088,1
106094,0
106095,0
106096,1
106098,1
106103,0
106107,1
106109,1
106110,1
106114,1
106115,1
106122,0
106123,0
106131,0
106132,1
106136,1
106142,1
106147,1
106148,1
106149,0
106156,1
106159,0
106160,0
106162,0
106163,1
106165,1
106168,1
106170,1
106177,1
106179,1
106180,1
106181,1
106186,1
106192,1
106193,0
106194,1
106196,0
106197,1
106200,1
106202,0
106203,0
106205,0
106207,1
106208,1
106209,0
106213,0
106215,1
106216,0
106218,0
106221,1
106222,0
106227,1
106228,0
106230,1
106234,0
106239,0
106244,1
106245,1
106248,0
106250,0
106253,1
106254,0
106256,1
106258,0
106268,0
106271,1
106279,1
106285,1
106286,0
106287,1
106291,0
106293,1
106296,1
106299,1
106300,0
106302,1
106305,1
106306,1
106307,1
106308,0
106309,1
106315,1
106316,1
106321,1
106324,0
106327,1
106333,1
106334,1
106337,1
106338,1
106341,0
106345,0
106350,1
106353,1
106356,1
106358,1
106361,1
106362,1
106370,1
106373,0
106379,0
106386,1
106388,0
106390,1
106394,1
106395,1
106397,0
106400,0
106402,1
106403,0
106408,0
106414,1
106415,1
106418,1
106421,1
106425,0
106428,1
106432,1
106434,0
106439,0
106440,1
106445,1
106447,0
106449,1
106450,0
106454,1
106456,0
106458,0
106459,0
106461,1
106462,0
106464,1
106468,0
106470,1
106473,1
106479,1
106485,0
106488,0
106493,1
106496,0
106499,1
106501,1
106503,1
106509,0
106511,1
106514,1
106516,1
106518,1
106519,1
106520,0
106522,1
106528,0
106529,1
106537,0
106539,1
106541,1
106543,1
106544,0
106547,1
106549,0
106552,0
106556,0
106557,1
106561,0
106562,1
106564,0
106565,1
106566,1
106568,1
106569,0
106570,0
106575,0
106579,1
106581,0
106583,1
106586,1
106588,1
106593,1
106598,1
106601,1
106602,0
106604,1
106607,1
106608,1
106609,1
106611,1
106612,1
106616,0
106627,1
106628,0
106632,1
106634,1
106638,1
106640,1
106648,1
106649,1
106652,1
106654,0
106657,0
106659,0
106660,1
106663,1
106667,1
106670,1
106673,0
106674,1
106675,1
106680,1
106682,0
106685,1
106690,1
106693,0
106694,1
106696,1
106697,1
106702,1
106703,0
106712,1
106718,1
106723,0
106724,1
106725,1
106727,1
106728,0
106735,0
106736,1
106738,0
106743,1
106749,1
106750,0
106751,0
106752,0
106754,1
106757,1
106758,1
106759,1
106761,1
106766,1
106767,0
106770,1
106771,1
106772,0
106775,0
106776,1
106787,1
106789,1
106792,0
106793,1
106795,1
106806,1
106807,1
106812,1
106814,1
106815,0
106818,1
106819,1
106822,1
106825,1
106826,0
106827,1
106828,1
106830,0
106832,0
106835,0
106838,1
106839,0
106846,1
106847,0
106848,0
106849,0
106851,1
106854,1
106858,0
106862,0
106863,0
106870,0
106874,1
106876,0
106878,0
106881,0
106889,0
106890,0
106893,1
106894,1
106897,1
106898,0
106904,1
106910,0
106916,0
106917,0
106919,0
106924,1
106926,1
106933,0
106935,0
106936,1
106938,1
106939,1
106941,1
106945,0
106950,0
106953,1
106954,1
106955,1
106956,1
106957,0
106959,0
106960,1
106966,1
106967,0
106972,1
106973,1
106979,0
106980,1
106981,0
106982,0
106987,1
106988,1
106989,0
106990,1
106991,1
106992,1
106993,1
106994,0
106995,0
106997,1
107000,0
107007,1
107009,1
107012,0
107013,1
107019,0
107023,0
107034,1
107036,0
107037,1
107043,0
107047,1
107053,1
107054,0
107062,0
107064,0
107066,0
107071,0
107076,1
107077,0
107079,0
107081,0
107082,0
107085,1
107087,1
107088,1
107089,0
107098,1
107100,0
107104,1
107109,1
107111,1
107113,1
107114,0
107117,1
107118,1
107119,1
107128,1
107130,0
107131,1
107133,0
107135,1
107136,1
107139,0
107140,1
107144,1
107145,0
107146,1
107147,1
107149,1
107153,0
107155,1
107162,0
107163,1
107164,0
107165,0
107167,1
107168,1
107171,0
107174,0
107180,1
107181,1
107187,1
107188,0
107192,1
107194,0
107196,1
107198,0
107200,0
107201,1
107211,1
107212,1
107214,0
107215,1
107216,1
107217,1
107229,1
107230,0
107231,0
107233,1
107235,1
107239,1
107243,0
107244,1
107245,0
107250,1
107251,0
107252,1
107253,1
107254,1
107255,1
107259,1
107260,0
107261,0
107263,0
107265,0
107268,1
107270,1
107271,1
107273,1
107274,0
107277,1
107282,1
107284,0
107291,1
107294,1
107295,0
107300,0
107302,1
107303,1
107305,1
107306,1
107307,1
107316,0
107319,0
107321,1
107322,1
107323,1
107324,0
107327,1
107330,1
107333,1
107334,1
107335,0
107340,1
107343,1
107346,0
107348,1
107349,1
107355,0
107359,1
107360,1
107363,1
107366,0
107367,1
107370,0
107375,0
107379,0
107383,1
107386,1
107387,0
107390,0
107402,0
107408,1
107409,1
107413,0
107414,0
107416,1
107420,0
107422,1
107423,0
107424,0
107425,1
107429,1
107431,0
107433,1
107436,1
107438,0
107439,1
107441,1
107443,1
107444,1
107447,0
107448,0
107450,1
107452,0
107455,0
107456,0
107457,1
107459,1
107461,0
107462,1
107463,0
107466,0
107468,0
107469,1
107483,1
107490,0
107493,0
107502,1
107503,1
107505,1
107507,1
107512,1
107513,0
107519,0
107521,1
107525,1
107528,0
107531,1
107532,0
107533,1
107536,1
107537,0
107538,0
107539,0
107541,1
107544,1
107545,0
107546,1
107548,1
107551,1
107553,1
107555,1
107560,0
107562,0
107564,1
107568,1
107572,0
107575,1
107578,1
107579,0
107580,1
107582,0
107585,1
107586,0
107587,0
107588,1
107593,1
107595,1
107601,0
107605,1
107606,0
107607,0
107614,1
107617,0
107619,0
107620,1
107624,1
107627,1
107628,1
107629,1
107630,0
107636,0
107638,0
107639,0
107640,0
107641,1
107644,0
107646,0
107647,1
107649,0
107656,0
107658,1
107664,0
107666,1
107670,1
107672,1
107676,1
107679,1
107683,1
107688,0
107689,1
107691,0
107693,1
107695,0
107699,0
107702,1
107703,1
107707,0
107708,1
107716,0
107717,0
107720,1
107722,0
107723,1
107728,1
107730,0
107731,1
107735,1
107737,1
107738,1
107740,0
107741,0
107744,1
107746,1
107747,0
107748,0
107749,0
107751,0
107756,1
107758,1
107762,0
107764,0
107765,1
107766,0
107767,0
107768,1
107769,1
107776,1
107777,1
107779,1
107780,0
107781,0
107784,0
107787,0
107789,1
107790,1
107791,1
107792,0
107795,0
107797,0
107798,0
107799,1
107801,0
107802,0
107804,1
107809,1
107811,1
107812,1
107814,0
107815,1
107818,1
107819,1
107821,0
107823,1
107827,1
107835,1
107836,0
107837,6
107841,1
107845,1
107852,0
107854,1
107856,1
107859,1
107861,1
107862,0
107864,1
107868,1
107869,1
107873,1
107879,1
107883,1
107884,1
107885,1
107888,1
107892,1
107893,0
107896,1
107898,0
107900,1
107901,1
107908,0
107909,0
107913,0
107914,1
107915,0
107916,0
107917,1
107918,0
107921,1
107924,0
107925,1
107926,0
107927,0
107928,0
107929,1
107932,1
107934,0
107939,1
107940,1
107943,1
107945,0
107948,1
107954,1
107955,1
107957,0
107959,0
107963,1
107964,0
107965,1
107968,1
107971,1
107973,0
107974,1
107975,1
107976,0
107978,0
107982,1
107984,1
107985,1
107988,0
107993,1
107996,0
107998,6
108001,1
108004,1
108006,1
108009,0
108013,1
108014,1
108017,0
108025,0
108026,0
108033,0
108034,1
108035,0
108038,0
108046,0
108048,1
108053,1
108054,0
108060,1
108062,0
108063,0
108064,1
108065,1
108067,1
108071,1
108074,0
108075,1
108077,1
108078,0
108081,0
108082,1
108085,0
108086,1
108088,1
108089,0
108096,1
108099,1
108100,1
108101,1
108102,1
108103,0
108110,1
108116,0
108120,0
108123,0
108127,0
108129,0
108131,0
108133,0
108134,0
108135,1
108136,1
108140,0
108142,1
108144,0
108146,1
108149,0
108151,0
108152,0
108160,0
108161,1
108167,0
108170,1
108176,1
108177,0
108178,1
108181,0
108182,0
108183,1
108184,0
108188,0
108189,0
108192,0
108193,0
108194,1
108196,1
108198,0
108199,0
108200,0
108201,1
108203,0
108204,1
108205,1
108206,0
108212,1
108213,1
108216,1
108217,0
108219,1
108221,0
108223,1
108224,1
108226,1
108228,0
108229,1
108232,0
108233,0
108239,1
108241,0
108243,0
108244,1
108246,1
108247,1
108250,0
108252,0
108255,1
108256,0
108261,1
108262,0
108271,0
108276,1
108281,1
108283,1
108287,0
108290,0
108297,0
108306,1
108307,0
108308,1
108310,1
108312,0
108316,1
108319,1
108321,1
108324,1
108326,0
108332,0
108336,1
108338,0
108340,0
108341,1
108342,0
108343,1
108347,1
108348,0
108349,1
108352,0
108354,1
108359,0
108360,1
108362,0
108363,0
108365,0
108366,0
108369,1
108370,1
108375,0
108376,1
108378,1
108381,1
108382,1
108383,1
108385,1
108388,0
108390,1
108395,1
108400,1
108402,1
108403,1
108408,0
108410,1
108413,0
108418,1
108419,0
108420,0
108421,0
108425,1
108426,1
108427,1
108429,1
108430,1
108435,1
108437,0
108438,1
108440,1
108446,1
108455,1
108457,1
108459,0
108463,0
108465,1
108466,1
108469,1
108470,0
108471,1
108475,1
108479,1
108480,0
108483,0
108488,1
108490,0
108491,1
108492,1
108493,0
108497,1
108502,1
108504,0
108507,1
108508,0
108511,0
108513,0
108515,1
108517,1
108519,0
108520,1
108525,1
108528,1
108529,1
108531,0
108538,0
108539,0
108541,0
108542,0
108545,0
108548,0
108549,1
108550,1
108551,1
108552,0
108553,0
108554,1
108564,1
108565,1
108571,0
108576,0
108577,1
108582,0
108585,1
108586,0
108587,1
108589,0
108594,1
108598,1
108602,1
108608,1
108610,1
108611,0
108618,1
108620,0
108624,0
108625,0
108628,0
108629,0
108633,1
108638,1
108640,0
108641,0
108643,1
108648,0
108649,0
108650,1
108651,1
108653,1
108654,1
108655,1
108656,1
108657,0
108658,0
108660,1
108662,0
108663,0
108667,1
108671,0
108672,0
108673,0
108675,0
108676,1
108678,1
108689,1
108690,0
108698,1
108699,0
108703,1
108715,0
108717,1
108718,0
108721,0
108723,1
108726,1
108728,1
108730,1
108733,0
108737,0
108738,1
108741,0
108743,1
108746,0
108751,0
108759,1
108771,1
108773,1
108781,0
108783,0
108786,1
108790,1
108793,1
108794,0
108798,0
108802,0
108804,0
108808,1
108812,1
108814,0
108820,0
108821,0
108831,1
108832,1
108834,1
108839,1
108840,1
108844,1
108846,1
108851,1
108853,0
108855,1
108856,1
108858,0
108859,1
108861,1
108863,1
108864,0
108866,1
108867,0
108870,1
108872,0
108875,0
108877,1
108879,0
108881,1
108883,0
108884,0
108888,0
108890,1
108892,1
108893,0
108895,1
108897,1
108899,1
108900,0
108902,1
108903,0
108904,0
108905,0
108910,1
108913,0
108914,0
108918,1
108920,1
108923,0
108926,1
108933,1
108938,0
108940,0
108942,0
108943,0
108945,0
108947,1
108951,1
108954,1
108962,1
108963,1
108970,0
108971,1
108972,1
108979,1
108982,1
108983,1
108984,1
108991,0
108995,1
109000,0
109002,0
109003,1
109005,1
109007,1
109008,0
109010,0
109018,0
109020,0
109021,0
109023,1
109031,0
109032,0
109033,0
109034,1
109035,0
109036,0
109038,0
109041,1
109045,0
109046,1
109050,0
109053,1
109054,1
109056,1
109058,1
109059,1
109063,1
109072,0
109078,0
109081,0
109082,0
109085,1
109086,0
109087,0
109098,1
109099,0
109103,1
109104,0
109106,0
109108,0
109110,0
109112,1
109114,0
109115,0
109117,0
109119,1
109127,0
109128,0
109130,1
109137,1
109140,1
